ID,GPLNumber,ComparisonVector,RawColumnNames,FCColumnNames,Title,Year,Profiling Resource,Tissue,Disease,Species,Donor count,Website,DataType,Technology,DownloadMetaData,DownloadRawData,GEO2R,RunInfoFile,Description,Resources
GSE205645,GPL23126,0000000111111XXXXXXXXXXXXXXXXXXXXXXX,GSE205645_Liver_GSM6215924;GSE205645_Liver_GSM6215925;GSE205645_Liver_GSM6215926;GSE205645_Liver_GSM6215927;GSE205645_Liver_GSM6215928;GSE205645_Liver_GSM6215929;GSE205645_Liver_GSM6215930;GSE205645_Liver_GSM6215931;GSE205645_Liver_GSM6215932;GSE205645_Liver_GSM6215933;GSE205645_Liver_GSM6215934;GSE205645_Liver_GSM6215935;GSE205645_Liver_GSM6215936;GSE205645_Liver_GSM6215937;GSE205645_Liver_GSM6215938;GSE205645_Liver_GSM6215939;GSE205645_Liver_GSM6215940;GSE205645_Liver_GSM6215941;GSE205645_Liver_GSM6215942;GSE205645_Liver_GSM6215943;GSE205645_Liver_GSM6215944;GSE205645_Liver_GSM6215945;GSE205645_Liver_GSM6215946;GSE205645_Liver_GSM6215947;GSE205645_Liver_GSM6215948;GSE205645_Liver_GSM6215949;GSE205645_Liver_GSM6215950;GSE205645_Liver_GSM6215951;GSE205645_Liver_GSM6215952;GSE205645_Liver_GSM6215953;GSE205645_Liver_GSM6215954;GSE205645_Liver_GSM6215955;GSE205645_Liver_GSM6215956;GSE205645_Liver_GSM6215957;GSE205645_Liver_GSM6215958;GSE205645_Liver_GSM6215959,"NASH-Ctrl_logFC,NASH-Ctrl_Pvalue,NASH-Ctrl_AdjPValue",,2022,Affymetrix Human Clariom D Assay,Kidney,NASH,Human,36,https://www.ncbi.nlm.nih.gov/geo/query/acc.cgi?acc=GSE205645,BulkExpressionProfile,Array,TRUE,TRUE,TRUE,NA,,
GSE205645,GPL23126,0000000XXXXXX11111XXXXXXXXXXXXXXXXXX,GSE205645_Liver_GSM6215924;GSE205645_Liver_GSM6215925;GSE205645_Liver_GSM6215926;GSE205645_Liver_GSM6215927;GSE205645_Liver_GSM6215928;GSE205645_Liver_GSM6215929;GSE205645_Liver_GSM6215930;GSE205645_Liver_GSM6215931;GSE205645_Liver_GSM6215932;GSE205645_Liver_GSM6215933;GSE205645_Liver_GSM6215934;GSE205645_Liver_GSM6215935;GSE205645_Liver_GSM6215936;GSE205645_Liver_GSM6215937;GSE205645_Liver_GSM6215938;GSE205645_Liver_GSM6215939;GSE205645_Liver_GSM6215940;GSE205645_Liver_GSM6215941;GSE205645_Liver_GSM6215942;GSE205645_Liver_GSM6215943;GSE205645_Liver_GSM6215944;GSE205645_Liver_GSM6215945;GSE205645_Liver_GSM6215946;GSE205645_Liver_GSM6215947;GSE205645_Liver_GSM6215948;GSE205645_Liver_GSM6215949;GSE205645_Liver_GSM6215950;GSE205645_Liver_GSM6215951;GSE205645_Liver_GSM6215952;GSE205645_Liver_GSM6215953;GSE205645_Liver_GSM6215954;GSE205645_Liver_GSM6215955;GSE205645_Liver_GSM6215956;GSE205645_Liver_GSM6215957;GSE205645_Liver_GSM6215958;GSE205645_Liver_GSM6215959,"NAFLD-Ctrl_logFC,NAFLD-Ctrl_Pvalue,NAFLD-Ctrl_AdjPValue",,2022,Affymetrix Human Clariom D Assay,Kidney,NASH,Human,36,https://www.ncbi.nlm.nih.gov/geo/query/acc.cgi?acc=GSE205645,BulkExpressionProfile,Array,FALSE,FALSE,TRUE,NA,,
GSE96971,GPL14951,",000000000111111111",GSE96971_Liver_GSM2547018;GSE96971_Liver_GSM2547019;GSE96971_Liver_GSM2547020;GSE96971_Liver_GSM2547021;GSE96971_Liver_GSM2547022;GSE96971_Liver_GSM2547023;GSE96971_Liver_GSM2547024;GSE96971_Liver_GSM2547025;GSE96971_Liver_GSM2547026;GSE96971_Liver_GSM2547027;GSE96971_Liver_GSM2547028;GSE96971_Liver_GSM2547029;GSE96971_Liver_GSM2547030;GSE96971_Liver_GSM2547031;GSE96971_Liver_GSM2547032;GSE96971_Liver_GSM2547033;GSE96971_Liver_GSM2547034;GSE96971_Liver_GSM2547035,"n3PUFA-Baseline_logFC,n3PUFA-Baseline_Pvalue,n3PUFA-Baseline_AdjPValue",,2019,Illumina HumanHT-12 WG-DASL V4.0 R2 expression beadchip,Liver,NASH,Human,18,https://www.ncbi.nlm.nih.gov/geo/query/acc.cgi?acc=GSE96971,BulkExpressionProfile,Array,TRUE,TRUE,TRUE,NA,,
GSE83452,GPL16686,"XXXX11XXX1X1XX01XX0XXX1XXX01XX10XX1XXXXXXX11XX101X,1XXX1XXXXXXXXX110XX1XX1XXXX11XXXXXX1XX10XX1XXX1XXX,XXXXXXX1XX1XXXXXXXXX1X1X1XXX1XXXXXXXXX1XX1XXXXXXXX,XXX1XXX0XX1XXXXX0XXXXX0X10X1XX0XX11X1XX01X11XX1XXX,XXXX1X1X1XXX11XXXXXXXX11XXXXX1X",GSE83452_LIVER_GSM2203254;GSE83452_LIVER_GSM2203255;GSE83452_LIVER_GSM2203256;GSE83452_LIVER_GSM2203257;GSE83452_LIVER_GSM2203258;GSE83452_LIVER_GSM2203259;GSE83452_LIVER_GSM2203260;GSE83452_LIVER_GSM2203261;GSE83452_LIVER_GSM2203262;GSE83452_LIVER_GSM2203263;GSE83452_LIVER_GSM2203264;GSE83452_LIVER_GSM2203265;GSE83452_LIVER_GSM2203266;GSE83452_LIVER_GSM2203267;GSE83452_LIVER_GSM2203268;GSE83452_LIVER_GSM2203269;GSE83452_LIVER_GSM2203270;GSE83452_LIVER_GSM2203271;GSE83452_LIVER_GSM2203272;GSE83452_LIVER_GSM2203273;GSE83452_LIVER_GSM2203274;GSE83452_LIVER_GSM2203275;GSE83452_LIVER_GSM2203276;GSE83452_LIVER_GSM2203277;GSE83452_LIVER_GSM2203278;GSE83452_LIVER_GSM2203279;GSE83452_LIVER_GSM2203280;GSE83452_LIVER_GSM2203281;GSE83452_LIVER_GSM2203282;GSE83452_LIVER_GSM2203283;GSE83452_LIVER_GSM2203284;GSE83452_LIVER_GSM2203285;GSE83452_LIVER_GSM2203286;GSE83452_LIVER_GSM2203287;GSE83452_LIVER_GSM2203288;GSE83452_LIVER_GSM2203289;GSE83452_LIVER_GSM2203290;GSE83452_LIVER_GSM2203291;GSE83452_LIVER_GSM2203292;GSE83452_LIVER_GSM2203293;GSE83452_LIVER_GSM2203294;GSE83452_LIVER_GSM2203295;GSE83452_LIVER_GSM2203296;GSE83452_LIVER_GSM2203297;GSE83452_LIVER_GSM2203298;GSE83452_LIVER_GSM2203299;GSE83452_LIVER_GSM2203300;GSE83452_LIVER_GSM2203301;GSE83452_LIVER_GSM2203302;GSE83452_LIVER_GSM2203303;GSE83452_LIVER_GSM2203304;GSE83452_LIVER_GSM2203305;GSE83452_LIVER_GSM2203306;GSE83452_LIVER_GSM2203307;GSE83452_LIVER_GSM2203308;GSE83452_LIVER_GSM2203309;GSE83452_LIVER_GSM2203310;GSE83452_LIVER_GSM2203311;GSE83452_LIVER_GSM2203312;GSE83452_LIVER_GSM2203313;GSE83452_LIVER_GSM2203314;GSE83452_LIVER_GSM2203315;GSE83452_LIVER_GSM2203316;GSE83452_LIVER_GSM2203317;GSE83452_LIVER_GSM2203318;GSE83452_LIVER_GSM2203319;GSE83452_LIVER_GSM2203320;GSE83452_LIVER_GSM2203321;GSE83452_LIVER_GSM2203322;GSE83452_LIVER_GSM2203323;GSE83452_LIVER_GSM2203324;GSE83452_LIVER_GSM2203325;GSE83452_LIVER_GSM2203326;GSE83452_LIVER_GSM2203327;GSE83452_LIVER_GSM2203328;GSE83452_LIVER_GSM2203329;GSE83452_LIVER_GSM2203330;GSE83452_LIVER_GSM2203331;GSE83452_LIVER_GSM2203332;GSE83452_LIVER_GSM2203333;GSE83452_LIVER_GSM2203334;GSE83452_LIVER_GSM2203335;GSE83452_LIVER_GSM2203336;GSE83452_LIVER_GSM2203337;GSE83452_LIVER_GSM2203338;GSE83452_LIVER_GSM2203339;GSE83452_LIVER_GSM2203340;GSE83452_LIVER_GSM2203341;GSE83452_LIVER_GSM2203342;GSE83452_LIVER_GSM2203343;GSE83452_LIVER_GSM2203344;GSE83452_LIVER_GSM2203345;GSE83452_LIVER_GSM2203346;GSE83452_LIVER_GSM2203347;GSE83452_LIVER_GSM2203348;GSE83452_LIVER_GSM2203349;GSE83452_LIVER_GSM2203350;GSE83452_LIVER_GSM2203351;GSE83452_LIVER_GSM2203352;GSE83452_LIVER_GSM2203353;GSE83452_LIVER_GSM2203354;GSE83452_LIVER_GSM2203355;GSE83452_LIVER_GSM2203356;GSE83452_LIVER_GSM2203357;GSE83452_LIVER_GSM2203358;GSE83452_LIVER_GSM2203359;GSE83452_LIVER_GSM2203360;GSE83452_LIVER_GSM2203361;GSE83452_LIVER_GSM2203362;GSE83452_LIVER_GSM2203363;GSE83452_LIVER_GSM2203364;GSE83452_LIVER_GSM2203365;GSE83452_LIVER_GSM2203366;GSE83452_LIVER_GSM2203367;GSE83452_LIVER_GSM2203368;GSE83452_LIVER_GSM2203369;GSE83452_LIVER_GSM2203370;GSE83452_LIVER_GSM2203371;GSE83452_LIVER_GSM2203372;GSE83452_LIVER_GSM2203373;GSE83452_LIVER_GSM2203374;GSE83452_LIVER_GSM2203375;GSE83452_LIVER_GSM2203376;GSE83452_LIVER_GSM2203377;GSE83452_LIVER_GSM2203378;GSE83452_LIVER_GSM2203379;GSE83452_LIVER_GSM2203380;GSE83452_LIVER_GSM2203381;GSE83452_LIVER_GSM2203382;GSE83452_LIVER_GSM2203383;GSE83452_LIVER_GSM2203384;GSE83452_LIVER_GSM2203385;GSE83452_LIVER_GSM2203386;GSE83452_LIVER_GSM2203387;GSE83452_LIVER_GSM2203388;GSE83452_LIVER_GSM2203389;GSE83452_LIVER_GSM2203390;GSE83452_LIVER_GSM2203391;GSE83452_LIVER_GSM2203392;GSE83452_LIVER_GSM2203393;GSE83452_LIVER_GSM2203394;GSE83452_LIVER_GSM2203395;GSE83452_LIVER_GSM2203396;GSE83452_LIVER_GSM2203397;GSE83452_LIVER_GSM2203398;GSE83452_LIVER_GSM2203399;GSE83452_LIVER_GSM2203400;GSE83452_LIVER_GSM2203401;GSE83452_LIVER_GSM2203402;GSE83452_LIVER_GSM2203403;GSE83452_LIVER_GSM2203404;GSE83452_LIVER_GSM2203405;GSE83452_LIVER_GSM2203406;GSE83452_LIVER_GSM2203407;GSE83452_LIVER_GSM2203408;GSE83452_LIVER_GSM2203409;GSE83452_LIVER_GSM2203410;GSE83452_LIVER_GSM2203411;GSE83452_LIVER_GSM2203412;GSE83452_LIVER_GSM2203413;GSE83452_LIVER_GSM2203414;GSE83452_LIVER_GSM2203415;GSE83452_LIVER_GSM2203416;GSE83452_LIVER_GSM2203417;GSE83452_LIVER_GSM2203418;GSE83452_LIVER_GSM2203419;GSE83452_LIVER_GSM2203420;GSE83452_LIVER_GSM2203421;GSE83452_LIVER_GSM2203422;GSE83452_LIVER_GSM2203423;GSE83452_LIVER_GSM2203424;GSE83452_LIVER_GSM2203425;GSE83452_LIVER_GSM2203426;GSE83452_LIVER_GSM2203427;GSE83452_LIVER_GSM2203428;GSE83452_LIVER_GSM2203429;GSE83452_LIVER_GSM2203430;GSE83452_LIVER_GSM2203431;GSE83452_LIVER_GSM2203432;GSE83452_LIVER_GSM2203433;GSE83452_LIVER_GSM2203434;GSE83452_LIVER_GSM2203435;GSE83452_LIVER_GSM2203436;GSE83452_LIVER_GSM2203437;GSE83452_LIVER_GSM2203438;GSE83452_LIVER_GSM2203439;GSE83452_LIVER_GSM2203440;GSE83452_LIVER_GSM2203441;GSE83452_LIVER_GSM2203442;GSE83452_LIVER_GSM2203443;GSE83452_LIVER_GSM2203444;GSE83452_LIVER_GSM2203445;GSE83452_LIVER_GSM2203446;GSE83452_LIVER_GSM2203447;GSE83452_LIVER_GSM2203448;GSE83452_LIVER_GSM2203449;GSE83452_LIVER_GSM2203450;GSE83452_LIVER_GSM2203451;GSE83452_LIVER_GSM2203452;GSE83452_LIVER_GSM2203453;GSE83452_LIVER_GSM2203454;GSE83452_LIVER_GSM2203455;GSE83452_LIVER_GSM2203456;GSE83452_LIVER_GSM2203457;GSE83452_LIVER_GSM2203458;GSE83452_LIVER_GSM2203459;GSE83452_LIVER_GSM2203460;GSE83452_LIVER_GSM2203461;GSE83452_LIVER_GSM2203462;GSE83452_LIVER_GSM2203463;GSE83452_LIVER_GSM2203464;GSE83452_LIVER_GSM2203465;GSE83452_LIVER_GSM2203466;GSE83452_LIVER_GSM2203467;GSE83452_LIVER_GSM2203468;GSE83452_LIVER_GSM2203469;GSE83452_LIVER_GSM2203470;GSE83452_LIVER_GSM2203471;GSE83452_LIVER_GSM2203472;GSE83452_LIVER_GSM2203473;GSE83452_LIVER_GSM2203474;GSE83452_LIVER_GSM2203475;GSE83452_LIVER_GSM2203476;GSE83452_LIVER_GSM2203477;GSE83452_LIVER_GSM2203478;GSE83452_LIVER_GSM2203479;GSE83452_LIVER_GSM2203480;GSE83452_LIVER_GSM2203481;GSE83452_LIVER_GSM2203482;GSE83452_LIVER_GSM2203483;GSE83452_LIVER_GSM2203484,"NASHDiet-NoNASHDiet_logFC,NASHDiet-NoNASHDiet_Pvalue,NASHDiet-NoNASHDiet_AdjPValue","Lefebvre P, Lalloyer F, Baugé E, Pawlak M et al. JCI Insight PMID: 28679947",2016,Affymetrix Human Gene 2.0 ST Array,Liver,NASH,Human,213,https://www.ncbi.nlm.nih.gov/geo/query/acc.cgi?acc=GSE83452,BulkExpressionProfile,Array,TRUE,TRUE,TRUE,NA,,
GSE83452,GPL16686,"01XXXXXXXXXXXXXXXXX0XXX1XXXXXXXXXXX1XX01XXXXXXXXXX,X1XXXX1XXXXXXXXXXXXXXXXXXXXXXXXXXX1XXXXXXXX0XXX10X,XX01XX0XXXX0XX1XXX1XXXXXX111X1011X1X11X11X00110111,101X1X0XXXXX1001X01100X1XX1X0XX1XXX1XXXXX1XX11X111,1001X0X0X001XX01101111XXX110XX0",GSE83452_LIVER_GSM2203254;GSE83452_LIVER_GSM2203255;GSE83452_LIVER_GSM2203256;GSE83452_LIVER_GSM2203257;GSE83452_LIVER_GSM2203258;GSE83452_LIVER_GSM2203259;GSE83452_LIVER_GSM2203260;GSE83452_LIVER_GSM2203261;GSE83452_LIVER_GSM2203262;GSE83452_LIVER_GSM2203263;GSE83452_LIVER_GSM2203264;GSE83452_LIVER_GSM2203265;GSE83452_LIVER_GSM2203266;GSE83452_LIVER_GSM2203267;GSE83452_LIVER_GSM2203268;GSE83452_LIVER_GSM2203269;GSE83452_LIVER_GSM2203270;GSE83452_LIVER_GSM2203271;GSE83452_LIVER_GSM2203272;GSE83452_LIVER_GSM2203273;GSE83452_LIVER_GSM2203274;GSE83452_LIVER_GSM2203275;GSE83452_LIVER_GSM2203276;GSE83452_LIVER_GSM2203277;GSE83452_LIVER_GSM2203278;GSE83452_LIVER_GSM2203279;GSE83452_LIVER_GSM2203280;GSE83452_LIVER_GSM2203281;GSE83452_LIVER_GSM2203282;GSE83452_LIVER_GSM2203283;GSE83452_LIVER_GSM2203284;GSE83452_LIVER_GSM2203285;GSE83452_LIVER_GSM2203286;GSE83452_LIVER_GSM2203287;GSE83452_LIVER_GSM2203288;GSE83452_LIVER_GSM2203289;GSE83452_LIVER_GSM2203290;GSE83452_LIVER_GSM2203291;GSE83452_LIVER_GSM2203292;GSE83452_LIVER_GSM2203293;GSE83452_LIVER_GSM2203294;GSE83452_LIVER_GSM2203295;GSE83452_LIVER_GSM2203296;GSE83452_LIVER_GSM2203297;GSE83452_LIVER_GSM2203298;GSE83452_LIVER_GSM2203299;GSE83452_LIVER_GSM2203300;GSE83452_LIVER_GSM2203301;GSE83452_LIVER_GSM2203302;GSE83452_LIVER_GSM2203303;GSE83452_LIVER_GSM2203304;GSE83452_LIVER_GSM2203305;GSE83452_LIVER_GSM2203306;GSE83452_LIVER_GSM2203307;GSE83452_LIVER_GSM2203308;GSE83452_LIVER_GSM2203309;GSE83452_LIVER_GSM2203310;GSE83452_LIVER_GSM2203311;GSE83452_LIVER_GSM2203312;GSE83452_LIVER_GSM2203313;GSE83452_LIVER_GSM2203314;GSE83452_LIVER_GSM2203315;GSE83452_LIVER_GSM2203316;GSE83452_LIVER_GSM2203317;GSE83452_LIVER_GSM2203318;GSE83452_LIVER_GSM2203319;GSE83452_LIVER_GSM2203320;GSE83452_LIVER_GSM2203321;GSE83452_LIVER_GSM2203322;GSE83452_LIVER_GSM2203323;GSE83452_LIVER_GSM2203324;GSE83452_LIVER_GSM2203325;GSE83452_LIVER_GSM2203326;GSE83452_LIVER_GSM2203327;GSE83452_LIVER_GSM2203328;GSE83452_LIVER_GSM2203329;GSE83452_LIVER_GSM2203330;GSE83452_LIVER_GSM2203331;GSE83452_LIVER_GSM2203332;GSE83452_LIVER_GSM2203333;GSE83452_LIVER_GSM2203334;GSE83452_LIVER_GSM2203335;GSE83452_LIVER_GSM2203336;GSE83452_LIVER_GSM2203337;GSE83452_LIVER_GSM2203338;GSE83452_LIVER_GSM2203339;GSE83452_LIVER_GSM2203340;GSE83452_LIVER_GSM2203341;GSE83452_LIVER_GSM2203342;GSE83452_LIVER_GSM2203343;GSE83452_LIVER_GSM2203344;GSE83452_LIVER_GSM2203345;GSE83452_LIVER_GSM2203346;GSE83452_LIVER_GSM2203347;GSE83452_LIVER_GSM2203348;GSE83452_LIVER_GSM2203349;GSE83452_LIVER_GSM2203350;GSE83452_LIVER_GSM2203351;GSE83452_LIVER_GSM2203352;GSE83452_LIVER_GSM2203353;GSE83452_LIVER_GSM2203354;GSE83452_LIVER_GSM2203355;GSE83452_LIVER_GSM2203356;GSE83452_LIVER_GSM2203357;GSE83452_LIVER_GSM2203358;GSE83452_LIVER_GSM2203359;GSE83452_LIVER_GSM2203360;GSE83452_LIVER_GSM2203361;GSE83452_LIVER_GSM2203362;GSE83452_LIVER_GSM2203363;GSE83452_LIVER_GSM2203364;GSE83452_LIVER_GSM2203365;GSE83452_LIVER_GSM2203366;GSE83452_LIVER_GSM2203367;GSE83452_LIVER_GSM2203368;GSE83452_LIVER_GSM2203369;GSE83452_LIVER_GSM2203370;GSE83452_LIVER_GSM2203371;GSE83452_LIVER_GSM2203372;GSE83452_LIVER_GSM2203373;GSE83452_LIVER_GSM2203374;GSE83452_LIVER_GSM2203375;GSE83452_LIVER_GSM2203376;GSE83452_LIVER_GSM2203377;GSE83452_LIVER_GSM2203378;GSE83452_LIVER_GSM2203379;GSE83452_LIVER_GSM2203380;GSE83452_LIVER_GSM2203381;GSE83452_LIVER_GSM2203382;GSE83452_LIVER_GSM2203383;GSE83452_LIVER_GSM2203384;GSE83452_LIVER_GSM2203385;GSE83452_LIVER_GSM2203386;GSE83452_LIVER_GSM2203387;GSE83452_LIVER_GSM2203388;GSE83452_LIVER_GSM2203389;GSE83452_LIVER_GSM2203390;GSE83452_LIVER_GSM2203391;GSE83452_LIVER_GSM2203392;GSE83452_LIVER_GSM2203393;GSE83452_LIVER_GSM2203394;GSE83452_LIVER_GSM2203395;GSE83452_LIVER_GSM2203396;GSE83452_LIVER_GSM2203397;GSE83452_LIVER_GSM2203398;GSE83452_LIVER_GSM2203399;GSE83452_LIVER_GSM2203400;GSE83452_LIVER_GSM2203401;GSE83452_LIVER_GSM2203402;GSE83452_LIVER_GSM2203403;GSE83452_LIVER_GSM2203404;GSE83452_LIVER_GSM2203405;GSE83452_LIVER_GSM2203406;GSE83452_LIVER_GSM2203407;GSE83452_LIVER_GSM2203408;GSE83452_LIVER_GSM2203409;GSE83452_LIVER_GSM2203410;GSE83452_LIVER_GSM2203411;GSE83452_LIVER_GSM2203412;GSE83452_LIVER_GSM2203413;GSE83452_LIVER_GSM2203414;GSE83452_LIVER_GSM2203415;GSE83452_LIVER_GSM2203416;GSE83452_LIVER_GSM2203417;GSE83452_LIVER_GSM2203418;GSE83452_LIVER_GSM2203419;GSE83452_LIVER_GSM2203420;GSE83452_LIVER_GSM2203421;GSE83452_LIVER_GSM2203422;GSE83452_LIVER_GSM2203423;GSE83452_LIVER_GSM2203424;GSE83452_LIVER_GSM2203425;GSE83452_LIVER_GSM2203426;GSE83452_LIVER_GSM2203427;GSE83452_LIVER_GSM2203428;GSE83452_LIVER_GSM2203429;GSE83452_LIVER_GSM2203430;GSE83452_LIVER_GSM2203431;GSE83452_LIVER_GSM2203432;GSE83452_LIVER_GSM2203433;GSE83452_LIVER_GSM2203434;GSE83452_LIVER_GSM2203435;GSE83452_LIVER_GSM2203436;GSE83452_LIVER_GSM2203437;GSE83452_LIVER_GSM2203438;GSE83452_LIVER_GSM2203439;GSE83452_LIVER_GSM2203440;GSE83452_LIVER_GSM2203441;GSE83452_LIVER_GSM2203442;GSE83452_LIVER_GSM2203443;GSE83452_LIVER_GSM2203444;GSE83452_LIVER_GSM2203445;GSE83452_LIVER_GSM2203446;GSE83452_LIVER_GSM2203447;GSE83452_LIVER_GSM2203448;GSE83452_LIVER_GSM2203449;GSE83452_LIVER_GSM2203450;GSE83452_LIVER_GSM2203451;GSE83452_LIVER_GSM2203452;GSE83452_LIVER_GSM2203453;GSE83452_LIVER_GSM2203454;GSE83452_LIVER_GSM2203455;GSE83452_LIVER_GSM2203456;GSE83452_LIVER_GSM2203457;GSE83452_LIVER_GSM2203458;GSE83452_LIVER_GSM2203459;GSE83452_LIVER_GSM2203460;GSE83452_LIVER_GSM2203461;GSE83452_LIVER_GSM2203462;GSE83452_LIVER_GSM2203463;GSE83452_LIVER_GSM2203464;GSE83452_LIVER_GSM2203465;GSE83452_LIVER_GSM2203466;GSE83452_LIVER_GSM2203467;GSE83452_LIVER_GSM2203468;GSE83452_LIVER_GSM2203469;GSE83452_LIVER_GSM2203470;GSE83452_LIVER_GSM2203471;GSE83452_LIVER_GSM2203472;GSE83452_LIVER_GSM2203473;GSE83452_LIVER_GSM2203474;GSE83452_LIVER_GSM2203475;GSE83452_LIVER_GSM2203476;GSE83452_LIVER_GSM2203477;GSE83452_LIVER_GSM2203478;GSE83452_LIVER_GSM2203479;GSE83452_LIVER_GSM2203480;GSE83452_LIVER_GSM2203481;GSE83452_LIVER_GSM2203482;GSE83452_LIVER_GSM2203483;GSE83452_LIVER_GSM2203484,"NASHBariatricSurgery-NoNASHBariatricSurgery_logFC,NASHBariatricSurgery-NoNASHBariatricSurgery_Pvalue,NASHBariatricSurgery-NoNASHBariatricSurgery_AdjPValue","Lefebvre P, Lalloyer F, Baugé E, Pawlak M et al. JCI Insight PMID: 28679947",2016,Affymetrix Human Gene 2.0 ST Array,Liver,NASH,Human,213,https://www.ncbi.nlm.nih.gov/geo/query/acc.cgi?acc=GSE83452,BulkExpressionProfile,Array,FALSE,FALSE,TRUE,NA,,
GSE89632,GPL14951,1X111111XX1XX11XXX1X1XXX1111X1XXXXX1X00000000000000001000100000,GSE89632_LIVER_GSM2385720;GSE89632_LIVER_GSM2385721;GSE89632_LIVER_GSM2385722;GSE89632_LIVER_GSM2385723;GSE89632_LIVER_GSM2385724;GSE89632_LIVER_GSM2385725;GSE89632_LIVER_GSM2385726;GSE89632_LIVER_GSM2385727;GSE89632_LIVER_GSM2385728;GSE89632_LIVER_GSM2385729;GSE89632_LIVER_GSM2385730;GSE89632_LIVER_GSM2385731;GSE89632_LIVER_GSM2385732;GSE89632_LIVER_GSM2385733;GSE89632_LIVER_GSM2385734;GSE89632_LIVER_GSM2385735;GSE89632_LIVER_GSM2385736;GSE89632_LIVER_GSM2385737;GSE89632_LIVER_GSM2385738;GSE89632_LIVER_GSM2385739;GSE89632_LIVER_GSM2385740;GSE89632_LIVER_GSM2385741;GSE89632_LIVER_GSM2385742;GSE89632_LIVER_GSM2385743;GSE89632_LIVER_GSM2385744;GSE89632_LIVER_GSM2385745;GSE89632_LIVER_GSM2385746;GSE89632_LIVER_GSM2385747;GSE89632_LIVER_GSM2385748;GSE89632_LIVER_GSM2385749;GSE89632_LIVER_GSM2385750;GSE89632_LIVER_GSM2385751;GSE89632_LIVER_GSM2385752;GSE89632_LIVER_GSM2385753;GSE89632_LIVER_GSM2385754;GSE89632_LIVER_GSM2385755;GSE89632_LIVER_GSM2385756;GSE89632_LIVER_GSM2385757;GSE89632_LIVER_GSM2385758;GSE89632_LIVER_GSM2385759;GSE89632_LIVER_GSM2385760;GSE89632_LIVER_GSM2385761;GSE89632_LIVER_GSM2385762;GSE89632_LIVER_GSM2385763;GSE89632_LIVER_GSM2385764;GSE89632_LIVER_GSM2385765;GSE89632_LIVER_GSM2385766;GSE89632_LIVER_GSM2385767;GSE89632_LIVER_GSM2385768;GSE89632_LIVER_GSM2385769;GSE89632_LIVER_GSM2385770;GSE89632_LIVER_GSM2385771;GSE89632_LIVER_GSM2385772;GSE89632_LIVER_GSM2385773;GSE89632_LIVER_GSM2385774;GSE89632_LIVER_GSM2385775;GSE89632_LIVER_GSM2385776;GSE89632_LIVER_GSM2385777;GSE89632_LIVER_GSM2385778;GSE89632_LIVER_GSM2385779;GSE89632_LIVER_GSM2385780;GSE89632_LIVER_GSM2385781;GSE89632_LIVER_GSM2385782,"SimpleSteatosis-HealthyControl_logFC,SimpleSteatosis-HealthyControl_Pvalue,SimpleSteatosis-HealthyControl_AdjPValue","Arendt BM, Comelli EM, Ma DW, Lou W et al. Hepatology PMID: 25581263",2016,Illumina HumanHT-12 WG-DASL V4.0 R2 expression beadchip,Liver,NASH,Human,63,https://www.ncbi.nlm.nih.gov/geo/query/acc.cgi?acc=GSE89632,BulkExpressionProfile,Array,TRUE,TRUE,TRUE,NA,,
GSE89632,GPL14951,X1XXXXXX11X11XX111X1X111XXXX1X11111X10000000000000000X000X00000,GSE89632_LIVER_GSM2385720;GSE89632_LIVER_GSM2385721;GSE89632_LIVER_GSM2385722;GSE89632_LIVER_GSM2385723;GSE89632_LIVER_GSM2385724;GSE89632_LIVER_GSM2385725;GSE89632_LIVER_GSM2385726;GSE89632_LIVER_GSM2385727;GSE89632_LIVER_GSM2385728;GSE89632_LIVER_GSM2385729;GSE89632_LIVER_GSM2385730;GSE89632_LIVER_GSM2385731;GSE89632_LIVER_GSM2385732;GSE89632_LIVER_GSM2385733;GSE89632_LIVER_GSM2385734;GSE89632_LIVER_GSM2385735;GSE89632_LIVER_GSM2385736;GSE89632_LIVER_GSM2385737;GSE89632_LIVER_GSM2385738;GSE89632_LIVER_GSM2385739;GSE89632_LIVER_GSM2385740;GSE89632_LIVER_GSM2385741;GSE89632_LIVER_GSM2385742;GSE89632_LIVER_GSM2385743;GSE89632_LIVER_GSM2385744;GSE89632_LIVER_GSM2385745;GSE89632_LIVER_GSM2385746;GSE89632_LIVER_GSM2385747;GSE89632_LIVER_GSM2385748;GSE89632_LIVER_GSM2385749;GSE89632_LIVER_GSM2385750;GSE89632_LIVER_GSM2385751;GSE89632_LIVER_GSM2385752;GSE89632_LIVER_GSM2385753;GSE89632_LIVER_GSM2385754;GSE89632_LIVER_GSM2385755;GSE89632_LIVER_GSM2385756;GSE89632_LIVER_GSM2385757;GSE89632_LIVER_GSM2385758;GSE89632_LIVER_GSM2385759;GSE89632_LIVER_GSM2385760;GSE89632_LIVER_GSM2385761;GSE89632_LIVER_GSM2385762;GSE89632_LIVER_GSM2385763;GSE89632_LIVER_GSM2385764;GSE89632_LIVER_GSM2385765;GSE89632_LIVER_GSM2385766;GSE89632_LIVER_GSM2385767;GSE89632_LIVER_GSM2385768;GSE89632_LIVER_GSM2385769;GSE89632_LIVER_GSM2385770;GSE89632_LIVER_GSM2385771;GSE89632_LIVER_GSM2385772;GSE89632_LIVER_GSM2385773;GSE89632_LIVER_GSM2385774;GSE89632_LIVER_GSM2385775;GSE89632_LIVER_GSM2385776;GSE89632_LIVER_GSM2385777;GSE89632_LIVER_GSM2385778;GSE89632_LIVER_GSM2385779;GSE89632_LIVER_GSM2385780;GSE89632_LIVER_GSM2385781;GSE89632_LIVER_GSM2385782,"NASH-HealthyControl_logFC,NASH-HealthyControl_Pvalue,NASH-HealthyControl_AdjPValue","Arendt BM, Comelli EM, Ma DW, Lou W et al. Hepatology PMID: 25581263",2016,Illumina HumanHT-12 WG-DASL V4.0 R2 expression beadchip,Liver,NASH,Human,63,https://www.ncbi.nlm.nih.gov/geo/query/acc.cgi?acc=GSE89632,BulkExpressionProfile,Array,FALSE,FALSE,TRUE,NA,,
GSE63067,GPL570,XX1111111110000000,GSE63067_LIVER_GSM1539877;GSE63067_LIVER_GSM1539878;GSE63067_LIVER_GSM1539879;GSE63067_LIVER_GSM1539880;GSE63067_LIVER_GSM1539881;GSE63067_LIVER_GSM1539882;GSE63067_LIVER_GSM1539883;GSE63067_LIVER_GSM1539884;GSE63067_LIVER_GSM1539885;GSE63067_LIVER_GSM1539886;GSE63067_LIVER_GSM1539887;GSE63067_LIVER_GSM1539888;GSE63067_LIVER_GSM1539889;GSE63067_LIVER_GSM1539890;GSE63067_LIVER_GSM1539891;GSE63067_LIVER_GSM1539892;GSE63067_LIVER_GSM1539893;GSE63067_LIVER_GSM1539894,"NASH-Ctrl_logFC,NASH-Ctrl_Pvalue,NASH-Ctrl_AdjPValue","Frades I, Andreasson E, Mato JM, Alexandersson E et al. PLoS One PMID: 25993042",2014,Affymetrix Human Genome U133 Plus 2.0 Array,Liver,NASH,Human,18,https://www.ncbi.nlm.nih.gov/geo/query/acc.cgi?acc=GSE63067,BulkExpressionProfile,Array,TRUE,TRUE,TRUE,NA,,
GSE48452,GPL11532,00000X1000X11111XXXX111X1XX10X1XXXX1X1X00X111X1X011X1X0XXX1X101XXXXX1XX11,GSE48452_LIVER_GSM1178970;GSE48452_LIVER_GSM1178971;GSE48452_LIVER_GSM1178972;GSE48452_LIVER_GSM1178973;GSE48452_LIVER_GSM1178974;GSE48452_LIVER_GSM1178975;GSE48452_LIVER_GSM1178976;GSE48452_LIVER_GSM1178977;GSE48452_LIVER_GSM1178978;GSE48452_LIVER_GSM1178979;GSE48452_LIVER_GSM1178980;GSE48452_LIVER_GSM1178981;GSE48452_LIVER_GSM1178982;GSE48452_LIVER_GSM1178983;GSE48452_LIVER_GSM1178984;GSE48452_LIVER_GSM1178985;GSE48452_LIVER_GSM1178986;GSE48452_LIVER_GSM1178987;GSE48452_LIVER_GSM1178988;GSE48452_LIVER_GSM1178989;GSE48452_LIVER_GSM1178990;GSE48452_LIVER_GSM1178991;GSE48452_LIVER_GSM1178992;GSE48452_LIVER_GSM1178993;GSE48452_LIVER_GSM1178994;GSE48452_LIVER_GSM1178995;GSE48452_LIVER_GSM1178996;GSE48452_LIVER_GSM1178997;GSE48452_LIVER_GSM1178998;GSE48452_LIVER_GSM1178999;GSE48452_LIVER_GSM1179000;GSE48452_LIVER_GSM1179001;GSE48452_LIVER_GSM1179002;GSE48452_LIVER_GSM1179003;GSE48452_LIVER_GSM1179004;GSE48452_LIVER_GSM1179005;GSE48452_LIVER_GSM1179006;GSE48452_LIVER_GSM1179007;GSE48452_LIVER_GSM1179008;GSE48452_LIVER_GSM1179009;GSE48452_LIVER_GSM1179010;GSE48452_LIVER_GSM1179011;GSE48452_LIVER_GSM1179012;GSE48452_LIVER_GSM1179013;GSE48452_LIVER_GSM1179014;GSE48452_LIVER_GSM1179015;GSE48452_LIVER_GSM1179016;GSE48452_LIVER_GSM1179017;GSE48452_LIVER_GSM1179018;GSE48452_LIVER_GSM1179019;GSE48452_LIVER_GSM1179020;GSE48452_LIVER_GSM1179021;GSE48452_LIVER_GSM1179022;GSE48452_LIVER_GSM1179023;GSE48452_LIVER_GSM1179024;GSE48452_LIVER_GSM1179025;GSE48452_LIVER_GSM1179026;GSE48452_LIVER_GSM1179027;GSE48452_LIVER_GSM1179028;GSE48452_LIVER_GSM1179029;GSE48452_LIVER_GSM1179030;GSE48452_LIVER_GSM1179031;GSE48452_LIVER_GSM1179032;GSE48452_LIVER_GSM1179033;GSE48452_LIVER_GSM1179034;GSE48452_LIVER_GSM1179035;GSE48452_LIVER_GSM1179036;GSE48452_LIVER_GSM1179037;GSE48452_LIVER_GSM1179038;GSE48452_LIVER_GSM1179039;GSE48452_LIVER_GSM1179040;GSE48452_LIVER_GSM1179041;GSE48452_LIVER_GSM1179042,"Healthyobese-Control_logFC,Healthyobese-Control_Pvalue,Healthyobese-Control_AdjPValue","Ahrens M, Ammerpohl O, von Schönfels W, Kolarova J et al. Cell Metab PMID: 23931760",2013,Affymetrix Human Gene 1.1 ST Array,Liver,NASH,Human,73,https://www.ncbi.nlm.nih.gov/geo/query/acc.cgi?acc=GSE48452,BulkExpressionProfile,Array,TRUE,TRUE,TRUE,NA,,
GSE48452,GPL11532,000001X0001XXXXXX1XXXXXXX11X0XX1111X1X100XXXX1X10XXXXX0X1XXXX0X1X11XX1XXX,GSE48452_LIVER_GSM1178970;GSE48452_LIVER_GSM1178971;GSE48452_LIVER_GSM1178972;GSE48452_LIVER_GSM1178973;GSE48452_LIVER_GSM1178974;GSE48452_LIVER_GSM1178975;GSE48452_LIVER_GSM1178976;GSE48452_LIVER_GSM1178977;GSE48452_LIVER_GSM1178978;GSE48452_LIVER_GSM1178979;GSE48452_LIVER_GSM1178980;GSE48452_LIVER_GSM1178981;GSE48452_LIVER_GSM1178982;GSE48452_LIVER_GSM1178983;GSE48452_LIVER_GSM1178984;GSE48452_LIVER_GSM1178985;GSE48452_LIVER_GSM1178986;GSE48452_LIVER_GSM1178987;GSE48452_LIVER_GSM1178988;GSE48452_LIVER_GSM1178989;GSE48452_LIVER_GSM1178990;GSE48452_LIVER_GSM1178991;GSE48452_LIVER_GSM1178992;GSE48452_LIVER_GSM1178993;GSE48452_LIVER_GSM1178994;GSE48452_LIVER_GSM1178995;GSE48452_LIVER_GSM1178996;GSE48452_LIVER_GSM1178997;GSE48452_LIVER_GSM1178998;GSE48452_LIVER_GSM1178999;GSE48452_LIVER_GSM1179000;GSE48452_LIVER_GSM1179001;GSE48452_LIVER_GSM1179002;GSE48452_LIVER_GSM1179003;GSE48452_LIVER_GSM1179004;GSE48452_LIVER_GSM1179005;GSE48452_LIVER_GSM1179006;GSE48452_LIVER_GSM1179007;GSE48452_LIVER_GSM1179008;GSE48452_LIVER_GSM1179009;GSE48452_LIVER_GSM1179010;GSE48452_LIVER_GSM1179011;GSE48452_LIVER_GSM1179012;GSE48452_LIVER_GSM1179013;GSE48452_LIVER_GSM1179014;GSE48452_LIVER_GSM1179015;GSE48452_LIVER_GSM1179016;GSE48452_LIVER_GSM1179017;GSE48452_LIVER_GSM1179018;GSE48452_LIVER_GSM1179019;GSE48452_LIVER_GSM1179020;GSE48452_LIVER_GSM1179021;GSE48452_LIVER_GSM1179022;GSE48452_LIVER_GSM1179023;GSE48452_LIVER_GSM1179024;GSE48452_LIVER_GSM1179025;GSE48452_LIVER_GSM1179026;GSE48452_LIVER_GSM1179027;GSE48452_LIVER_GSM1179028;GSE48452_LIVER_GSM1179029;GSE48452_LIVER_GSM1179030;GSE48452_LIVER_GSM1179031;GSE48452_LIVER_GSM1179032;GSE48452_LIVER_GSM1179033;GSE48452_LIVER_GSM1179034;GSE48452_LIVER_GSM1179035;GSE48452_LIVER_GSM1179036;GSE48452_LIVER_GSM1179037;GSE48452_LIVER_GSM1179038;GSE48452_LIVER_GSM1179039;GSE48452_LIVER_GSM1179040;GSE48452_LIVER_GSM1179041;GSE48452_LIVER_GSM1179042,"NASH-Control_logFC,NASH-Control_Pvalue,NASH-Control_AdjPValue","Ahrens M, Ammerpohl O, von Schönfels W, Kolarova J et al. Cell Metab PMID: 23931760",2013,Affymetrix Human Gene 1.1 ST Array,Liver,NASH,Human,73,https://www.ncbi.nlm.nih.gov/geo/query/acc.cgi?acc=GSE48452,BulkExpressionProfile,Array,FALSE,FALSE,TRUE,NA,,
GSE48452,GPL11532,00000XX000XXXXXX1X11XXX1XXXX01XXXXXXXXX001XXXXXX0XX1X101X1X1X0XX1XX1XX1XX,GSE48452_LIVER_GSM1178970;GSE48452_LIVER_GSM1178971;GSE48452_LIVER_GSM1178972;GSE48452_LIVER_GSM1178973;GSE48452_LIVER_GSM1178974;GSE48452_LIVER_GSM1178975;GSE48452_LIVER_GSM1178976;GSE48452_LIVER_GSM1178977;GSE48452_LIVER_GSM1178978;GSE48452_LIVER_GSM1178979;GSE48452_LIVER_GSM1178980;GSE48452_LIVER_GSM1178981;GSE48452_LIVER_GSM1178982;GSE48452_LIVER_GSM1178983;GSE48452_LIVER_GSM1178984;GSE48452_LIVER_GSM1178985;GSE48452_LIVER_GSM1178986;GSE48452_LIVER_GSM1178987;GSE48452_LIVER_GSM1178988;GSE48452_LIVER_GSM1178989;GSE48452_LIVER_GSM1178990;GSE48452_LIVER_GSM1178991;GSE48452_LIVER_GSM1178992;GSE48452_LIVER_GSM1178993;GSE48452_LIVER_GSM1178994;GSE48452_LIVER_GSM1178995;GSE48452_LIVER_GSM1178996;GSE48452_LIVER_GSM1178997;GSE48452_LIVER_GSM1178998;GSE48452_LIVER_GSM1178999;GSE48452_LIVER_GSM1179000;GSE48452_LIVER_GSM1179001;GSE48452_LIVER_GSM1179002;GSE48452_LIVER_GSM1179003;GSE48452_LIVER_GSM1179004;GSE48452_LIVER_GSM1179005;GSE48452_LIVER_GSM1179006;GSE48452_LIVER_GSM1179007;GSE48452_LIVER_GSM1179008;GSE48452_LIVER_GSM1179009;GSE48452_LIVER_GSM1179010;GSE48452_LIVER_GSM1179011;GSE48452_LIVER_GSM1179012;GSE48452_LIVER_GSM1179013;GSE48452_LIVER_GSM1179014;GSE48452_LIVER_GSM1179015;GSE48452_LIVER_GSM1179016;GSE48452_LIVER_GSM1179017;GSE48452_LIVER_GSM1179018;GSE48452_LIVER_GSM1179019;GSE48452_LIVER_GSM1179020;GSE48452_LIVER_GSM1179021;GSE48452_LIVER_GSM1179022;GSE48452_LIVER_GSM1179023;GSE48452_LIVER_GSM1179024;GSE48452_LIVER_GSM1179025;GSE48452_LIVER_GSM1179026;GSE48452_LIVER_GSM1179027;GSE48452_LIVER_GSM1179028;GSE48452_LIVER_GSM1179029;GSE48452_LIVER_GSM1179030;GSE48452_LIVER_GSM1179031;GSE48452_LIVER_GSM1179032;GSE48452_LIVER_GSM1179033;GSE48452_LIVER_GSM1179034;GSE48452_LIVER_GSM1179035;GSE48452_LIVER_GSM1179036;GSE48452_LIVER_GSM1179037;GSE48452_LIVER_GSM1179038;GSE48452_LIVER_GSM1179039;GSE48452_LIVER_GSM1179040;GSE48452_LIVER_GSM1179041;GSE48452_LIVER_GSM1179042,"Steatosis-Control_logFC,Steatosis-Control_Pvalue,Steatosis-Control_AdjPValue","Ahrens M, Ammerpohl O, von Schönfels W, Kolarova J et al. Cell Metab PMID: 23931760",2013,Affymetrix Human Gene 1.1 ST Array,Liver,NASH,Human,73,https://www.ncbi.nlm.nih.gov/geo/query/acc.cgi?acc=GSE48452,BulkExpressionProfile,Array,FALSE,FALSE,TRUE,NA,,
GSE37031,GPL14877,",111111110000000",GSE37031_LIVER_GSM909136;GSE37031_LIVER_GSM909137;GSE37031_LIVER_GSM909138;GSE37031_LIVER_GSM909139;GSE37031_LIVER_GSM909140;GSE37031_LIVER_GSM909141;GSE37031_LIVER_GSM909142;GSE37031_LIVER_GSM909143;GSE37031_LIVER_GSM909144;GSE37031_LIVER_GSM909145;GSE37031_LIVER_GSM909146;GSE37031_LIVER_GSM909147;GSE37031_LIVER_GSM909148;GSE37031_LIVER_GSM909149;GSE37031_LIVER_GSM909150,"NASH-Ctrl_logFC,NASH-Ctrl_Pvalue,NASH-Ctrl_AdjPValue","López-Vicario C, González-Périz A, Rius B, Morán-Salvador E et al. Gut PMID: 23492103",2012,Affymetrix Human Genome U133 Plus 2.0 Array,Liver,NASH,Human,15,https://www.ncbi.nlm.nih.gov/geo/query/acc.cgi?acc=GSE37031,BulkExpressionProfile,Array,TRUE,TRUE,TRUE,NA,,
GSE177050,GPL570,",111000",GSE177050_LIVER_GSM5373534;GSE177050_LIVER_GSM5373535;GSE177050_LIVER_GSM5373536;GSE177050_LIVER_GSM5373537;GSE177050_LIVER_GSM5373538;GSE177050_LIVER_GSM5373539,"NASHDiabetes-Ctrl_logFC,NASHDiabetes-Ctrl_Pvalue,NASHDiabetes-Ctrl_AdjPValue","Menghini R, Hoyles L, Cardellini M, Casagrande V et al. Mol Metab PMID: 35150905",2021,Affymetrix Human Genome U133 Plus 2.0 Array,Liver,NASH,Human,6,https://www.ncbi.nlm.nih.gov/geo/query/acc.cgi?acc=GSE177050,BulkExpressionProfile,Array,TRUE,TRUE,TRUE,NA,,
GSE92746,GPL16686,",10110001111011000",GSE92746_LIVER_GSM2436800;GSE92746_LIVER_GSM2436801;GSE92746_LIVER_GSM2436802;GSE92746_LIVER_GSM2436803;GSE92746_LIVER_GSM2436804;GSE92746_LIVER_GSM2436805;GSE92746_LIVER_GSM2436806;GSE92746_LIVER_GSM2436807;GSE92746_LIVER_GSM2436808;GSE92746_LIVER_GSM2436809;GSE92746_LIVER_GSM2436810;GSE92746_LIVER_GSM2436811;GSE92746_LIVER_GSM2436812;GSE92746_LIVER_GSM2436813;GSE92746_LIVER_GSM2436814;GSE92746_LIVER_GSM2436815;GSE92746_LIVER_GSM2436816,"HighResponder-LowResponder_logFC,HighResponder-LowResponder_Pvalue,HighResponder-LowResponder_AdjPValue","Shigiyama F, Kumashiro N, Furukawa Y, Funayama T et al. Hepatol Commun PMID: 29404483",2016,Affymetrix Human Gene 2.0 ST Array,Liver,NASH,Human,17,https://www.ncbi.nlm.nih.gov/geo/query/acc.cgi?acc=GSE92746,BulkExpressionProfile,Array,TRUE,TRUE,TRUE,NA,,
GSE68421,GPL16686,",01010101010101010101010101010101",GSE68421_LIVER_GSM1671450;GSE68421_LIVER_GSM1671451;GSE68421_LIVER_GSM1671452;GSE68421_LIVER_GSM1671453;GSE68421_LIVER_GSM1671454;GSE68421_LIVER_GSM1671455;GSE68421_LIVER_GSM1671456;GSE68421_LIVER_GSM1671457;GSE68421_LIVER_GSM1671458;GSE68421_LIVER_GSM1671459;GSE68421_LIVER_GSM1671460;GSE68421_LIVER_GSM1671461;GSE68421_LIVER_GSM1671462;GSE68421_LIVER_GSM1671463;GSE68421_LIVER_GSM1671464;GSE68421_LIVER_GSM1671465;GSE68421_LIVER_GSM1671466;GSE68421_LIVER_GSM1671467;GSE68421_LIVER_GSM1671468;GSE68421_LIVER_GSM1671469;GSE68421_LIVER_GSM1671470;GSE68421_LIVER_GSM1671471;GSE68421_LIVER_GSM1671472;GSE68421_LIVER_GSM1671473;GSE68421_LIVER_GSM1671474;GSE68421_LIVER_GSM1671475;GSE68421_LIVER_GSM1671476;GSE68421_LIVER_GSM1671477;GSE68421_LIVER_GSM1671478;GSE68421_LIVER_GSM1671479;GSE68421_LIVER_GSM1671480;GSE68421_LIVER_GSM1671481,"ResveratrolNASH-NASH_logFC,ResveratrolNASH-NASH_Pvalue,ResveratrolNASH-NASH_AdjPValue","Heebøll S, Kreuzfeldt M, Hamilton-Dutoit S, Kjær Poulsen M et al. J Gastroenterol PMID: 26784973",2015,Affymetrix Human Gene 2.0 ST Array,Liver,NASH,Human,32,https://www.ncbi.nlm.nih.gov/geo/query/acc.cgi?acc=GSE68421,BulkExpressionProfile,Array,TRUE,TRUE,TRUE,NA,,
GSE86569,GPL17586,",0101111011111001001000",GSE86569_HEART_GSM2305989;GSE86569_HEART_GSM2305990;GSE86569_HEART_GSM2305991;GSE86569_HEART_GSM2305992;GSE86569_HEART_GSM2305993;GSE86569_HEART_GSM2305994;GSE86569_HEART_GSM2305995;GSE86569_HEART_GSM2305996;GSE86569_HEART_GSM2305997;GSE86569_HEART_GSM2305998;GSE86569_HEART_GSM2305999;GSE86569_HEART_GSM2306000;GSE86569_HEART_GSM2306001;GSE86569_HEART_GSM2306002;GSE86569_HEART_GSM2306003;GSE86569_HEART_GSM2306004;GSE86569_HEART_GSM2306005;GSE86569_HEART_GSM2306006;GSE86569_HEART_GSM2306007;GSE86569_HEART_GSM2306008;GSE86569_HEART_GSM2306009;GSE86569_HEART_GSM2306010,"AFibLowEF-AFibHighEF_logFC,AFibLowEF-AFibHighEF_Pvalue,AFibLowEF-AFibHighEF_AdjPValue",,2017,Affymetrix Human Transcriptome Array 2.0,Heart,Heart Failure,Human,22,https://www.ncbi.nlm.nih.gov/geo/query/acc.cgi?acc=GSE86569,BulkExpressionProfile,Array,TRUE,TRUE,TRUE,NA,,
GSE76701,GPL570,",00001111",GSE76701_HEART_GSM2035924;GSE76701_HEART_GSM2035925;GSE76701_HEART_GSM2035926;GSE76701_HEART_GSM2035927;GSE76701_HEART_GSM2035928;GSE76701_HEART_GSM2035929;GSE76701_HEART_GSM2035930;GSE76701_HEART_GSM2035931,"HeartFailure-Ctrl_logFC,HeartFailure-Ctrl_Pvalue,HeartFailure-Ctrl_AdjPValue","Kim EH, Galchev VI, Kim JY, Misek SA et al. Proteomics Clin Appl PMID: 26756417",2016,Affymetrix Human Genome U133 Plus 2.0 Array,Heart,Heart Failure,Human,8,https://www.ncbi.nlm.nih.gov/geo/query/acc.cgi?acc=GSE76701,BulkExpressionProfile,Array,TRUE,TRUE,TRUE,NA,,
GSE42955,GPL6244,1X1XXX1101XXX110111X1X1XX00X0,GSE42955_HEART_GSM1053914;GSE42955_HEART_GSM1053915;GSE42955_HEART_GSM1053916;GSE42955_HEART_GSM1053917;GSE42955_HEART_GSM1053918;GSE42955_HEART_GSM1053919;GSE42955_HEART_GSM1053920;GSE42955_HEART_GSM1053921;GSE42955_HEART_GSM1053922;GSE42955_HEART_GSM1053923;GSE42955_HEART_GSM1053924;GSE42955_HEART_GSM1053925;GSE42955_HEART_GSM1053926;GSE42955_HEART_GSM1053927;GSE42955_HEART_GSM1053928;GSE42955_HEART_GSM1053929;GSE42955_HEART_GSM1053930;GSE42955_HEART_GSM1053931;GSE42955_HEART_GSM1053932;GSE42955_HEART_GSM1053933;GSE42955_HEART_GSM1053934;GSE42955_HEART_GSM1053935;GSE42955_HEART_GSM1053936;GSE42955_HEART_GSM1053937;GSE42955_HEART_GSM1053938;GSE42955_HEART_GSM1053939;GSE42955_HEART_GSM1053940;GSE42955_HEART_GSM1053941;GSE42955_HEART_GSM1053942,"IschemicCardiomyopathy-Ctrl_logFC,IschemicCardiomyopathy-Ctrl_Pvalue,IschemicCardiomyopathy-Ctrl_AdjPValue","Molina-Navarro MM, Roselló-Lletí E, Ortega A, Tarazón E et al. PLoS One PMID: 24339868",2012,Affymetrix Human Gene 1.0 ST Array,Heart,Heart Failure,Human,29,https://www.ncbi.nlm.nih.gov/geo/query/acc.cgi?acc=GSE42955,BulkExpressionProfile,Array,TRUE,TRUE,TRUE,NA,,
GSE42955,GPL6244,X1X111XX0X111XX0XXX1X1X110010,GSE42955_HEART_GSM1053914;GSE42955_HEART_GSM1053915;GSE42955_HEART_GSM1053916;GSE42955_HEART_GSM1053917;GSE42955_HEART_GSM1053918;GSE42955_HEART_GSM1053919;GSE42955_HEART_GSM1053920;GSE42955_HEART_GSM1053921;GSE42955_HEART_GSM1053922;GSE42955_HEART_GSM1053923;GSE42955_HEART_GSM1053924;GSE42955_HEART_GSM1053925;GSE42955_HEART_GSM1053926;GSE42955_HEART_GSM1053927;GSE42955_HEART_GSM1053928;GSE42955_HEART_GSM1053929;GSE42955_HEART_GSM1053930;GSE42955_HEART_GSM1053931;GSE42955_HEART_GSM1053932;GSE42955_HEART_GSM1053933;GSE42955_HEART_GSM1053934;GSE42955_HEART_GSM1053935;GSE42955_HEART_GSM1053936;GSE42955_HEART_GSM1053937;GSE42955_HEART_GSM1053938;GSE42955_HEART_GSM1053939;GSE42955_HEART_GSM1053940;GSE42955_HEART_GSM1053941;GSE42955_HEART_GSM1053942,"Dilatedcardiomyopathy-Ctrl_logFC,Dilatedcardiomyopathy-Ctrl_Pvalue,Dilatedcardiomyopathy-Ctrl_AdjPValue","Molina-Navarro MM, Roselló-Lletí E, Ortega A, Tarazón E et al. PLoS One PMID: 24339868",2012,Affymetrix Human Gene 1.0 ST Array,Heart,Heart Failure,Human,29,https://www.ncbi.nlm.nih.gov/geo/query/acc.cgi?acc=GSE42955,BulkExpressionProfile,Array,FALSE,FALSE,TRUE,NA,,
GSE26887,GPL6244,000001111111XXXXXXXXXXXX,GSE26887_HEART_GSM662158;GSE26887_HEART_GSM662159;GSE26887_HEART_GSM662160;GSE26887_HEART_GSM662161;GSE26887_HEART_GSM662162;GSE26887_HEART_GSM662163;GSE26887_HEART_GSM662164;GSE26887_HEART_GSM662165;GSE26887_HEART_GSM662166;GSE26887_HEART_GSM662167;GSE26887_HEART_GSM662168;GSE26887_HEART_GSM662169;GSE26887_HEART_GSM662170;GSE26887_HEART_GSM662171;GSE26887_HEART_GSM662172;GSE26887_HEART_GSM662173;GSE26887_HEART_GSM662174;GSE26887_HEART_GSM662175;GSE26887_HEART_GSM662176;GSE26887_HEART_GSM662177;GSE26887_HEART_GSM662178;GSE26887_HEART_GSM662179;GSE26887_HEART_GSM662180;GSE26887_HEART_GSM662181,"DiabeticHeartFailure-Ctrl_logFC,DiabeticHeartFailure-Ctrl_Pvalue,DiabeticHeartFailure-Ctrl_AdjPValue","Greco S, Fasanaro P, Castelvecchio S, D'Alessandra Y et al. Diabetes PMID: 22427379",2012,Affymetrix Human Gene 1.0 ST Array,Heart,Heart Failure,Human,24,https://www.ncbi.nlm.nih.gov/geo/query/acc.cgi?acc=GSE26887,BulkExpressionProfile,Array,TRUE,TRUE,TRUE,NA,,
GSE26887,GPL6244,00000XXXXXXX111111111111,GSE26887_HEART_GSM662158;GSE26887_HEART_GSM662159;GSE26887_HEART_GSM662160;GSE26887_HEART_GSM662161;GSE26887_HEART_GSM662162;GSE26887_HEART_GSM662163;GSE26887_HEART_GSM662164;GSE26887_HEART_GSM662165;GSE26887_HEART_GSM662166;GSE26887_HEART_GSM662167;GSE26887_HEART_GSM662168;GSE26887_HEART_GSM662169;GSE26887_HEART_GSM662170;GSE26887_HEART_GSM662171;GSE26887_HEART_GSM662172;GSE26887_HEART_GSM662173;GSE26887_HEART_GSM662174;GSE26887_HEART_GSM662175;GSE26887_HEART_GSM662176;GSE26887_HEART_GSM662177;GSE26887_HEART_GSM662178;GSE26887_HEART_GSM662179;GSE26887_HEART_GSM662180;GSE26887_HEART_GSM662181,"HeartFailure-Ctrl_logFC,HeartFailure-Ctrl_Pvalue,HeartFailure-Ctrl_AdjPValue","Greco S, Fasanaro P, Castelvecchio S, D'Alessandra Y et al. Diabetes PMID: 22427379",2012,Affymetrix Human Gene 1.0 ST Array,Heart,Heart Failure,Human,24,https://www.ncbi.nlm.nih.gov/geo/query/acc.cgi?acc=GSE26887,BulkExpressionProfile,Array,FALSE,FALSE,TRUE,NA,,
GSE5406,GPL96,"1111XXX111X1X11X1X0XX1XXX1111X11X011XX1X1XX11XXXX1,X11XX11011X1110111XXXXXXXX111X111X1X111111XXXX11XX,X1X1X1111XX11X1X1XX1100010000010XXXXX11XX11XXX111X,X1X1111X1X111XXX11XXXX111X1111111111X011101X11X11X,XXXX11XX10",GSE5406_HEART_GSM123518;GSE5406_HEART_GSM123519;GSE5406_HEART_GSM123520;GSE5406_HEART_GSM123521;GSE5406_HEART_GSM123522;GSE5406_HEART_GSM123523;GSE5406_HEART_GSM123524;GSE5406_HEART_GSM123525;GSE5406_HEART_GSM123526;GSE5406_HEART_GSM123527;GSE5406_HEART_GSM123528;GSE5406_HEART_GSM123529;GSE5406_HEART_GSM123530;GSE5406_HEART_GSM123531;GSE5406_HEART_GSM123532;GSE5406_HEART_GSM123533;GSE5406_HEART_GSM123534;GSE5406_HEART_GSM123535;GSE5406_HEART_GSM123536;GSE5406_HEART_GSM123537;GSE5406_HEART_GSM123538;GSE5406_HEART_GSM123539;GSE5406_HEART_GSM123540;GSE5406_HEART_GSM123541;GSE5406_HEART_GSM123542;GSE5406_HEART_GSM123543;GSE5406_HEART_GSM123544;GSE5406_HEART_GSM123545;GSE5406_HEART_GSM123546;GSE5406_HEART_GSM123547;GSE5406_HEART_GSM123548;GSE5406_HEART_GSM123549;GSE5406_HEART_GSM123550;GSE5406_HEART_GSM123551;GSE5406_HEART_GSM123552;GSE5406_HEART_GSM123553;GSE5406_HEART_GSM123554;GSE5406_HEART_GSM123555;GSE5406_HEART_GSM123556;GSE5406_HEART_GSM123557;GSE5406_HEART_GSM123558;GSE5406_HEART_GSM123559;GSE5406_HEART_GSM123560;GSE5406_HEART_GSM123561;GSE5406_HEART_GSM123562;GSE5406_HEART_GSM123563;GSE5406_HEART_GSM123564;GSE5406_HEART_GSM123565;GSE5406_HEART_GSM123566;GSE5406_HEART_GSM123567;GSE5406_HEART_GSM123568;GSE5406_HEART_GSM123569;GSE5406_HEART_GSM123570;GSE5406_HEART_GSM123571;GSE5406_HEART_GSM123572;GSE5406_HEART_GSM123573;GSE5406_HEART_GSM123574;GSE5406_HEART_GSM123575;GSE5406_HEART_GSM123576;GSE5406_HEART_GSM123577;GSE5406_HEART_GSM123578;GSE5406_HEART_GSM123579;GSE5406_HEART_GSM123580;GSE5406_HEART_GSM123581;GSE5406_HEART_GSM123582;GSE5406_HEART_GSM123583;GSE5406_HEART_GSM123584;GSE5406_HEART_GSM123585;GSE5406_HEART_GSM123586;GSE5406_HEART_GSM123587;GSE5406_HEART_GSM123588;GSE5406_HEART_GSM123589;GSE5406_HEART_GSM123590;GSE5406_HEART_GSM123591;GSE5406_HEART_GSM123592;GSE5406_HEART_GSM123593;GSE5406_HEART_GSM123594;GSE5406_HEART_GSM123595;GSE5406_HEART_GSM123596;GSE5406_HEART_GSM123597;GSE5406_HEART_GSM123598;GSE5406_HEART_GSM123599;GSE5406_HEART_GSM123600;GSE5406_HEART_GSM123601;GSE5406_HEART_GSM123602;GSE5406_HEART_GSM123603;GSE5406_HEART_GSM123604;GSE5406_HEART_GSM123605;GSE5406_HEART_GSM123606;GSE5406_HEART_GSM123607;GSE5406_HEART_GSM123608;GSE5406_HEART_GSM123609;GSE5406_HEART_GSM123610;GSE5406_HEART_GSM123611;GSE5406_HEART_GSM123612;GSE5406_HEART_GSM123613;GSE5406_HEART_GSM123614;GSE5406_HEART_GSM123615;GSE5406_HEART_GSM123616;GSE5406_HEART_GSM123617;GSE5406_HEART_GSM123618;GSE5406_HEART_GSM123619;GSE5406_HEART_GSM123620;GSE5406_HEART_GSM123621;GSE5406_HEART_GSM123622;GSE5406_HEART_GSM123623;GSE5406_HEART_GSM123624;GSE5406_HEART_GSM123625;GSE5406_HEART_GSM123626;GSE5406_HEART_GSM123627;GSE5406_HEART_GSM123628;GSE5406_HEART_GSM123629;GSE5406_HEART_GSM123630;GSE5406_HEART_GSM123631;GSE5406_HEART_GSM123632;GSE5406_HEART_GSM123633;GSE5406_HEART_GSM123634;GSE5406_HEART_GSM123635;GSE5406_HEART_GSM123636;GSE5406_HEART_GSM123637;GSE5406_HEART_GSM123638;GSE5406_HEART_GSM123639;GSE5406_HEART_GSM123640;GSE5406_HEART_GSM123641;GSE5406_HEART_GSM123642;GSE5406_HEART_GSM123643;GSE5406_HEART_GSM123644;GSE5406_HEART_GSM123645;GSE5406_HEART_GSM123646;GSE5406_HEART_GSM123647;GSE5406_HEART_GSM123648;GSE5406_HEART_GSM123649;GSE5406_HEART_GSM123650;GSE5406_HEART_GSM123651;GSE5406_HEART_GSM123652;GSE5406_HEART_GSM123653;GSE5406_HEART_GSM123654;GSE5406_HEART_GSM123655;GSE5406_HEART_GSM123656;GSE5406_HEART_GSM123657;GSE5406_HEART_GSM123658;GSE5406_HEART_GSM123659;GSE5406_HEART_GSM123660;GSE5406_HEART_GSM123661;GSE5406_HEART_GSM123662;GSE5406_HEART_GSM123663;GSE5406_HEART_GSM123664;GSE5406_HEART_GSM123665;GSE5406_HEART_GSM123666;GSE5406_HEART_GSM123667;GSE5406_HEART_GSM123668;GSE5406_HEART_GSM123669;GSE5406_HEART_GSM123670;GSE5406_HEART_GSM123671;GSE5406_HEART_GSM123672;GSE5406_HEART_GSM123673;GSE5406_HEART_GSM123674;GSE5406_HEART_GSM123675;GSE5406_HEART_GSM123676;GSE5406_HEART_GSM123677;GSE5406_HEART_GSM123678;GSE5406_HEART_GSM123679;GSE5406_HEART_GSM123680;GSE5406_HEART_GSM123681;GSE5406_HEART_GSM123682;GSE5406_HEART_GSM123683;GSE5406_HEART_GSM123684;GSE5406_HEART_GSM123685;GSE5406_HEART_GSM123686;GSE5406_HEART_GSM123687;GSE5406_HEART_GSM123688;GSE5406_HEART_GSM123689;GSE5406_HEART_GSM123690;GSE5406_HEART_GSM123691;GSE5406_HEART_GSM123692;GSE5406_HEART_GSM123693;GSE5406_HEART_GSM123694;GSE5406_HEART_GSM123695;GSE5406_HEART_GSM123696;GSE5406_HEART_GSM123697;GSE5406_HEART_GSM123698;GSE5406_HEART_GSM123699;GSE5406_HEART_GSM123700;GSE5406_HEART_GSM123701;GSE5406_HEART_GSM123702;GSE5406_HEART_GSM123703;GSE5406_HEART_GSM123704;GSE5406_HEART_GSM123705;GSE5406_HEART_GSM123706;GSE5406_HEART_GSM123707;GSE5406_HEART_GSM123708;GSE5406_HEART_GSM123709;GSE5406_HEART_GSM123710;GSE5406_HEART_GSM123711;GSE5406_HEART_GSM123712;GSE5406_HEART_GSM123713;GSE5406_HEART_GSM123714;GSE5406_HEART_GSM123715;GSE5406_HEART_GSM123716;GSE5406_HEART_GSM123717;GSE5406_HEART_GSM123718;GSE5406_HEART_GSM123719;GSE5406_HEART_GSM123720;GSE5406_HEART_GSM123721;GSE5406_HEART_GSM123722;GSE5406_HEART_GSM123723;GSE5406_HEART_GSM123724;GSE5406_HEART_GSM123725;GSE5406_HEART_GSM123726;GSE5406_HEART_GSM123727,"IschemicCardiomyopathy-Ctrl_logFC,IschemicCardiomyopathy-Ctrl_Pvalue,IschemicCardiomyopathy-Ctrl_AdjPValue","Hannenhalli S, Putt ME, Gilmore JM, Wang J et al. Circulation PMID: 16952980",2006,Affymetrix Human Genome U133A Array,Heart,Heart Failure,Human,210,https://www.ncbi.nlm.nih.gov/geo/query/acc.cgi?acc=GSE5406,BulkExpressionProfile,Array,TRUE,TRUE,TRUE,NA,,
GSE5406,GPL96,"XXXX111XXX1X1XX1X1011X111XXXX1XX10XX11X1X11XX1111X,1XX11XX0XX1XXX0XXX11111111XXX1XXX1X1XXXXXX1111XX11,1X1X1XXXX11XX1X1X11XX000X00000X011111XX11XX111XXX1,1X1XXXX1X1XXX111XX1111XXX1XXXXXXXXXX10XXX0X1XX1XX1,1111XX11X0",GSE5406_HEART_GSM123518;GSE5406_HEART_GSM123519;GSE5406_HEART_GSM123520;GSE5406_HEART_GSM123521;GSE5406_HEART_GSM123522;GSE5406_HEART_GSM123523;GSE5406_HEART_GSM123524;GSE5406_HEART_GSM123525;GSE5406_HEART_GSM123526;GSE5406_HEART_GSM123527;GSE5406_HEART_GSM123528;GSE5406_HEART_GSM123529;GSE5406_HEART_GSM123530;GSE5406_HEART_GSM123531;GSE5406_HEART_GSM123532;GSE5406_HEART_GSM123533;GSE5406_HEART_GSM123534;GSE5406_HEART_GSM123535;GSE5406_HEART_GSM123536;GSE5406_HEART_GSM123537;GSE5406_HEART_GSM123538;GSE5406_HEART_GSM123539;GSE5406_HEART_GSM123540;GSE5406_HEART_GSM123541;GSE5406_HEART_GSM123542;GSE5406_HEART_GSM123543;GSE5406_HEART_GSM123544;GSE5406_HEART_GSM123545;GSE5406_HEART_GSM123546;GSE5406_HEART_GSM123547;GSE5406_HEART_GSM123548;GSE5406_HEART_GSM123549;GSE5406_HEART_GSM123550;GSE5406_HEART_GSM123551;GSE5406_HEART_GSM123552;GSE5406_HEART_GSM123553;GSE5406_HEART_GSM123554;GSE5406_HEART_GSM123555;GSE5406_HEART_GSM123556;GSE5406_HEART_GSM123557;GSE5406_HEART_GSM123558;GSE5406_HEART_GSM123559;GSE5406_HEART_GSM123560;GSE5406_HEART_GSM123561;GSE5406_HEART_GSM123562;GSE5406_HEART_GSM123563;GSE5406_HEART_GSM123564;GSE5406_HEART_GSM123565;GSE5406_HEART_GSM123566;GSE5406_HEART_GSM123567;GSE5406_HEART_GSM123568;GSE5406_HEART_GSM123569;GSE5406_HEART_GSM123570;GSE5406_HEART_GSM123571;GSE5406_HEART_GSM123572;GSE5406_HEART_GSM123573;GSE5406_HEART_GSM123574;GSE5406_HEART_GSM123575;GSE5406_HEART_GSM123576;GSE5406_HEART_GSM123577;GSE5406_HEART_GSM123578;GSE5406_HEART_GSM123579;GSE5406_HEART_GSM123580;GSE5406_HEART_GSM123581;GSE5406_HEART_GSM123582;GSE5406_HEART_GSM123583;GSE5406_HEART_GSM123584;GSE5406_HEART_GSM123585;GSE5406_HEART_GSM123586;GSE5406_HEART_GSM123587;GSE5406_HEART_GSM123588;GSE5406_HEART_GSM123589;GSE5406_HEART_GSM123590;GSE5406_HEART_GSM123591;GSE5406_HEART_GSM123592;GSE5406_HEART_GSM123593;GSE5406_HEART_GSM123594;GSE5406_HEART_GSM123595;GSE5406_HEART_GSM123596;GSE5406_HEART_GSM123597;GSE5406_HEART_GSM123598;GSE5406_HEART_GSM123599;GSE5406_HEART_GSM123600;GSE5406_HEART_GSM123601;GSE5406_HEART_GSM123602;GSE5406_HEART_GSM123603;GSE5406_HEART_GSM123604;GSE5406_HEART_GSM123605;GSE5406_HEART_GSM123606;GSE5406_HEART_GSM123607;GSE5406_HEART_GSM123608;GSE5406_HEART_GSM123609;GSE5406_HEART_GSM123610;GSE5406_HEART_GSM123611;GSE5406_HEART_GSM123612;GSE5406_HEART_GSM123613;GSE5406_HEART_GSM123614;GSE5406_HEART_GSM123615;GSE5406_HEART_GSM123616;GSE5406_HEART_GSM123617;GSE5406_HEART_GSM123618;GSE5406_HEART_GSM123619;GSE5406_HEART_GSM123620;GSE5406_HEART_GSM123621;GSE5406_HEART_GSM123622;GSE5406_HEART_GSM123623;GSE5406_HEART_GSM123624;GSE5406_HEART_GSM123625;GSE5406_HEART_GSM123626;GSE5406_HEART_GSM123627;GSE5406_HEART_GSM123628;GSE5406_HEART_GSM123629;GSE5406_HEART_GSM123630;GSE5406_HEART_GSM123631;GSE5406_HEART_GSM123632;GSE5406_HEART_GSM123633;GSE5406_HEART_GSM123634;GSE5406_HEART_GSM123635;GSE5406_HEART_GSM123636;GSE5406_HEART_GSM123637;GSE5406_HEART_GSM123638;GSE5406_HEART_GSM123639;GSE5406_HEART_GSM123640;GSE5406_HEART_GSM123641;GSE5406_HEART_GSM123642;GSE5406_HEART_GSM123643;GSE5406_HEART_GSM123644;GSE5406_HEART_GSM123645;GSE5406_HEART_GSM123646;GSE5406_HEART_GSM123647;GSE5406_HEART_GSM123648;GSE5406_HEART_GSM123649;GSE5406_HEART_GSM123650;GSE5406_HEART_GSM123651;GSE5406_HEART_GSM123652;GSE5406_HEART_GSM123653;GSE5406_HEART_GSM123654;GSE5406_HEART_GSM123655;GSE5406_HEART_GSM123656;GSE5406_HEART_GSM123657;GSE5406_HEART_GSM123658;GSE5406_HEART_GSM123659;GSE5406_HEART_GSM123660;GSE5406_HEART_GSM123661;GSE5406_HEART_GSM123662;GSE5406_HEART_GSM123663;GSE5406_HEART_GSM123664;GSE5406_HEART_GSM123665;GSE5406_HEART_GSM123666;GSE5406_HEART_GSM123667;GSE5406_HEART_GSM123668;GSE5406_HEART_GSM123669;GSE5406_HEART_GSM123670;GSE5406_HEART_GSM123671;GSE5406_HEART_GSM123672;GSE5406_HEART_GSM123673;GSE5406_HEART_GSM123674;GSE5406_HEART_GSM123675;GSE5406_HEART_GSM123676;GSE5406_HEART_GSM123677;GSE5406_HEART_GSM123678;GSE5406_HEART_GSM123679;GSE5406_HEART_GSM123680;GSE5406_HEART_GSM123681;GSE5406_HEART_GSM123682;GSE5406_HEART_GSM123683;GSE5406_HEART_GSM123684;GSE5406_HEART_GSM123685;GSE5406_HEART_GSM123686;GSE5406_HEART_GSM123687;GSE5406_HEART_GSM123688;GSE5406_HEART_GSM123689;GSE5406_HEART_GSM123690;GSE5406_HEART_GSM123691;GSE5406_HEART_GSM123692;GSE5406_HEART_GSM123693;GSE5406_HEART_GSM123694;GSE5406_HEART_GSM123695;GSE5406_HEART_GSM123696;GSE5406_HEART_GSM123697;GSE5406_HEART_GSM123698;GSE5406_HEART_GSM123699;GSE5406_HEART_GSM123700;GSE5406_HEART_GSM123701;GSE5406_HEART_GSM123702;GSE5406_HEART_GSM123703;GSE5406_HEART_GSM123704;GSE5406_HEART_GSM123705;GSE5406_HEART_GSM123706;GSE5406_HEART_GSM123707;GSE5406_HEART_GSM123708;GSE5406_HEART_GSM123709;GSE5406_HEART_GSM123710;GSE5406_HEART_GSM123711;GSE5406_HEART_GSM123712;GSE5406_HEART_GSM123713;GSE5406_HEART_GSM123714;GSE5406_HEART_GSM123715;GSE5406_HEART_GSM123716;GSE5406_HEART_GSM123717;GSE5406_HEART_GSM123718;GSE5406_HEART_GSM123719;GSE5406_HEART_GSM123720;GSE5406_HEART_GSM123721;GSE5406_HEART_GSM123722;GSE5406_HEART_GSM123723;GSE5406_HEART_GSM123724;GSE5406_HEART_GSM123725;GSE5406_HEART_GSM123726;GSE5406_HEART_GSM123727,"IdiopathicDilatedCardiomyopathy-Ctrl_logFC,IdiopathicDilatedCardiomyopathy-Ctrl_Pvalue,IdiopathicDilatedCardiomyopathy-Ctrl_AdjPValue","Hannenhalli S, Putt ME, Gilmore JM, Wang J et al. Circulation PMID: 16952980",2006,Affymetrix Human Genome U133A Array,Heart,Heart Failure,Human,210,https://www.ncbi.nlm.nih.gov/geo/query/acc.cgi?acc=GSE5406,BulkExpressionProfile,Array,FALSE,FALSE,TRUE,NA,,
GSE3585,GPL96,",000001111111",GSE3585_HEART_GSM82381;GSE3585_HEART_GSM82382;GSE3585_HEART_GSM82383;GSE3585_HEART_GSM82384;GSE3585_HEART_GSM82385;GSE3585_HEART_GSM82386;GSE3585_HEART_GSM82387;GSE3585_HEART_GSM82388;GSE3585_HEART_GSM82389;GSE3585_HEART_GSM82390;GSE3585_HEART_GSM82391;GSE3585_HEART_GSM82392,"DilatedCardiomyopathySubendocardialLeftVentricle-Ctrl_logFC,DilatedCardiomyopathySubendocardialLeftVentricle-Ctrl_Pvalue,DilatedCardiomyopathySubendocardialLeftVentricle-Ctrl_AdjPValue","Barth AS, Kuner R, Buness A, Ruschhaupt M et al. J Am Coll Cardiol PMID: 17045896",2005,Affymetrix Human Genome U133A Array,Heart,Heart Failure,Human,12,https://www.ncbi.nlm.nih.gov/geo/query/acc.cgi?acc=GSE3585,BulkExpressionProfile,Array,TRUE,TRUE,TRUE,NA,,
GSE191210,GPL23126,000111XXX,GSE191210_VITREOUS_GSM5741663;GSE191210_VITREOUS_GSM5741664;GSE191210_VITREOUS_GSM5741665;GSE191210_VITREOUS_GSM5741666;GSE191210_VITREOUS_GSM5741667;GSE191210_VITREOUS_GSM5741668;GSE191210_VITREOUS_GSM5741669;GSE191210_VITREOUS_GSM5741670;GSE191210_VITREOUS_GSM5741671,"antiVEGF-Ctrl_logFC,antiVEGF-Ctrl_Pvalue,antiVEGF-Ctrl_AdjPValue",,2021,Affymetrix Human Clariom D Assay,Eye,Diabetic Retinopathy,Human,9,https://www.ncbi.nlm.nih.gov/geo/query/acc.cgi?acc=GSE191210,BulkExpressionProfile,Array,TRUE,TRUE,TRUE,NA,,
GSE191210,GPL23126,000XXX111,GSE191210_VITREOUS_GSM5741663;GSE191210_VITREOUS_GSM5741664;GSE191210_VITREOUS_GSM5741665;GSE191210_VITREOUS_GSM5741666;GSE191210_VITREOUS_GSM5741667;GSE191210_VITREOUS_GSM5741668;GSE191210_VITREOUS_GSM5741669;GSE191210_VITREOUS_GSM5741670;GSE191210_VITREOUS_GSM5741671,"ProliferativeDiabeticRetinopathy-Ctrl_logFC,ProliferativeDiabeticRetinopathy-Ctrl_Pvalue,ProliferativeDiabeticRetinopathy-Ctrl_AdjPValue",,2021,Affymetrix Human Clariom D Assay,Eye,Diabetic Retinopathy,Human,9,https://www.ncbi.nlm.nih.gov/geo/query/acc.cgi?acc=GSE191210,BulkExpressionProfile,Array,FALSE,FALSE,TRUE,NA,,
GSE57338,GPL11532,"X111XXX1X111111X1100000000000000000000000000000000,00000000000000000X00000000000000000000000000000000,0000XX00000000001X1XX1XXXX1XXXX1X11X11X111XXXX1110,0X10000000000000000000000000001XXXX111111X11X10X00,0000XX11X0XX1XX0XX1XXXXXXXXX111111XXX1X11X11X1XX11,X11111X111XX1X1XX1X1XXXX11X11111XXX1XX11XX11111111,111111X11X000", GSE57338_HEART_GSM1379812;GSE57338_HEART_GSM1379813;GSE57338_HEART_GSM1379814;GSE57338_HEART_GSM1379815;GSE57338_HEART_GSM1379816;GSE57338_HEART_GSM1379817;GSE57338_HEART_GSM1379818;GSE57338_HEART_GSM1379819;GSE57338_HEART_GSM1379820;GSE57338_HEART_GSM1379821;GSE57338_HEART_GSM1379822;GSE57338_HEART_GSM1379823;GSE57338_HEART_GSM1379824;GSE57338_HEART_GSM1379825;GSE57338_HEART_GSM1379826;GSE57338_HEART_GSM1379827;GSE57338_HEART_GSM1379828;GSE57338_HEART_GSM1379829;GSE57338_HEART_GSM1379830;GSE57338_HEART_GSM1379831;GSE57338_HEART_GSM1379832;GSE57338_HEART_GSM1379833;GSE57338_HEART_GSM1379834;GSE57338_HEART_GSM1379835;GSE57338_HEART_GSM1379836;GSE57338_HEART_GSM1379837;GSE57338_HEART_GSM1379838;GSE57338_HEART_GSM1379839;GSE57338_HEART_GSM1379840;GSE57338_HEART_GSM1379841;GSE57338_HEART_GSM1379842;GSE57338_HEART_GSM1379843;GSE57338_HEART_GSM1379844;GSE57338_HEART_GSM1379845;GSE57338_HEART_GSM1379846;GSE57338_HEART_GSM1379847;GSE57338_HEART_GSM1379848;GSE57338_HEART_GSM1379849;GSE57338_HEART_GSM1379850;GSE57338_HEART_GSM1379851;GSE57338_HEART_GSM1379852;GSE57338_HEART_GSM1379853;GSE57338_HEART_GSM1379854;GSE57338_HEART_GSM1379855;GSE57338_HEART_GSM1379856;GSE57338_HEART_GSM1379857;GSE57338_HEART_GSM1379858;GSE57338_HEART_GSM1379859;GSE57338_HEART_GSM1379860;GSE57338_HEART_GSM1379861;GSE57338_HEART_GSM1379862;GSE57338_HEART_GSM1379863;GSE57338_HEART_GSM1379864;GSE57338_HEART_GSM1379865;GSE57338_HEART_GSM1379866;GSE57338_HEART_GSM1379867;GSE57338_HEART_GSM1379868;GSE57338_HEART_GSM1379869;GSE57338_HEART_GSM1379870;GSE57338_HEART_GSM1379871;GSE57338_HEART_GSM1379872;GSE57338_HEART_GSM1379873;GSE57338_HEART_GSM1379874;GSE57338_HEART_GSM1379875;GSE57338_HEART_GSM1379876;GSE57338_HEART_GSM1379877;GSE57338_HEART_GSM1379878;GSE57338_HEART_GSM1379879;GSE57338_HEART_GSM1379880;GSE57338_HEART_GSM1379881;GSE57338_HEART_GSM1379882;GSE57338_HEART_GSM1379883;GSE57338_HEART_GSM1379884;GSE57338_HEART_GSM1379885;GSE57338_HEART_GSM1379886;GSE57338_HEART_GSM1379887;GSE57338_HEART_GSM1379888;GSE57338_HEART_GSM1379889;GSE57338_HEART_GSM1379890;GSE57338_HEART_GSM1379891;GSE57338_HEART_GSM1379892;GSE57338_HEART_GSM1379893;GSE57338_HEART_GSM1379894;GSE57338_HEART_GSM1379895;GSE57338_HEART_GSM1379896;GSE57338_HEART_GSM1379897;GSE57338_HEART_GSM1379898;GSE57338_HEART_GSM1379899;GSE57338_HEART_GSM1379900;GSE57338_HEART_GSM1379901;GSE57338_HEART_GSM1379902;GSE57338_HEART_GSM1379903;GSE57338_HEART_GSM1379904;GSE57338_HEART_GSM1379905;GSE57338_HEART_GSM1379906;GSE57338_HEART_GSM1379907;GSE57338_HEART_GSM1379908;GSE57338_HEART_GSM1379909;GSE57338_HEART_GSM1379910;GSE57338_HEART_GSM1379911;GSE57338_HEART_GSM1379912;GSE57338_HEART_GSM1379913;GSE57338_HEART_GSM1379914;GSE57338_HEART_GSM1379915;GSE57338_HEART_GSM1379916;GSE57338_HEART_GSM1379917;GSE57338_HEART_GSM1379918;GSE57338_HEART_GSM1379919;GSE57338_HEART_GSM1379920;GSE57338_HEART_GSM1379921;GSE57338_HEART_GSM1379922;GSE57338_HEART_GSM1379923;GSE57338_HEART_GSM1379924;GSE57338_HEART_GSM1379925;GSE57338_HEART_GSM1379926;GSE57338_HEART_GSM1379927;GSE57338_HEART_GSM1379928;GSE57338_HEART_GSM1379929;GSE57338_HEART_GSM1379930;GSE57338_HEART_GSM1379931;GSE57338_HEART_GSM1379932;GSE57338_HEART_GSM1379933;GSE57338_HEART_GSM1379934;GSE57338_HEART_GSM1379935;GSE57338_HEART_GSM1379936;GSE57338_HEART_GSM1379937;GSE57338_HEART_GSM1379938;GSE57338_HEART_GSM1379939;GSE57338_HEART_GSM1379940;GSE57338_HEART_GSM1379941;GSE57338_HEART_GSM1379942;GSE57338_HEART_GSM1379943;GSE57338_HEART_GSM1379944;GSE57338_HEART_GSM1379945;GSE57338_HEART_GSM1379946;GSE57338_HEART_GSM1379947;GSE57338_HEART_GSM1379948;GSE57338_HEART_GSM1379949;GSE57338_HEART_GSM1379950;GSE57338_HEART_GSM1379951;GSE57338_HEART_GSM1379952;GSE57338_HEART_GSM1379953;GSE57338_HEART_GSM1379954;GSE57338_HEART_GSM1379955;GSE57338_HEART_GSM1379956;GSE57338_HEART_GSM1379957;GSE57338_HEART_GSM1379958;GSE57338_HEART_GSM1379959;GSE57338_HEART_GSM1379960;GSE57338_HEART_GSM1379961;GSE57338_HEART_GSM1379962;GSE57338_HEART_GSM1379963;GSE57338_HEART_GSM1379964;GSE57338_HEART_GSM1379965;GSE57338_HEART_GSM1379966;GSE57338_HEART_GSM1379967;GSE57338_HEART_GSM1379968;GSE57338_HEART_GSM1379969;GSE57338_HEART_GSM1379970;GSE57338_HEART_GSM1379971;GSE57338_HEART_GSM1379972;GSE57338_HEART_GSM1379973;GSE57338_HEART_GSM1379974;GSE57338_HEART_GSM1379975;GSE57338_HEART_GSM1379976;GSE57338_HEART_GSM1379977;GSE57338_HEART_GSM1379978;GSE57338_HEART_GSM1379979;GSE57338_HEART_GSM1379980;GSE57338_HEART_GSM1379981;GSE57338_HEART_GSM1379982;GSE57338_HEART_GSM1379983;GSE57338_HEART_GSM1379984;GSE57338_HEART_GSM1379985;GSE57338_HEART_GSM1379986;GSE57338_HEART_GSM1379987;GSE57338_HEART_GSM1379988;GSE57338_HEART_GSM1379989;GSE57338_HEART_GSM1379990;GSE57338_HEART_GSM1379991;GSE57338_HEART_GSM1379992;GSE57338_HEART_GSM1379993;GSE57338_HEART_GSM1379994;GSE57338_HEART_GSM1379995;GSE57338_HEART_GSM1379996;GSE57338_HEART_GSM1379997;GSE57338_HEART_GSM1379998;GSE57338_HEART_GSM1379999;GSE57338_HEART_GSM1380000;GSE57338_HEART_GSM1380001;GSE57338_HEART_GSM1380002;GSE57338_HEART_GSM1380003;GSE57338_HEART_GSM1380004;GSE57338_HEART_GSM1380005;GSE57338_HEART_GSM1380006;GSE57338_HEART_GSM1380007;GSE57338_HEART_GSM1380008;GSE57338_HEART_GSM1380009;GSE57338_HEART_GSM1380010;GSE57338_HEART_GSM1380011;GSE57338_HEART_GSM1380012;GSE57338_HEART_GSM1380013;GSE57338_HEART_GSM1380014;GSE57338_HEART_GSM1380015;GSE57338_HEART_GSM1380016;GSE57338_HEART_GSM1380017;GSE57338_HEART_GSM1380018;GSE57338_HEART_GSM1380019;GSE57338_HEART_GSM1380020;GSE57338_HEART_GSM1380021;GSE57338_HEART_GSM1380022;GSE57338_HEART_GSM1380023;GSE57338_HEART_GSM1380024;GSE57338_HEART_GSM1380025;GSE57338_HEART_GSM1380026;GSE57338_HEART_GSM1380027;GSE57338_HEART_GSM1380028;GSE57338_HEART_GSM1380029;GSE57338_HEART_GSM1380030;GSE57338_HEART_GSM1380031;GSE57338_HEART_GSM1380032;GSE57338_HEART_GSM1380033;GSE57338_HEART_GSM1380034;GSE57338_HEART_GSM1380035;GSE57338_HEART_GSM1380036;GSE57338_HEART_GSM1380037;GSE57338_HEART_GSM1380038;GSE57338_HEART_GSM1380039;GSE57338_HEART_GSM1380040;GSE57338_HEART_GSM1380041;GSE57338_HEART_GSM1380042;GSE57338_HEART_GSM1380043;GSE57338_HEART_GSM1380044;GSE57338_HEART_GSM1380045;GSE57338_HEART_GSM1380046;GSE57338_HEART_GSM1380047;GSE57338_HEART_GSM1380048;GSE57338_HEART_GSM1380049;GSE57338_HEART_GSM1380050;GSE57338_HEART_GSM1380051;GSE57338_HEART_GSM1380052;GSE57338_HEART_GSM1380053;GSE57338_HEART_GSM1380054;GSE57338_HEART_GSM1380055;GSE57338_HEART_GSM1380056;GSE57338_HEART_GSM1380057;GSE57338_HEART_GSM1380058;GSE57338_HEART_GSM1380059;GSE57338_HEART_GSM1380060;GSE57338_HEART_GSM1380061;GSE57338_HEART_GSM1380062;GSE57338_HEART_GSM1380063;GSE57338_HEART_GSM1380064;GSE57338_HEART_GSM1380065;GSE57338_HEART_GSM1380066;GSE57338_HEART_GSM1380067;GSE57338_HEART_GSM1380068;GSE57338_HEART_GSM1380069;GSE57338_HEART_GSM1380070;GSE57338_HEART_GSM1380071;GSE57338_HEART_GSM1380072;GSE57338_HEART_GSM1380073;GSE57338_HEART_GSM1380074;GSE57338_HEART_GSM1380075;GSE57338_HEART_GSM1380076;GSE57338_HEART_GSM1380077;GSE57338_HEART_GSM1380078;GSE57338_HEART_GSM1380079;GSE57338_HEART_GSM1380080;GSE57338_HEART_GSM1380081;GSE57338_HEART_GSM1380082;GSE57338_HEART_GSM1380083;GSE57338_HEART_GSM1380084;GSE57338_HEART_GSM1380085;GSE57338_HEART_GSM1380086;GSE57338_HEART_GSM1380087;GSE57338_HEART_GSM1380088;GSE57338_HEART_GSM1380089;GSE57338_HEART_GSM1380090;GSE57338_HEART_GSM1380091;GSE57338_HEART_GSM1380092;GSE57338_HEART_GSM1380093;GSE57338_HEART_GSM1380094;GSE57338_HEART_GSM1380095;GSE57338_HEART_GSM1380096;GSE57338_HEART_GSM1380097;GSE57338_HEART_GSM1380098;GSE57338_HEART_GSM1380099;GSE57338_HEART_GSM1380100;GSE57338_HEART_GSM1380101;GSE57338_HEART_GSM1380102;GSE57338_HEART_GSM1380103;GSE57338_HEART_GSM1380104;GSE57338_HEART_GSM1380105;GSE57338_HEART_GSM1380106;GSE57338_HEART_GSM1380107;GSE57338_HEART_GSM1380108;GSE57338_HEART_GSM1380109;GSE57338_HEART_GSM1380110;GSE57338_HEART_GSM1380111;GSE57338_HEART_GSM1380112;GSE57338_HEART_GSM1380113;GSE57338_HEART_GSM1380114;GSE57338_HEART_GSM1380115;GSE57338_HEART_GSM1380116;GSE57338_HEART_GSM1380117;GSE57338_HEART_GSM1380118;GSE57338_HEART_GSM1380119;GSE57338_HEART_GSM1380120;GSE57338_HEART_GSM1380121;GSE57338_HEART_GSM1380122;GSE57338_HEART_GSM1380123;GSE57338_HEART_GSM1380124,"IschemicCardiomyopathy-Ctrl_logFC,IschemicCardiomyopathy-Ctrl_Pvalue,IschemicCardiomyopathy-Ctrl_AdjPValue","Jia C, Guan W, Yang A, Xiao R et al. PMID: 26134005",2015,Affymetrix Human Gene 1.1 ST Array,Heart,Heart Failure,Human,313,https://www.ncbi.nlm.nih.gov/geo/query/acc.cgi?acc=GSE57338,BulkExpressionProfile,Array,TRUE,TRUE,TRUE,NA,,
GSE57338,GPL11532,"1XXX111X1XXXXXX1XX00000000000000000000000000000000,00000000000000000100000000000000000000000000000000,0000110000000000X1X11X1111X1111X1XX1XX1XXX1111XXX0,01X000000000000000000000000000X1111XXXXXX1XX1X0100,000011XX1011X11011X111111111XXXXXX1X1X1XX1XX1X11XX,1XXXXX1XXX11X1X11X1X1111XX1XXXXX111X11XX11XXXXXXXX,XXXXXX1XX1000", GSE57338_HEART_GSM1379812;GSE57338_HEART_GSM1379813;GSE57338_HEART_GSM1379814;GSE57338_HEART_GSM1379815;GSE57338_HEART_GSM1379816;GSE57338_HEART_GSM1379817;GSE57338_HEART_GSM1379818;GSE57338_HEART_GSM1379819;GSE57338_HEART_GSM1379820;GSE57338_HEART_GSM1379821;GSE57338_HEART_GSM1379822;GSE57338_HEART_GSM1379823;GSE57338_HEART_GSM1379824;GSE57338_HEART_GSM1379825;GSE57338_HEART_GSM1379826;GSE57338_HEART_GSM1379827;GSE57338_HEART_GSM1379828;GSE57338_HEART_GSM1379829;GSE57338_HEART_GSM1379830;GSE57338_HEART_GSM1379831;GSE57338_HEART_GSM1379832;GSE57338_HEART_GSM1379833;GSE57338_HEART_GSM1379834;GSE57338_HEART_GSM1379835;GSE57338_HEART_GSM1379836;GSE57338_HEART_GSM1379837;GSE57338_HEART_GSM1379838;GSE57338_HEART_GSM1379839;GSE57338_HEART_GSM1379840;GSE57338_HEART_GSM1379841;GSE57338_HEART_GSM1379842;GSE57338_HEART_GSM1379843;GSE57338_HEART_GSM1379844;GSE57338_HEART_GSM1379845;GSE57338_HEART_GSM1379846;GSE57338_HEART_GSM1379847;GSE57338_HEART_GSM1379848;GSE57338_HEART_GSM1379849;GSE57338_HEART_GSM1379850;GSE57338_HEART_GSM1379851;GSE57338_HEART_GSM1379852;GSE57338_HEART_GSM1379853;GSE57338_HEART_GSM1379854;GSE57338_HEART_GSM1379855;GSE57338_HEART_GSM1379856;GSE57338_HEART_GSM1379857;GSE57338_HEART_GSM1379858;GSE57338_HEART_GSM1379859;GSE57338_HEART_GSM1379860;GSE57338_HEART_GSM1379861;GSE57338_HEART_GSM1379862;GSE57338_HEART_GSM1379863;GSE57338_HEART_GSM1379864;GSE57338_HEART_GSM1379865;GSE57338_HEART_GSM1379866;GSE57338_HEART_GSM1379867;GSE57338_HEART_GSM1379868;GSE57338_HEART_GSM1379869;GSE57338_HEART_GSM1379870;GSE57338_HEART_GSM1379871;GSE57338_HEART_GSM1379872;GSE57338_HEART_GSM1379873;GSE57338_HEART_GSM1379874;GSE57338_HEART_GSM1379875;GSE57338_HEART_GSM1379876;GSE57338_HEART_GSM1379877;GSE57338_HEART_GSM1379878;GSE57338_HEART_GSM1379879;GSE57338_HEART_GSM1379880;GSE57338_HEART_GSM1379881;GSE57338_HEART_GSM1379882;GSE57338_HEART_GSM1379883;GSE57338_HEART_GSM1379884;GSE57338_HEART_GSM1379885;GSE57338_HEART_GSM1379886;GSE57338_HEART_GSM1379887;GSE57338_HEART_GSM1379888;GSE57338_HEART_GSM1379889;GSE57338_HEART_GSM1379890;GSE57338_HEART_GSM1379891;GSE57338_HEART_GSM1379892;GSE57338_HEART_GSM1379893;GSE57338_HEART_GSM1379894;GSE57338_HEART_GSM1379895;GSE57338_HEART_GSM1379896;GSE57338_HEART_GSM1379897;GSE57338_HEART_GSM1379898;GSE57338_HEART_GSM1379899;GSE57338_HEART_GSM1379900;GSE57338_HEART_GSM1379901;GSE57338_HEART_GSM1379902;GSE57338_HEART_GSM1379903;GSE57338_HEART_GSM1379904;GSE57338_HEART_GSM1379905;GSE57338_HEART_GSM1379906;GSE57338_HEART_GSM1379907;GSE57338_HEART_GSM1379908;GSE57338_HEART_GSM1379909;GSE57338_HEART_GSM1379910;GSE57338_HEART_GSM1379911;GSE57338_HEART_GSM1379912;GSE57338_HEART_GSM1379913;GSE57338_HEART_GSM1379914;GSE57338_HEART_GSM1379915;GSE57338_HEART_GSM1379916;GSE57338_HEART_GSM1379917;GSE57338_HEART_GSM1379918;GSE57338_HEART_GSM1379919;GSE57338_HEART_GSM1379920;GSE57338_HEART_GSM1379921;GSE57338_HEART_GSM1379922;GSE57338_HEART_GSM1379923;GSE57338_HEART_GSM1379924;GSE57338_HEART_GSM1379925;GSE57338_HEART_GSM1379926;GSE57338_HEART_GSM1379927;GSE57338_HEART_GSM1379928;GSE57338_HEART_GSM1379929;GSE57338_HEART_GSM1379930;GSE57338_HEART_GSM1379931;GSE57338_HEART_GSM1379932;GSE57338_HEART_GSM1379933;GSE57338_HEART_GSM1379934;GSE57338_HEART_GSM1379935;GSE57338_HEART_GSM1379936;GSE57338_HEART_GSM1379937;GSE57338_HEART_GSM1379938;GSE57338_HEART_GSM1379939;GSE57338_HEART_GSM1379940;GSE57338_HEART_GSM1379941;GSE57338_HEART_GSM1379942;GSE57338_HEART_GSM1379943;GSE57338_HEART_GSM1379944;GSE57338_HEART_GSM1379945;GSE57338_HEART_GSM1379946;GSE57338_HEART_GSM1379947;GSE57338_HEART_GSM1379948;GSE57338_HEART_GSM1379949;GSE57338_HEART_GSM1379950;GSE57338_HEART_GSM1379951;GSE57338_HEART_GSM1379952;GSE57338_HEART_GSM1379953;GSE57338_HEART_GSM1379954;GSE57338_HEART_GSM1379955;GSE57338_HEART_GSM1379956;GSE57338_HEART_GSM1379957;GSE57338_HEART_GSM1379958;GSE57338_HEART_GSM1379959;GSE57338_HEART_GSM1379960;GSE57338_HEART_GSM1379961;GSE57338_HEART_GSM1379962;GSE57338_HEART_GSM1379963;GSE57338_HEART_GSM1379964;GSE57338_HEART_GSM1379965;GSE57338_HEART_GSM1379966;GSE57338_HEART_GSM1379967;GSE57338_HEART_GSM1379968;GSE57338_HEART_GSM1379969;GSE57338_HEART_GSM1379970;GSE57338_HEART_GSM1379971;GSE57338_HEART_GSM1379972;GSE57338_HEART_GSM1379973;GSE57338_HEART_GSM1379974;GSE57338_HEART_GSM1379975;GSE57338_HEART_GSM1379976;GSE57338_HEART_GSM1379977;GSE57338_HEART_GSM1379978;GSE57338_HEART_GSM1379979;GSE57338_HEART_GSM1379980;GSE57338_HEART_GSM1379981;GSE57338_HEART_GSM1379982;GSE57338_HEART_GSM1379983;GSE57338_HEART_GSM1379984;GSE57338_HEART_GSM1379985;GSE57338_HEART_GSM1379986;GSE57338_HEART_GSM1379987;GSE57338_HEART_GSM1379988;GSE57338_HEART_GSM1379989;GSE57338_HEART_GSM1379990;GSE57338_HEART_GSM1379991;GSE57338_HEART_GSM1379992;GSE57338_HEART_GSM1379993;GSE57338_HEART_GSM1379994;GSE57338_HEART_GSM1379995;GSE57338_HEART_GSM1379996;GSE57338_HEART_GSM1379997;GSE57338_HEART_GSM1379998;GSE57338_HEART_GSM1379999;GSE57338_HEART_GSM1380000;GSE57338_HEART_GSM1380001;GSE57338_HEART_GSM1380002;GSE57338_HEART_GSM1380003;GSE57338_HEART_GSM1380004;GSE57338_HEART_GSM1380005;GSE57338_HEART_GSM1380006;GSE57338_HEART_GSM1380007;GSE57338_HEART_GSM1380008;GSE57338_HEART_GSM1380009;GSE57338_HEART_GSM1380010;GSE57338_HEART_GSM1380011;GSE57338_HEART_GSM1380012;GSE57338_HEART_GSM1380013;GSE57338_HEART_GSM1380014;GSE57338_HEART_GSM1380015;GSE57338_HEART_GSM1380016;GSE57338_HEART_GSM1380017;GSE57338_HEART_GSM1380018;GSE57338_HEART_GSM1380019;GSE57338_HEART_GSM1380020;GSE57338_HEART_GSM1380021;GSE57338_HEART_GSM1380022;GSE57338_HEART_GSM1380023;GSE57338_HEART_GSM1380024;GSE57338_HEART_GSM1380025;GSE57338_HEART_GSM1380026;GSE57338_HEART_GSM1380027;GSE57338_HEART_GSM1380028;GSE57338_HEART_GSM1380029;GSE57338_HEART_GSM1380030;GSE57338_HEART_GSM1380031;GSE57338_HEART_GSM1380032;GSE57338_HEART_GSM1380033;GSE57338_HEART_GSM1380034;GSE57338_HEART_GSM1380035;GSE57338_HEART_GSM1380036;GSE57338_HEART_GSM1380037;GSE57338_HEART_GSM1380038;GSE57338_HEART_GSM1380039;GSE57338_HEART_GSM1380040;GSE57338_HEART_GSM1380041;GSE57338_HEART_GSM1380042;GSE57338_HEART_GSM1380043;GSE57338_HEART_GSM1380044;GSE57338_HEART_GSM1380045;GSE57338_HEART_GSM1380046;GSE57338_HEART_GSM1380047;GSE57338_HEART_GSM1380048;GSE57338_HEART_GSM1380049;GSE57338_HEART_GSM1380050;GSE57338_HEART_GSM1380051;GSE57338_HEART_GSM1380052;GSE57338_HEART_GSM1380053;GSE57338_HEART_GSM1380054;GSE57338_HEART_GSM1380055;GSE57338_HEART_GSM1380056;GSE57338_HEART_GSM1380057;GSE57338_HEART_GSM1380058;GSE57338_HEART_GSM1380059;GSE57338_HEART_GSM1380060;GSE57338_HEART_GSM1380061;GSE57338_HEART_GSM1380062;GSE57338_HEART_GSM1380063;GSE57338_HEART_GSM1380064;GSE57338_HEART_GSM1380065;GSE57338_HEART_GSM1380066;GSE57338_HEART_GSM1380067;GSE57338_HEART_GSM1380068;GSE57338_HEART_GSM1380069;GSE57338_HEART_GSM1380070;GSE57338_HEART_GSM1380071;GSE57338_HEART_GSM1380072;GSE57338_HEART_GSM1380073;GSE57338_HEART_GSM1380074;GSE57338_HEART_GSM1380075;GSE57338_HEART_GSM1380076;GSE57338_HEART_GSM1380077;GSE57338_HEART_GSM1380078;GSE57338_HEART_GSM1380079;GSE57338_HEART_GSM1380080;GSE57338_HEART_GSM1380081;GSE57338_HEART_GSM1380082;GSE57338_HEART_GSM1380083;GSE57338_HEART_GSM1380084;GSE57338_HEART_GSM1380085;GSE57338_HEART_GSM1380086;GSE57338_HEART_GSM1380087;GSE57338_HEART_GSM1380088;GSE57338_HEART_GSM1380089;GSE57338_HEART_GSM1380090;GSE57338_HEART_GSM1380091;GSE57338_HEART_GSM1380092;GSE57338_HEART_GSM1380093;GSE57338_HEART_GSM1380094;GSE57338_HEART_GSM1380095;GSE57338_HEART_GSM1380096;GSE57338_HEART_GSM1380097;GSE57338_HEART_GSM1380098;GSE57338_HEART_GSM1380099;GSE57338_HEART_GSM1380100;GSE57338_HEART_GSM1380101;GSE57338_HEART_GSM1380102;GSE57338_HEART_GSM1380103;GSE57338_HEART_GSM1380104;GSE57338_HEART_GSM1380105;GSE57338_HEART_GSM1380106;GSE57338_HEART_GSM1380107;GSE57338_HEART_GSM1380108;GSE57338_HEART_GSM1380109;GSE57338_HEART_GSM1380110;GSE57338_HEART_GSM1380111;GSE57338_HEART_GSM1380112;GSE57338_HEART_GSM1380113;GSE57338_HEART_GSM1380114;GSE57338_HEART_GSM1380115;GSE57338_HEART_GSM1380116;GSE57338_HEART_GSM1380117;GSE57338_HEART_GSM1380118;GSE57338_HEART_GSM1380119;GSE57338_HEART_GSM1380120;GSE57338_HEART_GSM1380121;GSE57338_HEART_GSM1380122;GSE57338_HEART_GSM1380123;GSE57338_HEART_GSM1380124,"DilatedCardiomyopathy-Ctrl_logFC,DilatedCardiomyopathy-Ctrl_Pvalue,DilatedCardiomyopathy-Ctrl_AdjPValue","Jia C, Guan W, Yang A, Xiao R et al. PMID: 26134005",2015,Affymetrix Human Gene 1.1 ST Array,Heart,Heart Failure,Human,313,https://www.ncbi.nlm.nih.gov/geo/query/acc.cgi?acc=GSE57338,BulkExpressionProfile,Array,FALSE,FALSE,TRUE,NA,,
GSE57338,GPL11532,"X1XXXXX1XXXXX1XXXX000X000X0XXX0XXXX0X0XX00X0XXXXXX,X0XX00X0X0XXX000XXXXXXXX0XXXXX0000000X0X0XX00000X0,X0X0XXXXX00XXX00XXXXXXXXXXXXXXXXXX1XX1XXXXXXXXXXXX,0XXX00X0XX000X00XXX00000XXXXXXXXXXXXXXXXXXXXXX0X0X,X000XXXXXXXXXXXXXXXXXXXXXXXXXX1XXXXXXXXXXXX1XXXXXX,XXXXXXXX1XXX1XXXXXX1XXXXXXXXXX1XXXXXXXX1XXXX11XXXX,XXXXXXXXXXX0X", GSE57338_HEART_GSM1379812;GSE57338_HEART_GSM1379813;GSE57338_HEART_GSM1379814;GSE57338_HEART_GSM1379815;GSE57338_HEART_GSM1379816;GSE57338_HEART_GSM1379817;GSE57338_HEART_GSM1379818;GSE57338_HEART_GSM1379819;GSE57338_HEART_GSM1379820;GSE57338_HEART_GSM1379821;GSE57338_HEART_GSM1379822;GSE57338_HEART_GSM1379823;GSE57338_HEART_GSM1379824;GSE57338_HEART_GSM1379825;GSE57338_HEART_GSM1379826;GSE57338_HEART_GSM1379827;GSE57338_HEART_GSM1379828;GSE57338_HEART_GSM1379829;GSE57338_HEART_GSM1379830;GSE57338_HEART_GSM1379831;GSE57338_HEART_GSM1379832;GSE57338_HEART_GSM1379833;GSE57338_HEART_GSM1379834;GSE57338_HEART_GSM1379835;GSE57338_HEART_GSM1379836;GSE57338_HEART_GSM1379837;GSE57338_HEART_GSM1379838;GSE57338_HEART_GSM1379839;GSE57338_HEART_GSM1379840;GSE57338_HEART_GSM1379841;GSE57338_HEART_GSM1379842;GSE57338_HEART_GSM1379843;GSE57338_HEART_GSM1379844;GSE57338_HEART_GSM1379845;GSE57338_HEART_GSM1379846;GSE57338_HEART_GSM1379847;GSE57338_HEART_GSM1379848;GSE57338_HEART_GSM1379849;GSE57338_HEART_GSM1379850;GSE57338_HEART_GSM1379851;GSE57338_HEART_GSM1379852;GSE57338_HEART_GSM1379853;GSE57338_HEART_GSM1379854;GSE57338_HEART_GSM1379855;GSE57338_HEART_GSM1379856;GSE57338_HEART_GSM1379857;GSE57338_HEART_GSM1379858;GSE57338_HEART_GSM1379859;GSE57338_HEART_GSM1379860;GSE57338_HEART_GSM1379861;GSE57338_HEART_GSM1379862;GSE57338_HEART_GSM1379863;GSE57338_HEART_GSM1379864;GSE57338_HEART_GSM1379865;GSE57338_HEART_GSM1379866;GSE57338_HEART_GSM1379867;GSE57338_HEART_GSM1379868;GSE57338_HEART_GSM1379869;GSE57338_HEART_GSM1379870;GSE57338_HEART_GSM1379871;GSE57338_HEART_GSM1379872;GSE57338_HEART_GSM1379873;GSE57338_HEART_GSM1379874;GSE57338_HEART_GSM1379875;GSE57338_HEART_GSM1379876;GSE57338_HEART_GSM1379877;GSE57338_HEART_GSM1379878;GSE57338_HEART_GSM1379879;GSE57338_HEART_GSM1379880;GSE57338_HEART_GSM1379881;GSE57338_HEART_GSM1379882;GSE57338_HEART_GSM1379883;GSE57338_HEART_GSM1379884;GSE57338_HEART_GSM1379885;GSE57338_HEART_GSM1379886;GSE57338_HEART_GSM1379887;GSE57338_HEART_GSM1379888;GSE57338_HEART_GSM1379889;GSE57338_HEART_GSM1379890;GSE57338_HEART_GSM1379891;GSE57338_HEART_GSM1379892;GSE57338_HEART_GSM1379893;GSE57338_HEART_GSM1379894;GSE57338_HEART_GSM1379895;GSE57338_HEART_GSM1379896;GSE57338_HEART_GSM1379897;GSE57338_HEART_GSM1379898;GSE57338_HEART_GSM1379899;GSE57338_HEART_GSM1379900;GSE57338_HEART_GSM1379901;GSE57338_HEART_GSM1379902;GSE57338_HEART_GSM1379903;GSE57338_HEART_GSM1379904;GSE57338_HEART_GSM1379905;GSE57338_HEART_GSM1379906;GSE57338_HEART_GSM1379907;GSE57338_HEART_GSM1379908;GSE57338_HEART_GSM1379909;GSE57338_HEART_GSM1379910;GSE57338_HEART_GSM1379911;GSE57338_HEART_GSM1379912;GSE57338_HEART_GSM1379913;GSE57338_HEART_GSM1379914;GSE57338_HEART_GSM1379915;GSE57338_HEART_GSM1379916;GSE57338_HEART_GSM1379917;GSE57338_HEART_GSM1379918;GSE57338_HEART_GSM1379919;GSE57338_HEART_GSM1379920;GSE57338_HEART_GSM1379921;GSE57338_HEART_GSM1379922;GSE57338_HEART_GSM1379923;GSE57338_HEART_GSM1379924;GSE57338_HEART_GSM1379925;GSE57338_HEART_GSM1379926;GSE57338_HEART_GSM1379927;GSE57338_HEART_GSM1379928;GSE57338_HEART_GSM1379929;GSE57338_HEART_GSM1379930;GSE57338_HEART_GSM1379931;GSE57338_HEART_GSM1379932;GSE57338_HEART_GSM1379933;GSE57338_HEART_GSM1379934;GSE57338_HEART_GSM1379935;GSE57338_HEART_GSM1379936;GSE57338_HEART_GSM1379937;GSE57338_HEART_GSM1379938;GSE57338_HEART_GSM1379939;GSE57338_HEART_GSM1379940;GSE57338_HEART_GSM1379941;GSE57338_HEART_GSM1379942;GSE57338_HEART_GSM1379943;GSE57338_HEART_GSM1379944;GSE57338_HEART_GSM1379945;GSE57338_HEART_GSM1379946;GSE57338_HEART_GSM1379947;GSE57338_HEART_GSM1379948;GSE57338_HEART_GSM1379949;GSE57338_HEART_GSM1379950;GSE57338_HEART_GSM1379951;GSE57338_HEART_GSM1379952;GSE57338_HEART_GSM1379953;GSE57338_HEART_GSM1379954;GSE57338_HEART_GSM1379955;GSE57338_HEART_GSM1379956;GSE57338_HEART_GSM1379957;GSE57338_HEART_GSM1379958;GSE57338_HEART_GSM1379959;GSE57338_HEART_GSM1379960;GSE57338_HEART_GSM1379961;GSE57338_HEART_GSM1379962;GSE57338_HEART_GSM1379963;GSE57338_HEART_GSM1379964;GSE57338_HEART_GSM1379965;GSE57338_HEART_GSM1379966;GSE57338_HEART_GSM1379967;GSE57338_HEART_GSM1379968;GSE57338_HEART_GSM1379969;GSE57338_HEART_GSM1379970;GSE57338_HEART_GSM1379971;GSE57338_HEART_GSM1379972;GSE57338_HEART_GSM1379973;GSE57338_HEART_GSM1379974;GSE57338_HEART_GSM1379975;GSE57338_HEART_GSM1379976;GSE57338_HEART_GSM1379977;GSE57338_HEART_GSM1379978;GSE57338_HEART_GSM1379979;GSE57338_HEART_GSM1379980;GSE57338_HEART_GSM1379981;GSE57338_HEART_GSM1379982;GSE57338_HEART_GSM1379983;GSE57338_HEART_GSM1379984;GSE57338_HEART_GSM1379985;GSE57338_HEART_GSM1379986;GSE57338_HEART_GSM1379987;GSE57338_HEART_GSM1379988;GSE57338_HEART_GSM1379989;GSE57338_HEART_GSM1379990;GSE57338_HEART_GSM1379991;GSE57338_HEART_GSM1379992;GSE57338_HEART_GSM1379993;GSE57338_HEART_GSM1379994;GSE57338_HEART_GSM1379995;GSE57338_HEART_GSM1379996;GSE57338_HEART_GSM1379997;GSE57338_HEART_GSM1379998;GSE57338_HEART_GSM1379999;GSE57338_HEART_GSM1380000;GSE57338_HEART_GSM1380001;GSE57338_HEART_GSM1380002;GSE57338_HEART_GSM1380003;GSE57338_HEART_GSM1380004;GSE57338_HEART_GSM1380005;GSE57338_HEART_GSM1380006;GSE57338_HEART_GSM1380007;GSE57338_HEART_GSM1380008;GSE57338_HEART_GSM1380009;GSE57338_HEART_GSM1380010;GSE57338_HEART_GSM1380011;GSE57338_HEART_GSM1380012;GSE57338_HEART_GSM1380013;GSE57338_HEART_GSM1380014;GSE57338_HEART_GSM1380015;GSE57338_HEART_GSM1380016;GSE57338_HEART_GSM1380017;GSE57338_HEART_GSM1380018;GSE57338_HEART_GSM1380019;GSE57338_HEART_GSM1380020;GSE57338_HEART_GSM1380021;GSE57338_HEART_GSM1380022;GSE57338_HEART_GSM1380023;GSE57338_HEART_GSM1380024;GSE57338_HEART_GSM1380025;GSE57338_HEART_GSM1380026;GSE57338_HEART_GSM1380027;GSE57338_HEART_GSM1380028;GSE57338_HEART_GSM1380029;GSE57338_HEART_GSM1380030;GSE57338_HEART_GSM1380031;GSE57338_HEART_GSM1380032;GSE57338_HEART_GSM1380033;GSE57338_HEART_GSM1380034;GSE57338_HEART_GSM1380035;GSE57338_HEART_GSM1380036;GSE57338_HEART_GSM1380037;GSE57338_HEART_GSM1380038;GSE57338_HEART_GSM1380039;GSE57338_HEART_GSM1380040;GSE57338_HEART_GSM1380041;GSE57338_HEART_GSM1380042;GSE57338_HEART_GSM1380043;GSE57338_HEART_GSM1380044;GSE57338_HEART_GSM1380045;GSE57338_HEART_GSM1380046;GSE57338_HEART_GSM1380047;GSE57338_HEART_GSM1380048;GSE57338_HEART_GSM1380049;GSE57338_HEART_GSM1380050;GSE57338_HEART_GSM1380051;GSE57338_HEART_GSM1380052;GSE57338_HEART_GSM1380053;GSE57338_HEART_GSM1380054;GSE57338_HEART_GSM1380055;GSE57338_HEART_GSM1380056;GSE57338_HEART_GSM1380057;GSE57338_HEART_GSM1380058;GSE57338_HEART_GSM1380059;GSE57338_HEART_GSM1380060;GSE57338_HEART_GSM1380061;GSE57338_HEART_GSM1380062;GSE57338_HEART_GSM1380063;GSE57338_HEART_GSM1380064;GSE57338_HEART_GSM1380065;GSE57338_HEART_GSM1380066;GSE57338_HEART_GSM1380067;GSE57338_HEART_GSM1380068;GSE57338_HEART_GSM1380069;GSE57338_HEART_GSM1380070;GSE57338_HEART_GSM1380071;GSE57338_HEART_GSM1380072;GSE57338_HEART_GSM1380073;GSE57338_HEART_GSM1380074;GSE57338_HEART_GSM1380075;GSE57338_HEART_GSM1380076;GSE57338_HEART_GSM1380077;GSE57338_HEART_GSM1380078;GSE57338_HEART_GSM1380079;GSE57338_HEART_GSM1380080;GSE57338_HEART_GSM1380081;GSE57338_HEART_GSM1380082;GSE57338_HEART_GSM1380083;GSE57338_HEART_GSM1380084;GSE57338_HEART_GSM1380085;GSE57338_HEART_GSM1380086;GSE57338_HEART_GSM1380087;GSE57338_HEART_GSM1380088;GSE57338_HEART_GSM1380089;GSE57338_HEART_GSM1380090;GSE57338_HEART_GSM1380091;GSE57338_HEART_GSM1380092;GSE57338_HEART_GSM1380093;GSE57338_HEART_GSM1380094;GSE57338_HEART_GSM1380095;GSE57338_HEART_GSM1380096;GSE57338_HEART_GSM1380097;GSE57338_HEART_GSM1380098;GSE57338_HEART_GSM1380099;GSE57338_HEART_GSM1380100;GSE57338_HEART_GSM1380101;GSE57338_HEART_GSM1380102;GSE57338_HEART_GSM1380103;GSE57338_HEART_GSM1380104;GSE57338_HEART_GSM1380105;GSE57338_HEART_GSM1380106;GSE57338_HEART_GSM1380107;GSE57338_HEART_GSM1380108;GSE57338_HEART_GSM1380109;GSE57338_HEART_GSM1380110;GSE57338_HEART_GSM1380111;GSE57338_HEART_GSM1380112;GSE57338_HEART_GSM1380113;GSE57338_HEART_GSM1380114;GSE57338_HEART_GSM1380115;GSE57338_HEART_GSM1380116;GSE57338_HEART_GSM1380117;GSE57338_HEART_GSM1380118;GSE57338_HEART_GSM1380119;GSE57338_HEART_GSM1380120;GSE57338_HEART_GSM1380121;GSE57338_HEART_GSM1380122;GSE57338_HEART_GSM1380123;GSE57338_HEART_GSM1380124,"IschemicCardiomyopathyFemale-Ctrl_logFC,IschemicCardiomyopathyFemale-Ctrl_Pvalue,IschemicCardiomyopathyFemale-Ctrl_AdjPValue","Jia C, Guan W, Yang A, Xiao R et al. PMID: 26134005",2015,Affymetrix Human Gene 1.1 ST Array,Heart,Heart Failure,Human,313,https://www.ncbi.nlm.nih.gov/geo/query/acc.cgi?acc=GSE57338,BulkExpressionProfile,Array,FALSE,FALSE,TRUE,NA,,
GSE57338,GPL11532,"XXXXXXXXXXXXXXXXXX000X000X0XXX0XXXX0X0XX00X0XXXXXX,X0XX00X0X0XXX000XXXXXXXX0XXXXX0000000X0X0XX00000X0,X0X0XXXXX00XXX00XXX1XX1XXXXXXX1XXXXXXXXXXXXXXXXXXX,0XXX00X0XX000X00XXX00000XXXXXXX1X11XXXXXXXXXXX0X0X,X000XXXXXXX1XXXXXXXXX11XXX1XXXXXXXXXXXXXXXXXXXXXXX,XXXXXX1XXX1XXXXXXXXXXXXXXXXXXXXX111X1XXX11XXXXXXXX,XXXXXXXXX1X0X", GSE57338_HEART_GSM1379812;GSE57338_HEART_GSM1379813;GSE57338_HEART_GSM1379814;GSE57338_HEART_GSM1379815;GSE57338_HEART_GSM1379816;GSE57338_HEART_GSM1379817;GSE57338_HEART_GSM1379818;GSE57338_HEART_GSM1379819;GSE57338_HEART_GSM1379820;GSE57338_HEART_GSM1379821;GSE57338_HEART_GSM1379822;GSE57338_HEART_GSM1379823;GSE57338_HEART_GSM1379824;GSE57338_HEART_GSM1379825;GSE57338_HEART_GSM1379826;GSE57338_HEART_GSM1379827;GSE57338_HEART_GSM1379828;GSE57338_HEART_GSM1379829;GSE57338_HEART_GSM1379830;GSE57338_HEART_GSM1379831;GSE57338_HEART_GSM1379832;GSE57338_HEART_GSM1379833;GSE57338_HEART_GSM1379834;GSE57338_HEART_GSM1379835;GSE57338_HEART_GSM1379836;GSE57338_HEART_GSM1379837;GSE57338_HEART_GSM1379838;GSE57338_HEART_GSM1379839;GSE57338_HEART_GSM1379840;GSE57338_HEART_GSM1379841;GSE57338_HEART_GSM1379842;GSE57338_HEART_GSM1379843;GSE57338_HEART_GSM1379844;GSE57338_HEART_GSM1379845;GSE57338_HEART_GSM1379846;GSE57338_HEART_GSM1379847;GSE57338_HEART_GSM1379848;GSE57338_HEART_GSM1379849;GSE57338_HEART_GSM1379850;GSE57338_HEART_GSM1379851;GSE57338_HEART_GSM1379852;GSE57338_HEART_GSM1379853;GSE57338_HEART_GSM1379854;GSE57338_HEART_GSM1379855;GSE57338_HEART_GSM1379856;GSE57338_HEART_GSM1379857;GSE57338_HEART_GSM1379858;GSE57338_HEART_GSM1379859;GSE57338_HEART_GSM1379860;GSE57338_HEART_GSM1379861;GSE57338_HEART_GSM1379862;GSE57338_HEART_GSM1379863;GSE57338_HEART_GSM1379864;GSE57338_HEART_GSM1379865;GSE57338_HEART_GSM1379866;GSE57338_HEART_GSM1379867;GSE57338_HEART_GSM1379868;GSE57338_HEART_GSM1379869;GSE57338_HEART_GSM1379870;GSE57338_HEART_GSM1379871;GSE57338_HEART_GSM1379872;GSE57338_HEART_GSM1379873;GSE57338_HEART_GSM1379874;GSE57338_HEART_GSM1379875;GSE57338_HEART_GSM1379876;GSE57338_HEART_GSM1379877;GSE57338_HEART_GSM1379878;GSE57338_HEART_GSM1379879;GSE57338_HEART_GSM1379880;GSE57338_HEART_GSM1379881;GSE57338_HEART_GSM1379882;GSE57338_HEART_GSM1379883;GSE57338_HEART_GSM1379884;GSE57338_HEART_GSM1379885;GSE57338_HEART_GSM1379886;GSE57338_HEART_GSM1379887;GSE57338_HEART_GSM1379888;GSE57338_HEART_GSM1379889;GSE57338_HEART_GSM1379890;GSE57338_HEART_GSM1379891;GSE57338_HEART_GSM1379892;GSE57338_HEART_GSM1379893;GSE57338_HEART_GSM1379894;GSE57338_HEART_GSM1379895;GSE57338_HEART_GSM1379896;GSE57338_HEART_GSM1379897;GSE57338_HEART_GSM1379898;GSE57338_HEART_GSM1379899;GSE57338_HEART_GSM1379900;GSE57338_HEART_GSM1379901;GSE57338_HEART_GSM1379902;GSE57338_HEART_GSM1379903;GSE57338_HEART_GSM1379904;GSE57338_HEART_GSM1379905;GSE57338_HEART_GSM1379906;GSE57338_HEART_GSM1379907;GSE57338_HEART_GSM1379908;GSE57338_HEART_GSM1379909;GSE57338_HEART_GSM1379910;GSE57338_HEART_GSM1379911;GSE57338_HEART_GSM1379912;GSE57338_HEART_GSM1379913;GSE57338_HEART_GSM1379914;GSE57338_HEART_GSM1379915;GSE57338_HEART_GSM1379916;GSE57338_HEART_GSM1379917;GSE57338_HEART_GSM1379918;GSE57338_HEART_GSM1379919;GSE57338_HEART_GSM1379920;GSE57338_HEART_GSM1379921;GSE57338_HEART_GSM1379922;GSE57338_HEART_GSM1379923;GSE57338_HEART_GSM1379924;GSE57338_HEART_GSM1379925;GSE57338_HEART_GSM1379926;GSE57338_HEART_GSM1379927;GSE57338_HEART_GSM1379928;GSE57338_HEART_GSM1379929;GSE57338_HEART_GSM1379930;GSE57338_HEART_GSM1379931;GSE57338_HEART_GSM1379932;GSE57338_HEART_GSM1379933;GSE57338_HEART_GSM1379934;GSE57338_HEART_GSM1379935;GSE57338_HEART_GSM1379936;GSE57338_HEART_GSM1379937;GSE57338_HEART_GSM1379938;GSE57338_HEART_GSM1379939;GSE57338_HEART_GSM1379940;GSE57338_HEART_GSM1379941;GSE57338_HEART_GSM1379942;GSE57338_HEART_GSM1379943;GSE57338_HEART_GSM1379944;GSE57338_HEART_GSM1379945;GSE57338_HEART_GSM1379946;GSE57338_HEART_GSM1379947;GSE57338_HEART_GSM1379948;GSE57338_HEART_GSM1379949;GSE57338_HEART_GSM1379950;GSE57338_HEART_GSM1379951;GSE57338_HEART_GSM1379952;GSE57338_HEART_GSM1379953;GSE57338_HEART_GSM1379954;GSE57338_HEART_GSM1379955;GSE57338_HEART_GSM1379956;GSE57338_HEART_GSM1379957;GSE57338_HEART_GSM1379958;GSE57338_HEART_GSM1379959;GSE57338_HEART_GSM1379960;GSE57338_HEART_GSM1379961;GSE57338_HEART_GSM1379962;GSE57338_HEART_GSM1379963;GSE57338_HEART_GSM1379964;GSE57338_HEART_GSM1379965;GSE57338_HEART_GSM1379966;GSE57338_HEART_GSM1379967;GSE57338_HEART_GSM1379968;GSE57338_HEART_GSM1379969;GSE57338_HEART_GSM1379970;GSE57338_HEART_GSM1379971;GSE57338_HEART_GSM1379972;GSE57338_HEART_GSM1379973;GSE57338_HEART_GSM1379974;GSE57338_HEART_GSM1379975;GSE57338_HEART_GSM1379976;GSE57338_HEART_GSM1379977;GSE57338_HEART_GSM1379978;GSE57338_HEART_GSM1379979;GSE57338_HEART_GSM1379980;GSE57338_HEART_GSM1379981;GSE57338_HEART_GSM1379982;GSE57338_HEART_GSM1379983;GSE57338_HEART_GSM1379984;GSE57338_HEART_GSM1379985;GSE57338_HEART_GSM1379986;GSE57338_HEART_GSM1379987;GSE57338_HEART_GSM1379988;GSE57338_HEART_GSM1379989;GSE57338_HEART_GSM1379990;GSE57338_HEART_GSM1379991;GSE57338_HEART_GSM1379992;GSE57338_HEART_GSM1379993;GSE57338_HEART_GSM1379994;GSE57338_HEART_GSM1379995;GSE57338_HEART_GSM1379996;GSE57338_HEART_GSM1379997;GSE57338_HEART_GSM1379998;GSE57338_HEART_GSM1379999;GSE57338_HEART_GSM1380000;GSE57338_HEART_GSM1380001;GSE57338_HEART_GSM1380002;GSE57338_HEART_GSM1380003;GSE57338_HEART_GSM1380004;GSE57338_HEART_GSM1380005;GSE57338_HEART_GSM1380006;GSE57338_HEART_GSM1380007;GSE57338_HEART_GSM1380008;GSE57338_HEART_GSM1380009;GSE57338_HEART_GSM1380010;GSE57338_HEART_GSM1380011;GSE57338_HEART_GSM1380012;GSE57338_HEART_GSM1380013;GSE57338_HEART_GSM1380014;GSE57338_HEART_GSM1380015;GSE57338_HEART_GSM1380016;GSE57338_HEART_GSM1380017;GSE57338_HEART_GSM1380018;GSE57338_HEART_GSM1380019;GSE57338_HEART_GSM1380020;GSE57338_HEART_GSM1380021;GSE57338_HEART_GSM1380022;GSE57338_HEART_GSM1380023;GSE57338_HEART_GSM1380024;GSE57338_HEART_GSM1380025;GSE57338_HEART_GSM1380026;GSE57338_HEART_GSM1380027;GSE57338_HEART_GSM1380028;GSE57338_HEART_GSM1380029;GSE57338_HEART_GSM1380030;GSE57338_HEART_GSM1380031;GSE57338_HEART_GSM1380032;GSE57338_HEART_GSM1380033;GSE57338_HEART_GSM1380034;GSE57338_HEART_GSM1380035;GSE57338_HEART_GSM1380036;GSE57338_HEART_GSM1380037;GSE57338_HEART_GSM1380038;GSE57338_HEART_GSM1380039;GSE57338_HEART_GSM1380040;GSE57338_HEART_GSM1380041;GSE57338_HEART_GSM1380042;GSE57338_HEART_GSM1380043;GSE57338_HEART_GSM1380044;GSE57338_HEART_GSM1380045;GSE57338_HEART_GSM1380046;GSE57338_HEART_GSM1380047;GSE57338_HEART_GSM1380048;GSE57338_HEART_GSM1380049;GSE57338_HEART_GSM1380050;GSE57338_HEART_GSM1380051;GSE57338_HEART_GSM1380052;GSE57338_HEART_GSM1380053;GSE57338_HEART_GSM1380054;GSE57338_HEART_GSM1380055;GSE57338_HEART_GSM1380056;GSE57338_HEART_GSM1380057;GSE57338_HEART_GSM1380058;GSE57338_HEART_GSM1380059;GSE57338_HEART_GSM1380060;GSE57338_HEART_GSM1380061;GSE57338_HEART_GSM1380062;GSE57338_HEART_GSM1380063;GSE57338_HEART_GSM1380064;GSE57338_HEART_GSM1380065;GSE57338_HEART_GSM1380066;GSE57338_HEART_GSM1380067;GSE57338_HEART_GSM1380068;GSE57338_HEART_GSM1380069;GSE57338_HEART_GSM1380070;GSE57338_HEART_GSM1380071;GSE57338_HEART_GSM1380072;GSE57338_HEART_GSM1380073;GSE57338_HEART_GSM1380074;GSE57338_HEART_GSM1380075;GSE57338_HEART_GSM1380076;GSE57338_HEART_GSM1380077;GSE57338_HEART_GSM1380078;GSE57338_HEART_GSM1380079;GSE57338_HEART_GSM1380080;GSE57338_HEART_GSM1380081;GSE57338_HEART_GSM1380082;GSE57338_HEART_GSM1380083;GSE57338_HEART_GSM1380084;GSE57338_HEART_GSM1380085;GSE57338_HEART_GSM1380086;GSE57338_HEART_GSM1380087;GSE57338_HEART_GSM1380088;GSE57338_HEART_GSM1380089;GSE57338_HEART_GSM1380090;GSE57338_HEART_GSM1380091;GSE57338_HEART_GSM1380092;GSE57338_HEART_GSM1380093;GSE57338_HEART_GSM1380094;GSE57338_HEART_GSM1380095;GSE57338_HEART_GSM1380096;GSE57338_HEART_GSM1380097;GSE57338_HEART_GSM1380098;GSE57338_HEART_GSM1380099;GSE57338_HEART_GSM1380100;GSE57338_HEART_GSM1380101;GSE57338_HEART_GSM1380102;GSE57338_HEART_GSM1380103;GSE57338_HEART_GSM1380104;GSE57338_HEART_GSM1380105;GSE57338_HEART_GSM1380106;GSE57338_HEART_GSM1380107;GSE57338_HEART_GSM1380108;GSE57338_HEART_GSM1380109;GSE57338_HEART_GSM1380110;GSE57338_HEART_GSM1380111;GSE57338_HEART_GSM1380112;GSE57338_HEART_GSM1380113;GSE57338_HEART_GSM1380114;GSE57338_HEART_GSM1380115;GSE57338_HEART_GSM1380116;GSE57338_HEART_GSM1380117;GSE57338_HEART_GSM1380118;GSE57338_HEART_GSM1380119;GSE57338_HEART_GSM1380120;GSE57338_HEART_GSM1380121;GSE57338_HEART_GSM1380122;GSE57338_HEART_GSM1380123;GSE57338_HEART_GSM1380124,"DilatedCardiomyopathyFemale-Ctrl_logFC,DilatedCardiomyopathyFemale-Ctrl_Pvalue,DilatedCardiomyopathyFemale-Ctrl_AdjPValue","Jia C, Guan W, Yang A, Xiao R et al. PMID: 26134005",2015,Affymetrix Human Gene 1.1 ST Array,Heart,Heart Failure,Human,313,https://www.ncbi.nlm.nih.gov/geo/query/acc.cgi?acc=GSE57338,BulkExpressionProfile,Array,FALSE,FALSE,TRUE,NA,,
GSE57338,GPL11532,"XX11XXXXX1111X1X11XXX0XXX0X000X0000X0X00XX0X000000,0X00XX0X0X000XXX0X000000X00000XXXXXXX0X0X00XXXXX0X,0X0XXX000XX000XX1X1XX1XXXX1XXXX1X1XX1XX111XXXX1110,XX10XX0X00XXX0XX000XXXXX0000001XXXX111111X11X1XXX0,0XXXXX11X0XX1XX0XX1XXXXXXXXX11X111X1X1X11X1XX1XX11,X11111X1X1XXXX1XX1XXXXXX11X111X1XXX1XX1XXX11XX1111,111111X11X0X0", GSE57338_HEART_GSM1379812;GSE57338_HEART_GSM1379813;GSE57338_HEART_GSM1379814;GSE57338_HEART_GSM1379815;GSE57338_HEART_GSM1379816;GSE57338_HEART_GSM1379817;GSE57338_HEART_GSM1379818;GSE57338_HEART_GSM1379819;GSE57338_HEART_GSM1379820;GSE57338_HEART_GSM1379821;GSE57338_HEART_GSM1379822;GSE57338_HEART_GSM1379823;GSE57338_HEART_GSM1379824;GSE57338_HEART_GSM1379825;GSE57338_HEART_GSM1379826;GSE57338_HEART_GSM1379827;GSE57338_HEART_GSM1379828;GSE57338_HEART_GSM1379829;GSE57338_HEART_GSM1379830;GSE57338_HEART_GSM1379831;GSE57338_HEART_GSM1379832;GSE57338_HEART_GSM1379833;GSE57338_HEART_GSM1379834;GSE57338_HEART_GSM1379835;GSE57338_HEART_GSM1379836;GSE57338_HEART_GSM1379837;GSE57338_HEART_GSM1379838;GSE57338_HEART_GSM1379839;GSE57338_HEART_GSM1379840;GSE57338_HEART_GSM1379841;GSE57338_HEART_GSM1379842;GSE57338_HEART_GSM1379843;GSE57338_HEART_GSM1379844;GSE57338_HEART_GSM1379845;GSE57338_HEART_GSM1379846;GSE57338_HEART_GSM1379847;GSE57338_HEART_GSM1379848;GSE57338_HEART_GSM1379849;GSE57338_HEART_GSM1379850;GSE57338_HEART_GSM1379851;GSE57338_HEART_GSM1379852;GSE57338_HEART_GSM1379853;GSE57338_HEART_GSM1379854;GSE57338_HEART_GSM1379855;GSE57338_HEART_GSM1379856;GSE57338_HEART_GSM1379857;GSE57338_HEART_GSM1379858;GSE57338_HEART_GSM1379859;GSE57338_HEART_GSM1379860;GSE57338_HEART_GSM1379861;GSE57338_HEART_GSM1379862;GSE57338_HEART_GSM1379863;GSE57338_HEART_GSM1379864;GSE57338_HEART_GSM1379865;GSE57338_HEART_GSM1379866;GSE57338_HEART_GSM1379867;GSE57338_HEART_GSM1379868;GSE57338_HEART_GSM1379869;GSE57338_HEART_GSM1379870;GSE57338_HEART_GSM1379871;GSE57338_HEART_GSM1379872;GSE57338_HEART_GSM1379873;GSE57338_HEART_GSM1379874;GSE57338_HEART_GSM1379875;GSE57338_HEART_GSM1379876;GSE57338_HEART_GSM1379877;GSE57338_HEART_GSM1379878;GSE57338_HEART_GSM1379879;GSE57338_HEART_GSM1379880;GSE57338_HEART_GSM1379881;GSE57338_HEART_GSM1379882;GSE57338_HEART_GSM1379883;GSE57338_HEART_GSM1379884;GSE57338_HEART_GSM1379885;GSE57338_HEART_GSM1379886;GSE57338_HEART_GSM1379887;GSE57338_HEART_GSM1379888;GSE57338_HEART_GSM1379889;GSE57338_HEART_GSM1379890;GSE57338_HEART_GSM1379891;GSE57338_HEART_GSM1379892;GSE57338_HEART_GSM1379893;GSE57338_HEART_GSM1379894;GSE57338_HEART_GSM1379895;GSE57338_HEART_GSM1379896;GSE57338_HEART_GSM1379897;GSE57338_HEART_GSM1379898;GSE57338_HEART_GSM1379899;GSE57338_HEART_GSM1379900;GSE57338_HEART_GSM1379901;GSE57338_HEART_GSM1379902;GSE57338_HEART_GSM1379903;GSE57338_HEART_GSM1379904;GSE57338_HEART_GSM1379905;GSE57338_HEART_GSM1379906;GSE57338_HEART_GSM1379907;GSE57338_HEART_GSM1379908;GSE57338_HEART_GSM1379909;GSE57338_HEART_GSM1379910;GSE57338_HEART_GSM1379911;GSE57338_HEART_GSM1379912;GSE57338_HEART_GSM1379913;GSE57338_HEART_GSM1379914;GSE57338_HEART_GSM1379915;GSE57338_HEART_GSM1379916;GSE57338_HEART_GSM1379917;GSE57338_HEART_GSM1379918;GSE57338_HEART_GSM1379919;GSE57338_HEART_GSM1379920;GSE57338_HEART_GSM1379921;GSE57338_HEART_GSM1379922;GSE57338_HEART_GSM1379923;GSE57338_HEART_GSM1379924;GSE57338_HEART_GSM1379925;GSE57338_HEART_GSM1379926;GSE57338_HEART_GSM1379927;GSE57338_HEART_GSM1379928;GSE57338_HEART_GSM1379929;GSE57338_HEART_GSM1379930;GSE57338_HEART_GSM1379931;GSE57338_HEART_GSM1379932;GSE57338_HEART_GSM1379933;GSE57338_HEART_GSM1379934;GSE57338_HEART_GSM1379935;GSE57338_HEART_GSM1379936;GSE57338_HEART_GSM1379937;GSE57338_HEART_GSM1379938;GSE57338_HEART_GSM1379939;GSE57338_HEART_GSM1379940;GSE57338_HEART_GSM1379941;GSE57338_HEART_GSM1379942;GSE57338_HEART_GSM1379943;GSE57338_HEART_GSM1379944;GSE57338_HEART_GSM1379945;GSE57338_HEART_GSM1379946;GSE57338_HEART_GSM1379947;GSE57338_HEART_GSM1379948;GSE57338_HEART_GSM1379949;GSE57338_HEART_GSM1379950;GSE57338_HEART_GSM1379951;GSE57338_HEART_GSM1379952;GSE57338_HEART_GSM1379953;GSE57338_HEART_GSM1379954;GSE57338_HEART_GSM1379955;GSE57338_HEART_GSM1379956;GSE57338_HEART_GSM1379957;GSE57338_HEART_GSM1379958;GSE57338_HEART_GSM1379959;GSE57338_HEART_GSM1379960;GSE57338_HEART_GSM1379961;GSE57338_HEART_GSM1379962;GSE57338_HEART_GSM1379963;GSE57338_HEART_GSM1379964;GSE57338_HEART_GSM1379965;GSE57338_HEART_GSM1379966;GSE57338_HEART_GSM1379967;GSE57338_HEART_GSM1379968;GSE57338_HEART_GSM1379969;GSE57338_HEART_GSM1379970;GSE57338_HEART_GSM1379971;GSE57338_HEART_GSM1379972;GSE57338_HEART_GSM1379973;GSE57338_HEART_GSM1379974;GSE57338_HEART_GSM1379975;GSE57338_HEART_GSM1379976;GSE57338_HEART_GSM1379977;GSE57338_HEART_GSM1379978;GSE57338_HEART_GSM1379979;GSE57338_HEART_GSM1379980;GSE57338_HEART_GSM1379981;GSE57338_HEART_GSM1379982;GSE57338_HEART_GSM1379983;GSE57338_HEART_GSM1379984;GSE57338_HEART_GSM1379985;GSE57338_HEART_GSM1379986;GSE57338_HEART_GSM1379987;GSE57338_HEART_GSM1379988;GSE57338_HEART_GSM1379989;GSE57338_HEART_GSM1379990;GSE57338_HEART_GSM1379991;GSE57338_HEART_GSM1379992;GSE57338_HEART_GSM1379993;GSE57338_HEART_GSM1379994;GSE57338_HEART_GSM1379995;GSE57338_HEART_GSM1379996;GSE57338_HEART_GSM1379997;GSE57338_HEART_GSM1379998;GSE57338_HEART_GSM1379999;GSE57338_HEART_GSM1380000;GSE57338_HEART_GSM1380001;GSE57338_HEART_GSM1380002;GSE57338_HEART_GSM1380003;GSE57338_HEART_GSM1380004;GSE57338_HEART_GSM1380005;GSE57338_HEART_GSM1380006;GSE57338_HEART_GSM1380007;GSE57338_HEART_GSM1380008;GSE57338_HEART_GSM1380009;GSE57338_HEART_GSM1380010;GSE57338_HEART_GSM1380011;GSE57338_HEART_GSM1380012;GSE57338_HEART_GSM1380013;GSE57338_HEART_GSM1380014;GSE57338_HEART_GSM1380015;GSE57338_HEART_GSM1380016;GSE57338_HEART_GSM1380017;GSE57338_HEART_GSM1380018;GSE57338_HEART_GSM1380019;GSE57338_HEART_GSM1380020;GSE57338_HEART_GSM1380021;GSE57338_HEART_GSM1380022;GSE57338_HEART_GSM1380023;GSE57338_HEART_GSM1380024;GSE57338_HEART_GSM1380025;GSE57338_HEART_GSM1380026;GSE57338_HEART_GSM1380027;GSE57338_HEART_GSM1380028;GSE57338_HEART_GSM1380029;GSE57338_HEART_GSM1380030;GSE57338_HEART_GSM1380031;GSE57338_HEART_GSM1380032;GSE57338_HEART_GSM1380033;GSE57338_HEART_GSM1380034;GSE57338_HEART_GSM1380035;GSE57338_HEART_GSM1380036;GSE57338_HEART_GSM1380037;GSE57338_HEART_GSM1380038;GSE57338_HEART_GSM1380039;GSE57338_HEART_GSM1380040;GSE57338_HEART_GSM1380041;GSE57338_HEART_GSM1380042;GSE57338_HEART_GSM1380043;GSE57338_HEART_GSM1380044;GSE57338_HEART_GSM1380045;GSE57338_HEART_GSM1380046;GSE57338_HEART_GSM1380047;GSE57338_HEART_GSM1380048;GSE57338_HEART_GSM1380049;GSE57338_HEART_GSM1380050;GSE57338_HEART_GSM1380051;GSE57338_HEART_GSM1380052;GSE57338_HEART_GSM1380053;GSE57338_HEART_GSM1380054;GSE57338_HEART_GSM1380055;GSE57338_HEART_GSM1380056;GSE57338_HEART_GSM1380057;GSE57338_HEART_GSM1380058;GSE57338_HEART_GSM1380059;GSE57338_HEART_GSM1380060;GSE57338_HEART_GSM1380061;GSE57338_HEART_GSM1380062;GSE57338_HEART_GSM1380063;GSE57338_HEART_GSM1380064;GSE57338_HEART_GSM1380065;GSE57338_HEART_GSM1380066;GSE57338_HEART_GSM1380067;GSE57338_HEART_GSM1380068;GSE57338_HEART_GSM1380069;GSE57338_HEART_GSM1380070;GSE57338_HEART_GSM1380071;GSE57338_HEART_GSM1380072;GSE57338_HEART_GSM1380073;GSE57338_HEART_GSM1380074;GSE57338_HEART_GSM1380075;GSE57338_HEART_GSM1380076;GSE57338_HEART_GSM1380077;GSE57338_HEART_GSM1380078;GSE57338_HEART_GSM1380079;GSE57338_HEART_GSM1380080;GSE57338_HEART_GSM1380081;GSE57338_HEART_GSM1380082;GSE57338_HEART_GSM1380083;GSE57338_HEART_GSM1380084;GSE57338_HEART_GSM1380085;GSE57338_HEART_GSM1380086;GSE57338_HEART_GSM1380087;GSE57338_HEART_GSM1380088;GSE57338_HEART_GSM1380089;GSE57338_HEART_GSM1380090;GSE57338_HEART_GSM1380091;GSE57338_HEART_GSM1380092;GSE57338_HEART_GSM1380093;GSE57338_HEART_GSM1380094;GSE57338_HEART_GSM1380095;GSE57338_HEART_GSM1380096;GSE57338_HEART_GSM1380097;GSE57338_HEART_GSM1380098;GSE57338_HEART_GSM1380099;GSE57338_HEART_GSM1380100;GSE57338_HEART_GSM1380101;GSE57338_HEART_GSM1380102;GSE57338_HEART_GSM1380103;GSE57338_HEART_GSM1380104;GSE57338_HEART_GSM1380105;GSE57338_HEART_GSM1380106;GSE57338_HEART_GSM1380107;GSE57338_HEART_GSM1380108;GSE57338_HEART_GSM1380109;GSE57338_HEART_GSM1380110;GSE57338_HEART_GSM1380111;GSE57338_HEART_GSM1380112;GSE57338_HEART_GSM1380113;GSE57338_HEART_GSM1380114;GSE57338_HEART_GSM1380115;GSE57338_HEART_GSM1380116;GSE57338_HEART_GSM1380117;GSE57338_HEART_GSM1380118;GSE57338_HEART_GSM1380119;GSE57338_HEART_GSM1380120;GSE57338_HEART_GSM1380121;GSE57338_HEART_GSM1380122;GSE57338_HEART_GSM1380123;GSE57338_HEART_GSM1380124,"IschemicCardiomyopathyMale-Ctrl_logFC,IschemicCardiomyopathyMale-Ctrl_Pvalue,IschemicCardiomyopathyMale-Ctrl_AdjPValue","Jia C, Guan W, Yang A, Xiao R et al. PMID: 26134005",2015,Affymetrix Human Gene 1.1 ST Array,Heart,Heart Failure,Human,313,https://www.ncbi.nlm.nih.gov/geo/query/acc.cgi?acc=GSE57338,BulkExpressionProfile,Array,FALSE,FALSE,TRUE,NA,,
GSE57338,GPL11532,"1XXX111X1XXXXXX1XXXXX0XXX0X000X0000X0X00XX0X000000,0X00XX0X0X000XXX01000000X00000XXXXXXX0X0X00XXXXX0X,0X0X11000XX000XXX1XX1XX111X111XX1XX1XX1XXX1111XXX0,X1X0XX0X00XXX0XX000XXXXX000000XX1XXXXXXXX1XX1XX1X0,0XXX11XX101XX11011X11XX111X1XXXXXX1X1X1XX1XX1X11XX,1XXXXXXXXXX1X1X11X1X1111XX1XXXXXXXXXX1XXXXXXXXXXXX,XXXXXX1XXX0X0", GSE57338_HEART_GSM1379812;GSE57338_HEART_GSM1379813;GSE57338_HEART_GSM1379814;GSE57338_HEART_GSM1379815;GSE57338_HEART_GSM1379816;GSE57338_HEART_GSM1379817;GSE57338_HEART_GSM1379818;GSE57338_HEART_GSM1379819;GSE57338_HEART_GSM1379820;GSE57338_HEART_GSM1379821;GSE57338_HEART_GSM1379822;GSE57338_HEART_GSM1379823;GSE57338_HEART_GSM1379824;GSE57338_HEART_GSM1379825;GSE57338_HEART_GSM1379826;GSE57338_HEART_GSM1379827;GSE57338_HEART_GSM1379828;GSE57338_HEART_GSM1379829;GSE57338_HEART_GSM1379830;GSE57338_HEART_GSM1379831;GSE57338_HEART_GSM1379832;GSE57338_HEART_GSM1379833;GSE57338_HEART_GSM1379834;GSE57338_HEART_GSM1379835;GSE57338_HEART_GSM1379836;GSE57338_HEART_GSM1379837;GSE57338_HEART_GSM1379838;GSE57338_HEART_GSM1379839;GSE57338_HEART_GSM1379840;GSE57338_HEART_GSM1379841;GSE57338_HEART_GSM1379842;GSE57338_HEART_GSM1379843;GSE57338_HEART_GSM1379844;GSE57338_HEART_GSM1379845;GSE57338_HEART_GSM1379846;GSE57338_HEART_GSM1379847;GSE57338_HEART_GSM1379848;GSE57338_HEART_GSM1379849;GSE57338_HEART_GSM1379850;GSE57338_HEART_GSM1379851;GSE57338_HEART_GSM1379852;GSE57338_HEART_GSM1379853;GSE57338_HEART_GSM1379854;GSE57338_HEART_GSM1379855;GSE57338_HEART_GSM1379856;GSE57338_HEART_GSM1379857;GSE57338_HEART_GSM1379858;GSE57338_HEART_GSM1379859;GSE57338_HEART_GSM1379860;GSE57338_HEART_GSM1379861;GSE57338_HEART_GSM1379862;GSE57338_HEART_GSM1379863;GSE57338_HEART_GSM1379864;GSE57338_HEART_GSM1379865;GSE57338_HEART_GSM1379866;GSE57338_HEART_GSM1379867;GSE57338_HEART_GSM1379868;GSE57338_HEART_GSM1379869;GSE57338_HEART_GSM1379870;GSE57338_HEART_GSM1379871;GSE57338_HEART_GSM1379872;GSE57338_HEART_GSM1379873;GSE57338_HEART_GSM1379874;GSE57338_HEART_GSM1379875;GSE57338_HEART_GSM1379876;GSE57338_HEART_GSM1379877;GSE57338_HEART_GSM1379878;GSE57338_HEART_GSM1379879;GSE57338_HEART_GSM1379880;GSE57338_HEART_GSM1379881;GSE57338_HEART_GSM1379882;GSE57338_HEART_GSM1379883;GSE57338_HEART_GSM1379884;GSE57338_HEART_GSM1379885;GSE57338_HEART_GSM1379886;GSE57338_HEART_GSM1379887;GSE57338_HEART_GSM1379888;GSE57338_HEART_GSM1379889;GSE57338_HEART_GSM1379890;GSE57338_HEART_GSM1379891;GSE57338_HEART_GSM1379892;GSE57338_HEART_GSM1379893;GSE57338_HEART_GSM1379894;GSE57338_HEART_GSM1379895;GSE57338_HEART_GSM1379896;GSE57338_HEART_GSM1379897;GSE57338_HEART_GSM1379898;GSE57338_HEART_GSM1379899;GSE57338_HEART_GSM1379900;GSE57338_HEART_GSM1379901;GSE57338_HEART_GSM1379902;GSE57338_HEART_GSM1379903;GSE57338_HEART_GSM1379904;GSE57338_HEART_GSM1379905;GSE57338_HEART_GSM1379906;GSE57338_HEART_GSM1379907;GSE57338_HEART_GSM1379908;GSE57338_HEART_GSM1379909;GSE57338_HEART_GSM1379910;GSE57338_HEART_GSM1379911;GSE57338_HEART_GSM1379912;GSE57338_HEART_GSM1379913;GSE57338_HEART_GSM1379914;GSE57338_HEART_GSM1379915;GSE57338_HEART_GSM1379916;GSE57338_HEART_GSM1379917;GSE57338_HEART_GSM1379918;GSE57338_HEART_GSM1379919;GSE57338_HEART_GSM1379920;GSE57338_HEART_GSM1379921;GSE57338_HEART_GSM1379922;GSE57338_HEART_GSM1379923;GSE57338_HEART_GSM1379924;GSE57338_HEART_GSM1379925;GSE57338_HEART_GSM1379926;GSE57338_HEART_GSM1379927;GSE57338_HEART_GSM1379928;GSE57338_HEART_GSM1379929;GSE57338_HEART_GSM1379930;GSE57338_HEART_GSM1379931;GSE57338_HEART_GSM1379932;GSE57338_HEART_GSM1379933;GSE57338_HEART_GSM1379934;GSE57338_HEART_GSM1379935;GSE57338_HEART_GSM1379936;GSE57338_HEART_GSM1379937;GSE57338_HEART_GSM1379938;GSE57338_HEART_GSM1379939;GSE57338_HEART_GSM1379940;GSE57338_HEART_GSM1379941;GSE57338_HEART_GSM1379942;GSE57338_HEART_GSM1379943;GSE57338_HEART_GSM1379944;GSE57338_HEART_GSM1379945;GSE57338_HEART_GSM1379946;GSE57338_HEART_GSM1379947;GSE57338_HEART_GSM1379948;GSE57338_HEART_GSM1379949;GSE57338_HEART_GSM1379950;GSE57338_HEART_GSM1379951;GSE57338_HEART_GSM1379952;GSE57338_HEART_GSM1379953;GSE57338_HEART_GSM1379954;GSE57338_HEART_GSM1379955;GSE57338_HEART_GSM1379956;GSE57338_HEART_GSM1379957;GSE57338_HEART_GSM1379958;GSE57338_HEART_GSM1379959;GSE57338_HEART_GSM1379960;GSE57338_HEART_GSM1379961;GSE57338_HEART_GSM1379962;GSE57338_HEART_GSM1379963;GSE57338_HEART_GSM1379964;GSE57338_HEART_GSM1379965;GSE57338_HEART_GSM1379966;GSE57338_HEART_GSM1379967;GSE57338_HEART_GSM1379968;GSE57338_HEART_GSM1379969;GSE57338_HEART_GSM1379970;GSE57338_HEART_GSM1379971;GSE57338_HEART_GSM1379972;GSE57338_HEART_GSM1379973;GSE57338_HEART_GSM1379974;GSE57338_HEART_GSM1379975;GSE57338_HEART_GSM1379976;GSE57338_HEART_GSM1379977;GSE57338_HEART_GSM1379978;GSE57338_HEART_GSM1379979;GSE57338_HEART_GSM1379980;GSE57338_HEART_GSM1379981;GSE57338_HEART_GSM1379982;GSE57338_HEART_GSM1379983;GSE57338_HEART_GSM1379984;GSE57338_HEART_GSM1379985;GSE57338_HEART_GSM1379986;GSE57338_HEART_GSM1379987;GSE57338_HEART_GSM1379988;GSE57338_HEART_GSM1379989;GSE57338_HEART_GSM1379990;GSE57338_HEART_GSM1379991;GSE57338_HEART_GSM1379992;GSE57338_HEART_GSM1379993;GSE57338_HEART_GSM1379994;GSE57338_HEART_GSM1379995;GSE57338_HEART_GSM1379996;GSE57338_HEART_GSM1379997;GSE57338_HEART_GSM1379998;GSE57338_HEART_GSM1379999;GSE57338_HEART_GSM1380000;GSE57338_HEART_GSM1380001;GSE57338_HEART_GSM1380002;GSE57338_HEART_GSM1380003;GSE57338_HEART_GSM1380004;GSE57338_HEART_GSM1380005;GSE57338_HEART_GSM1380006;GSE57338_HEART_GSM1380007;GSE57338_HEART_GSM1380008;GSE57338_HEART_GSM1380009;GSE57338_HEART_GSM1380010;GSE57338_HEART_GSM1380011;GSE57338_HEART_GSM1380012;GSE57338_HEART_GSM1380013;GSE57338_HEART_GSM1380014;GSE57338_HEART_GSM1380015;GSE57338_HEART_GSM1380016;GSE57338_HEART_GSM1380017;GSE57338_HEART_GSM1380018;GSE57338_HEART_GSM1380019;GSE57338_HEART_GSM1380020;GSE57338_HEART_GSM1380021;GSE57338_HEART_GSM1380022;GSE57338_HEART_GSM1380023;GSE57338_HEART_GSM1380024;GSE57338_HEART_GSM1380025;GSE57338_HEART_GSM1380026;GSE57338_HEART_GSM1380027;GSE57338_HEART_GSM1380028;GSE57338_HEART_GSM1380029;GSE57338_HEART_GSM1380030;GSE57338_HEART_GSM1380031;GSE57338_HEART_GSM1380032;GSE57338_HEART_GSM1380033;GSE57338_HEART_GSM1380034;GSE57338_HEART_GSM1380035;GSE57338_HEART_GSM1380036;GSE57338_HEART_GSM1380037;GSE57338_HEART_GSM1380038;GSE57338_HEART_GSM1380039;GSE57338_HEART_GSM1380040;GSE57338_HEART_GSM1380041;GSE57338_HEART_GSM1380042;GSE57338_HEART_GSM1380043;GSE57338_HEART_GSM1380044;GSE57338_HEART_GSM1380045;GSE57338_HEART_GSM1380046;GSE57338_HEART_GSM1380047;GSE57338_HEART_GSM1380048;GSE57338_HEART_GSM1380049;GSE57338_HEART_GSM1380050;GSE57338_HEART_GSM1380051;GSE57338_HEART_GSM1380052;GSE57338_HEART_GSM1380053;GSE57338_HEART_GSM1380054;GSE57338_HEART_GSM1380055;GSE57338_HEART_GSM1380056;GSE57338_HEART_GSM1380057;GSE57338_HEART_GSM1380058;GSE57338_HEART_GSM1380059;GSE57338_HEART_GSM1380060;GSE57338_HEART_GSM1380061;GSE57338_HEART_GSM1380062;GSE57338_HEART_GSM1380063;GSE57338_HEART_GSM1380064;GSE57338_HEART_GSM1380065;GSE57338_HEART_GSM1380066;GSE57338_HEART_GSM1380067;GSE57338_HEART_GSM1380068;GSE57338_HEART_GSM1380069;GSE57338_HEART_GSM1380070;GSE57338_HEART_GSM1380071;GSE57338_HEART_GSM1380072;GSE57338_HEART_GSM1380073;GSE57338_HEART_GSM1380074;GSE57338_HEART_GSM1380075;GSE57338_HEART_GSM1380076;GSE57338_HEART_GSM1380077;GSE57338_HEART_GSM1380078;GSE57338_HEART_GSM1380079;GSE57338_HEART_GSM1380080;GSE57338_HEART_GSM1380081;GSE57338_HEART_GSM1380082;GSE57338_HEART_GSM1380083;GSE57338_HEART_GSM1380084;GSE57338_HEART_GSM1380085;GSE57338_HEART_GSM1380086;GSE57338_HEART_GSM1380087;GSE57338_HEART_GSM1380088;GSE57338_HEART_GSM1380089;GSE57338_HEART_GSM1380090;GSE57338_HEART_GSM1380091;GSE57338_HEART_GSM1380092;GSE57338_HEART_GSM1380093;GSE57338_HEART_GSM1380094;GSE57338_HEART_GSM1380095;GSE57338_HEART_GSM1380096;GSE57338_HEART_GSM1380097;GSE57338_HEART_GSM1380098;GSE57338_HEART_GSM1380099;GSE57338_HEART_GSM1380100;GSE57338_HEART_GSM1380101;GSE57338_HEART_GSM1380102;GSE57338_HEART_GSM1380103;GSE57338_HEART_GSM1380104;GSE57338_HEART_GSM1380105;GSE57338_HEART_GSM1380106;GSE57338_HEART_GSM1380107;GSE57338_HEART_GSM1380108;GSE57338_HEART_GSM1380109;GSE57338_HEART_GSM1380110;GSE57338_HEART_GSM1380111;GSE57338_HEART_GSM1380112;GSE57338_HEART_GSM1380113;GSE57338_HEART_GSM1380114;GSE57338_HEART_GSM1380115;GSE57338_HEART_GSM1380116;GSE57338_HEART_GSM1380117;GSE57338_HEART_GSM1380118;GSE57338_HEART_GSM1380119;GSE57338_HEART_GSM1380120;GSE57338_HEART_GSM1380121;GSE57338_HEART_GSM1380122;GSE57338_HEART_GSM1380123;GSE57338_HEART_GSM1380124,"DilatedCardiomyopathyMale-Ctrl_logFC,DilatedCardiomyopathyMale-Ctrl_Pvalue,DilatedCardiomyopathyMale-Ctrl_AdjPValue","Jia C, Guan W, Yang A, Xiao R et al. PMID: 26134005",2015,Affymetrix Human Gene 1.1 ST Array,Heart,Heart Failure,Human,313,https://www.ncbi.nlm.nih.gov/geo/query/acc.cgi?acc=GSE57338,BulkExpressionProfile,Array,FALSE,FALSE,TRUE,NA,,
GSE148699,GPL23159,",111100000",NA,"HAND2siRNA-Ctrl_logFC,HAND2siRNA-Ctrl_Pvalue,HAND2siRNA-Ctrl_AdjPValue","Giroud M, Tsokanos FF, Caratti G, Kotschi S et al. PMID: 34014371",2021,Affymetrix Clariom S Assay,Adipose,Obesity,Human,9,https://www.ncbi.nlm.nih.gov/geo/query/acc.cgi?acc=GSE148699,BulkExpressionProfile,Array,TRUE,TRUE,TRUE,NA,,
GSE133666,GPL16686,",001101001110100011",NA,"ObeseDiabetes-ObeseCtrl_logFC,ObeseDiabetes-ObeseCtrl_Pvalue,ObeseDiabetes-ObeseCtrl_AdjPValue",,2022,Affymetrix Human Gene 2.0 ST Array,Adipose,Obesity,Human,18,https://www.ncbi.nlm.nih.gov/geo/query/acc.cgi?acc=GSE133666,BulkExpressionProfile,Array,TRUE,TRUE,TRUE,NA,,
GSE92405,GPL19109,",1001011010010011101001011010011010010101101010100011",NA,"OverWeightAdipose-NormalWeightAdipose_logFC,OverWeightAdipose-NormalWeightAdipose_Pvalue,OverWeightAdipose-NormalWeightAdipose_AdjPValue","Heinonen S, Muniandy M, Buzkova J, Mardinoglu A et al. PMID: 27734103",2019,Affymetrix Human Genome U133 Plus 2.0,Adipose,Obesity,Human,52,https://www.ncbi.nlm.nih.gov/geo/query/acc.cgi?acc=GSE92405,BulkExpressionProfile,Array,TRUE,TRUE,TRUE,NA,,
GSE92405,GPL19109,XX01XX101001XXXXXX10XXXX10100110100101XX10101010X01X,NA,"OverWeightAdiposeFemale-NormalWeightAdiposeFemale_logFC,OverWeightAdiposeFemale-NormalWeightAdiposeFemale_Pvalue,OverWeightAdiposeFemale-NormalWeightAdiposeFemale_AdjPValue","Heinonen S, Muniandy M, Buzkova J, Mardinoglu A et al. PMID: 27734103",2019,Affymetrix Human Genome U133 Plus 2.0,Adipose,Obesity,Human,52,https://www.ncbi.nlm.nih.gov/geo/query/acc.cgi?acc=GSE92405,BulkExpressionProfile,Array,FALSE,FALSE,TRUE,NA,,
GSE92405,GPL19109,10XX01XXXXXX001110XX0X01XXXXXXXXXXXXXX01XXXXXXXX10X1,NA,"OverWeightAdiposeMale-NormalWeightAdiposeMale_logFC,OverWeightAdiposeMale-NormalWeightAdiposeMale_Pvalue,OverWeightAdiposeMale-NormalWeightAdiposeMale_AdjPValue","Heinonen S, Muniandy M, Buzkova J, Mardinoglu A et al. PMID: 27734103",2019,Affymetrix Human Genome U133 Plus 2.0,Adipose,Obesity,Human,52,https://www.ncbi.nlm.nih.gov/geo/query/acc.cgi?acc=GSE92405,BulkExpressionProfile,Array,FALSE,FALSE,TRUE,NA,,
GSE110551,GPL570,"1XXXX11111XXXXX111X0111XX1XXX101X01XXXXX1X0XXXXX00,0000000X000X0XX000X1111010000XXXXXXX0XXXXXX011111X,X0XXX0XXXX11XX1XX000X00XX000XXXXXXXXXXX10XX1X0111X,1XX111",NA,"ObeseNonAsthma-LeanNonAsthma_logFC,ObeseNonAsthma-LeanNonAsthma_Pvalue,ObeseNonAsthma-LeanNonAsthma_AdjPValue","Michalovich D, Rodriguez-Perez N, Smolinska S, Pirozynski M et al. PMID: 31836714",2019,Affymetrix Human Genome U133 Plus 2.0 Array,Blood,Obesity,Human,156,https://www.ncbi.nlm.nih.gov/geo/query/acc.cgi?acc=GSE110551,BulkExpressionProfile,Array,TRUE,TRUE,TRUE,NA,,
GSE110551,GPL570,"X1111XXXXX11111XXX1XXXX10X001XXX0XX1XX11X0X00011XX,XXXXXXX1XXX0X01XXX1XXXXXXXXXX0000101X100100XXXXXX1,0X010X1100XX01X00XXX1XX01XXX00000100010XX11X1XXXX1,X11XXX",NA,"ObeseAsthma-LeanAsthma_logFC,ObeseAsthma-LeanAsthma_Pvalue,ObeseAsthma-LeanAsthma_AdjPValue","Michalovich D, Rodriguez-Perez N, Smolinska S, Pirozynski M et al. PMID: 31836714",2019,Affymetrix Human Genome U133 Plus 2.0 Array,Blood,Obesity,Human,156,https://www.ncbi.nlm.nih.gov/geo/query/acc.cgi?acc=GSE110551,BulkExpressionProfile,Array,FALSE,FALSE,TRUE,NA,,
GSE103682,GPL17692,",0101010101010101",NA,"PostDiet-PreDiet_logFC,PostDiet-PreDiet_Pvalue,PostDiet-PreDiet_AdjPValue","Nylén C, Lundell LS, Massart J, Zierath JR et al. PMID: 30481042",2019,Affymetrix Human Gene 2.1 ST Array,Muscle,Obesity,Human,16,https://www.ncbi.nlm.nih.gov/geo/query/acc.cgi?acc=GSE103682,BulkExpressionProfile,Array,TRUE,TRUE,TRUE,NA,,
GSE116801,GPL570,",11111111110000000000",NA,"Exercise-Sedentary_logFC,Exercise-Sedentary_Pvalue,Exercise-Sedentary_AdjPValue","Hirokazu Takahashi, Christiano R. R. Alves, Kristin I. Stanford, Roeland J. W. Middelbeek, et.al. TGF-?2 is an exercise-induced adipokine that regulates glucose and fatty acid metabolism. Nature Metabolism 2019;1:291-303.",2018,Affymetrix Human Genome U133 Plus 2.0 Array,Adipose,Obesity,Human,20,https://www.ncbi.nlm.nih.gov/geo/query/acc.cgi?acc=GSE116801,BulkExpressionProfile,Array,TRUE,TRUE,TRUE,NA,,
GSE113819,GPL17586,",1010101010",NA,"InitialSurgery-Followup_logFC,InitialSurgery-Followup_Pvalue,InitialSurgery-Followup_AdjPValue","Danny Ben-Zvi, Luca Meoli, Wasif M. Abidi, Eirini Nestoridi, et.al. Time-Dependent Molecular Responses Differ between Gastric Bypass and Dieting but Are Conserved Across Species. Cell Metabolism 2018. doi:10.1016/j.cmet.2018.06.004",2018,Affymetrix Human Transcriptome Array 2.0,stomach-jejunum anastomosis,Obesity,Human,10,https://www.ncbi.nlm.nih.gov/geo/query/acc.cgi?acc=GSE113819,BulkExpressionProfile,Array,TRUE,TRUE,TRUE,NA,,
GSE69039,GPL10558,00001111111XXXXXXX,NA,"MildlyObese-Lean_logFC,MildlyObese-Lean_Pvalue,MildlyObese-Lean_AdjPValue","Jung UJ, Seo YR, Ryu R, Choi MS.  PMID: 27501771",2018,Illumina HumanHT-12 V4.0 expression beadchip,Blood,Obesity,Human,18,https://www.ncbi.nlm.nih.gov/geo/query/acc.cgi?acc=GSE69039,BulkExpressionProfile,Array,TRUE,TRUE,TRUE,NA,,
GSE69039,GPL10558,0000XXXXXXX1111111,NA,"ModeratelyObese-Lean_logFC,ModeratelyObese-Lean_Pvalue,ModeratelyObese-Lean_AdjPValue","Jung UJ, Seo YR, Ryu R, Choi MS.  PMID: 27501771",2018,Illumina HumanHT-12 V4.0 expression beadchip,Blood,Obesity,Human,18,https://www.ncbi.nlm.nih.gov/geo/query/acc.cgi?acc=GSE69039,BulkExpressionProfile,Array,FALSE,FALSE,TRUE,NA,,
GSE63992,GPL10558,00000000001111111111XXXX,NA,"InsulinResistant-InsulinSensitive_logFC,InsulinResistant-InsulinSensitive_Pvalue,InsulinResistant-InsulinSensitive_AdjPValue","Veilleux A, Mayeur S, Bérubé JC, Beaulieu JF et al.  PMID: 26376914",2017,Illumina HumanHT-12 V4.0 expression beadchip,Duodenum,Obesity,Human,24,https://www.ncbi.nlm.nih.gov/geo/query/acc.cgi?acc=GSE63992,BulkExpressionProfile,Array,TRUE,TRUE,TRUE,NA,,
GSE103766,GPL19109,0000000000000XXXXXX1111111111111XXXXXXXXXXXXXXXXXXXXXXXXX,NA,"WeightRegainerT1-WeightRegainerT0_logFC,WeightRegainerT1-WeightRegainerT0_Pvalue,WeightRegainerT1-WeightRegainerT0_AdjPValue","Bollepalli S, Kaye S, Heinonen S, Kaprio J et al.  PMID: 28978976",2017,Affymetrix Human Genome U133 Plus 2.0 Array,Adipose,Obesity,Human,57,https://www.ncbi.nlm.nih.gov/geo/query/acc.cgi?acc=GSE103766,BulkExpressionProfile,Array,TRUE,TRUE,TRUE,NA,,
GSE103766,GPL19109,0000000000000XXXXXXXXXXXXXXXXXXXXXXXXX1111111111111XXXXXX,NA,"WeightRegainerT2-WeightRegainerT0_logFC,WeightRegainerT2-WeightRegainerT0_Pvalue,WeightRegainerT2-WeightRegainerT0_AdjPValue","Bollepalli S, Kaye S, Heinonen S, Kaprio J et al.  PMID: 28978976",2017,Affymetrix Human Genome U133 Plus 2.0 Array,Adipose,Obesity,Human,57,https://www.ncbi.nlm.nih.gov/geo/query/acc.cgi?acc=GSE103766,BulkExpressionProfile,Array,FALSE,FALSE,TRUE,NA,,
GSE103766,GPL19109,XXXXXXXXXXXXX000000XXXXXXXXXXXXX111111XXXXXXXXXXXXXXXXXXX,NA,"WeightLooserT1-WeightLooserT0_logFC,WeightLooserT1-WeightLooserT0_Pvalue,WeightLooserT1-WeightLooserT0_AdjPValue","Bollepalli S, Kaye S, Heinonen S, Kaprio J et al.  PMID: 28978976",2017,Affymetrix Human Genome U133 Plus 2.0 Array,Adipose,Obesity,Human,57,https://www.ncbi.nlm.nih.gov/geo/query/acc.cgi?acc=GSE103766,BulkExpressionProfile,Array,FALSE,FALSE,TRUE,NA,,
GSE103766,GPL19109,XXXXXXXXXXXXX000000XXXXXXXXXXXXXXXXXXXXXXXXXXXXXXXX111111,NA,"WeightLooserT2-WeightLooserT0_logFC,WeightLooserT2-WeightLooserT0_Pvalue,WeightLooserT2-WeightLooserT0_AdjPValue","Bollepalli S, Kaye S, Heinonen S, Kaprio J et al.  PMID: 28978976",2017,Affymetrix Human Genome U133 Plus 2.0 Array,Adipose,Obesity,Human,57,https://www.ncbi.nlm.nih.gov/geo/query/acc.cgi?acc=GSE103766,BulkExpressionProfile,Array,FALSE,FALSE,TRUE,NA,,
GSE56960,GPL13667,"01XXXXXXXXXX01XXXXXXXXXX01XXXXXXXXXX01XXXXXXXXXX01,XXXXXXXXXX01XXXXXXXXXX01XXXXXXXXXX01XXXXXXXXXX01XX,XXXXXXXX01XXXXXXXXXX01XXXXXXXXXX01XXXXXXXXXX01XXXX,XXXXXX01XXXXXXXXXX",NA,"FiveHundredCalories2hours-FiveHundredCalories0hours_logFC,FiveHundredCalories2hours-FiveHundredCalories0hours_Pvalue,FiveHundredCalories2hours-FiveHundredCalories0hours_AdjPValue","Gille D, Zangger N, Soneson C, Bütikofer U et al. PMID: 28319853",2017,Affymetrix Human Genome U219 Array,Blood,Obesity,Human,168,https://www.ncbi.nlm.nih.gov/geo/query/acc.cgi?acc=GSE56960,BulkExpressionProfile,Array,TRUE,TRUE,TRUE,NA,,
GSE56960,GPL13667,"0X1XXXXXXXXX0X1XXXXXXXXX0X1XXXXXXXXX0X1XXXXXXXXX0X,1XXXXXXXXX0X1XXXXXXXXX0X1XXXXXXXXX0X1XXXXXXXXX0X1X,XXXXXXXX0X1XXXXXXXXX0X1XXXXXXXXX0X1XXXXXXXXX0X1XXX,XXXXXX0X1XXXXXXXXX",NA,"FiveHundredCalories4hours-FiveHundredCalories0hours_logFC,FiveHundredCalories4hours-FiveHundredCalories0hours_Pvalue,FiveHundredCalories4hours-FiveHundredCalories0hours_AdjPValue","Gille D, Zangger N, Soneson C, Bütikofer U et al. PMID: 28319853",2017,Affymetrix Human Genome U219 Array,Blood,Obesity,Human,168,https://www.ncbi.nlm.nih.gov/geo/query/acc.cgi?acc=GSE56960,BulkExpressionProfile,Array,FALSE,FALSE,TRUE,NA,,
GSE56960,GPL13667,"0XX1XXXXXXXX0XX1XXXXXXXX0XX1XXXXXXXX0XX1XXXXXXXX0X,X1XXXXXXXX0XX1XXXXXXXX0XX1XXXXXXXX0XX1XXXXXXXX0XX1,XXXXXXXX0XX1XXXXXXXX0XX1XXXXXXXX0XX1XXXXXXXX0XX1XX,XXXXXX0XX1XXXXXXXX",NA,"FiveHundredCalories6hours-FiveHundredCalories0hours_logFC,FiveHundredCalories6hours-FiveHundredCalories0hours_Pvalue,FiveHundredCalories6hours-FiveHundredCalories0hours_AdjPValue","Gille D, Zangger N, Soneson C, Bütikofer U et al. PMID: 28319853",2017,Affymetrix Human Genome U219 Array,Blood,Obesity,Human,168,https://www.ncbi.nlm.nih.gov/geo/query/acc.cgi?acc=GSE56960,BulkExpressionProfile,Array,FALSE,FALSE,TRUE,NA,,
GSE56960,GPL13667,"XXXX01XXXXXXXXXX01XXXXXXXXXX01XXXXXXXXXX01XXXXXXXX,XX01XXXXXXXXXX01XXXXXXXXXX01XXXXXXXXXX01XXXXXXXXXX,01XXXXXXXXXX01XXXXXXXXXX01XXXXXXXXXX01XXXXXXXXXX01,XXXXXXXXXX01XXXXXX",NA,"OneThourandCalories2hours-OneThourandCalories0hours_logFC,OneThourandCalories2hours-OneThourandCalories0hours_Pvalue,OneThourandCalories2hours-OneThourandCalories0hours_AdjPValue","Gille D, Zangger N, Soneson C, Bütikofer U et al. PMID: 28319853",2017,Affymetrix Human Genome U219 Array,Blood,Obesity,Human,168,https://www.ncbi.nlm.nih.gov/geo/query/acc.cgi?acc=GSE56960,BulkExpressionProfile,Array,FALSE,FALSE,TRUE,NA,,
GSE56960,GPL13667,"XXXX0X1XXXXXXXXX0X1XXXXXXXXX0X1XXXXXXXXX0X1XXXXXXX,XX0X1XXXXXXXXX0X1XXXXXXXXX0X1XXXXXXXXX0X1XXXXXXXXX,0X1XXXXXXXXX0X1XXXXXXXXX0X1XXXXXXXXX0X1XXXXXXXXX0X,1XXXXXXXXX0X1XXXXX",NA,"OneThourandCalories4hours-OneThourandCalories0hours_logFC,OneThourandCalories4hours-OneThourandCalories0hours_Pvalue,OneThourandCalories4hours-OneThourandCalories0hours_AdjPValue","Gille D, Zangger N, Soneson C, Bütikofer U et al. PMID: 28319853",2017,Affymetrix Human Genome U219 Array,Blood,Obesity,Human,168,https://www.ncbi.nlm.nih.gov/geo/query/acc.cgi?acc=GSE56960,BulkExpressionProfile,Array,FALSE,FALSE,TRUE,NA,,
GSE56960,GPL13667,"XXXX0XX1XXXXXXXX0XX1XXXXXXXX0XX1XXXXXXXX0XX1XXXXXX,XX0XX1XXXXXXXX0XX1XXXXXXXX0XX1XXXXXXXX0XX1XXXXXXXX,0XX1XXXXXXXX0XX1XXXXXXXX0XX1XXXXXXXX0XX1XXXXXXXX0X,X1XXXXXXXX0XX1XXXX",NA,"OneThourandCalories6hours-OneThourandCalories0hours_logFC,OneThourandCalories6hours-OneThourandCalories0hours_Pvalue,OneThourandCalories6hours-OneThourandCalories0hours_AdjPValue","Gille D, Zangger N, Soneson C, Bütikofer U et al. PMID: 28319853",2017,Affymetrix Human Genome U219 Array,Blood,Obesity,Human,168,https://www.ncbi.nlm.nih.gov/geo/query/acc.cgi?acc=GSE56960,BulkExpressionProfile,Array,FALSE,FALSE,TRUE,NA,,
GSE56960,GPL13667,"XXXXXXXX01XXXXXXXXXX01XXXXXXXXXX01XXXXXXXXXX01XXXX,XXXXXX01XXXXXXXXXX01XXXXXXXXXX01XXXXXXXXXX01XXXXXX,XXXX01XXXXXXXXXX01XXXXXXXXXX01XXXXXXXXXX01XXXXXXXX,XX01XXXXXXXXXX01XX",NA,"OneThourandfivehundredCalories2hours-OneThourandfivehundredCalories0hours_logFC,OneThourandfivehundredCalories2hours-OneThourandfivehundredCalories0hours_Pvalue,OneThourandfivehundredCalories2hours-OneThourandfivehundredCalories0hours_AdjPValue","Gille D, Zangger N, Soneson C, Bütikofer U et al. PMID: 28319853",2017,Affymetrix Human Genome U219 Array,Blood,Obesity,Human,168,https://www.ncbi.nlm.nih.gov/geo/query/acc.cgi?acc=GSE56960,BulkExpressionProfile,Array,FALSE,FALSE,TRUE,NA,,
GSE56960,GPL13667,"XXXXXXXX0X1XXXXXXXXX0X1XXXXXXXXX0X1XXXXXXXXX0X1XXX,XXXXXX0X1XXXXXXXXX0X1XXXXXXXXX0X1XXXXXXXXX0X1XXXXX,XXXX0X1XXXXXXXXX0X1XXXXXXXXX0X1XXXXXXXXX0X1XXXXXXX,XX0X1XXXXXXXXX0X1X",NA,"OneThourandfivehundredCalories4hours-OneThourandfivehundredCalories0hours_logFC,OneThourandfivehundredCalories4hours-OneThourandfivehundredCalories0hours_Pvalue,OneThourandfivehundredCalories4hours-OneThourandfivehundredCalories0hours_AdjPValue","Gille D, Zangger N, Soneson C, Bütikofer U et al. PMID: 28319853",2017,Affymetrix Human Genome U219 Array,Blood,Obesity,Human,168,https://www.ncbi.nlm.nih.gov/geo/query/acc.cgi?acc=GSE56960,BulkExpressionProfile,Array,FALSE,FALSE,TRUE,NA,,
GSE56960,GPL13667,"XXXXXXXX0XX1XXXXXXXX0XX1XXXXXXXX0XX1XXXXXXXX0XX1XX,XXXXXX0XX1XXXXXXXX0XX1XXXXXXXX0XX1XXXXXXXX0XX1XXXX,XXXX0XX1XXXXXXXX0XX1XXXXXXXX0XX1XXXXXXXX0XX1XXXXXX,XX0XX1XXXXXXXX0XX1",NA,"OneThourandfivehundredCalories6hours-OneThourandfivehundredCalories0hours_logFC,OneThourandfivehundredCalories6hours-OneThourandfivehundredCalories0hours_Pvalue,OneThourandfivehundredCalories6hours-OneThourandfivehundredCalories0hours_AdjPValue","Gille D, Zangger N, Soneson C, Bütikofer U et al. PMID: 28319853",2017,Affymetrix Human Genome U219 Array,Blood,Obesity,Human,168,https://www.ncbi.nlm.nih.gov/geo/query/acc.cgi?acc=GSE56960,BulkExpressionProfile,Array,FALSE,FALSE,TRUE,NA,,
GSE95777,GPL17692,",0000011111",NA,"HighRateFattyAcidrelease-LowRateFattyAcidrelease_logFC,HighRateFattyAcidrelease-LowRateFattyAcidrelease_Pvalue,HighRateFattyAcidrelease-LowRateFattyAcidrelease_AdjPValue","Van Pelt DW, Guth LM, Wang AY, PMID: 28679624",2017,Affymetrix Human Gene 2.1 ST Array,Adipose,Obesity,Human,10,https://www.ncbi.nlm.nih.gov/geo/query/acc.cgi?acc=GSE95777,BulkExpressionProfile,Array,TRUE,TRUE,TRUE,NA,,
GSE73525,GPL6244,0101XX0101XX01XXXXXX01XX010101,NA,"AfterWeightLossHighProtein-BeforeWeightLossHighProtein_logFC,AfterWeightLossHighProtein-BeforeWeightLossHighProtein_Pvalue,AfterWeightLossHighProtein-BeforeWeightLossHighProtein_AdjPValue","Smith GI, Yoshino J, Kelly SC, Reeds DN et al. PMID: 27732859",2016,Affymetrix Human Gene 1.0 ST Array,Muscle,Obesity,Human,30,https://www.ncbi.nlm.nih.gov/geo/query/acc.cgi?acc=GSE73525,BulkExpressionProfile,Array,TRUE,TRUE,TRUE,NA,,
GSE73525,GPL6244,XXXX01XXXX01XX010101XX01XXXXXX,NA,"AfterWeightLossNormalProtein-BeforeWeightLossNormalProtein_logFC,AfterWeightLossNormalProtein-BeforeWeightLossNormalProtein_Pvalue,AfterWeightLossNormalProtein-BeforeWeightLossNormalProtein_AdjPValue","Smith GI, Yoshino J, Kelly SC, Reeds DN et al. PMID: 27732859",2016,Affymetrix Human Gene 1.0 ST Array,Muscle,Obesity,Human,30,https://www.ncbi.nlm.nih.gov/geo/query/acc.cgi?acc=GSE73525,BulkExpressionProfile,Array,FALSE,FALSE,TRUE,NA,,
GSE87493,GPL6244,",00000000000000111001111111100001",NA,"Obese-Healthy_logFC,Obese-Healthy_Pvalue,Obese-Healthy_AdjPValue","Strojny W, Drozdz D, Fijorek K, Korostynski M et al. PMID: 28272108",2016,Affymetrix Human Gene 1.0 ST Array,leukocytes,Obesity,Human,32,https://www.ncbi.nlm.nih.gov/geo/query/acc.cgi?acc=GSE87493,BulkExpressionProfile,Array,TRUE,TRUE,TRUE,NA,,
GSE70529,GPL6244,01XX1XX01XX01XX01XX01XX01XX01XX01XX0,NA,"FivePercentWeightLoss-Before_logFC,FivePercentWeightLoss-Before_Pvalue,FivePercentWeightLoss-Before_AdjPValue","Magkos F, Fraterrigo G, Yoshino J, Luecking C et al. PMID: 26916363",2016,Affymetrix Human Gene 1.0 ST Array,Adipose,Obesity,Human,36,https://www.ncbi.nlm.nih.gov/geo/query/acc.cgi?acc=GSE70529,BulkExpressionProfile,Array,TRUE,TRUE,TRUE,NA,,
GSE70529,GPL6244,0X1XX1X0X1X0X1X0X1X0X1X0X1X0X1X0X1X0,NA,"TenPercentWeightLoss-Before_logFC,TenPercentWeightLoss-Before_Pvalue,TenPercentWeightLoss-Before_AdjPValue","Magkos F, Fraterrigo G, Yoshino J, Luecking C et al. PMID: 26916363",2016,Affymetrix Human Gene 1.0 ST Array,Adipose,Obesity,Human,36,https://www.ncbi.nlm.nih.gov/geo/query/acc.cgi?acc=GSE70529,BulkExpressionProfile,Array,FALSE,FALSE,TRUE,NA,,
GSE70529,GPL6244,0XX1XX10XX10XX10XX10XX10XX10XX10XX10,NA,"FifteenPercentWeightLoss-Before_logFC,FifteenPercentWeightLoss-Before_Pvalue,FifteenPercentWeightLoss-Before_AdjPValue","Magkos F, Fraterrigo G, Yoshino J, Luecking C et al. PMID: 26916363",2016,Affymetrix Human Gene 1.0 ST Array,Adipose,Obesity,Human,36,https://www.ncbi.nlm.nih.gov/geo/query/acc.cgi?acc=GSE70529,BulkExpressionProfile,Array,FALSE,FALSE,TRUE,NA,,
GSE71416,GPL570,",11111111111111000000",NA,"Diabetic-NonDiabetic_logFC,Diabetic-NonDiabetic_Pvalue,Diabetic-NonDiabetic_AdjPValue","Doumatey AP, Xu H, Huang H, Trivedi NS et al. PMID: 26504501",2015,Affymetrix Human Genome U133 Plus 2.0 Array,Adipose,Obesity,Human,20,https://www.ncbi.nlm.nih.gov/geo/query/acc.cgi?acc=GSE71416,BulkExpressionProfile,Array,TRUE,TRUE,TRUE,NA,,
GSE62832,GPL6244,01010101010101XXXXXXXXXXXXXXXXXXXXXX,NA,"PostMAO-PreMAO_logFC,PostMAO-PreMAO_Pvalue,PostMAO-PreMAO_AdjPValue","Fabbrini E, Yoshino J, Yoshino M, Magkos F et al. PMID: 25555214",2015,Affymetrix Human Gene 1.0 ST Array,Adipose,Obesity,Human,36,https://www.ncbi.nlm.nih.gov/geo/query/acc.cgi?acc=GSE62832,BulkExpressionProfile,Array,TRUE,TRUE,TRUE,NA,,
GSE62832,GPL6244,XXXXXXXXXXXXXX0101010101010101010101,NA,"PostMNO-PreMNO_logFC,PostMNO-PreMNO_Pvalue,PostMNO-PreMNO_AdjPValue","Fabbrini E, Yoshino J, Yoshino M, Magkos F et al. PMID: 25555214",2015,Affymetrix Human Gene 1.0 ST Array,Adipose,Obesity,Human,36,https://www.ncbi.nlm.nih.gov/geo/query/acc.cgi?acc=GSE62832,BulkExpressionProfile,Array,FALSE,FALSE,TRUE,NA,,
GSE83223,GPL10558,00000000000001111111111111XXXXXXXXX,NA,"GastricBypass-Obese_logFC,GastricBypass-Obese_Pvalue,GastricBypass-Obese_AdjPValue","Nonino CB, Noronha NY, de Araújo Ferreira-Julio M, Moriguchi Watanabe L et al. PMID: 34722599",2017,Illumina HumanHT-12 V4.0 expression beadchip,PBMC,Obesity,Human,35,https://www.ncbi.nlm.nih.gov/geo/query/acc.cgi?acc=GSE83223,BulkExpressionProfile,Array,TRUE,TRUE,TRUE,NA,,
GSE83223,GPL10558,1111111111111XXXXXXXXXXXXX000000000,NA,"Obese-Lean_logFC,Obese-Lean_Pvalue,Obese-Lean_AdjPValue","Nonino CB, Noronha NY, de Araújo Ferreira-Julio M, Moriguchi Watanabe L et al. PMID: 34722599",2017,Illumina HumanHT-12 V4.0 expression beadchip,PBMC,Obesity,Human,35,https://www.ncbi.nlm.nih.gov/geo/query/acc.cgi?acc=GSE83223,BulkExpressionProfile,Array,FALSE,FALSE,TRUE,NA,,
GSE55200,GPL17692,000000011111111XXXXXXXX,NA,"MetabolicallyHealthyObese-Lean_logFC,MetabolicallyHealthyObese-Lean_Pvalue,MetabolicallyHealthyObese-Lean_AdjPValue","Badoud F, Lam KP, DiBattista A, Perreault M et al. PMID: 24933025",2014,Affymetrix Human Gene 2.1 ST Array [transcript,Adipose,Obesity,Human,23,https://www.ncbi.nlm.nih.gov/geo/query/acc.cgi?acc=GSE55200,BulkExpressionProfile,Array,TRUE,TRUE,TRUE,NA,,
GSE55200,GPL17692,0000000XXXXXXXX11111111,NA,"MetabolicallyUnHealthyObese-Lean_logFC,MetabolicallyUnHealthyObese-Lean_Pvalue,MetabolicallyUnHealthyObese-Lean_AdjPValue","Badoud F, Lam KP, DiBattista A, Perreault M et al. PMID: 24933025",2014,Affymetrix Human Gene 2.1 ST Array [transcript,Adipose,Obesity,Human,23,https://www.ncbi.nlm.nih.gov/geo/query/acc.cgi?acc=GSE55200,BulkExpressionProfile,Array,FALSE,FALSE,TRUE,NA,,
GSE55205,GPL10558,",00000011111111111111111",NA,"Obese-Lean_logFC,Obese-Lean_Pvalue,Obese-Lean_AdjPValue",,2014,Illumina HumanHT-12 V4.0 expression beadchip,PBMC,Obesity,Human,23,https://www.ncbi.nlm.nih.gov/geo/query/acc.cgi?acc=GSE55205,BulkExpressionProfile,Array,FALSE,TRUE,TRUE,NA,,
GSE55205,GPL10558,0000001111111111XXXXXXX,NA,"ObeseGroupA-Lean_logFC,ObeseGroupA-Lean_Pvalue,ObeseGroupA-Lean_AdjPValue",,2014,Illumina HumanHT-12 V4.0 expression beadchip,PBMC,Obesity,Human,23,https://www.ncbi.nlm.nih.gov/geo/query/acc.cgi?acc=GSE55205,BulkExpressionProfile,Array,FALSE,FALSE,TRUE,NA,,
GSE55205,GPL10558,000000XXXXXXXXXX1111111,NA,"ObeseGroupB-Lean_logFC,ObeseGroupB-Lean_Pvalue,ObeseGroupB-Lean_AdjPValue",,2014,Illumina HumanHT-12 V4.0 expression beadchip,PBMC,Obesity,Human,23,https://www.ncbi.nlm.nih.gov/geo/query/acc.cgi?acc=GSE55205,BulkExpressionProfile,Array,FALSE,FALSE,TRUE,NA,,
GSE35411,GPL10335,00000000011111111XXXXXXXXX,NA,"AfterWeightLoss-Ctrl_logFC,AfterWeightLoss-Ctrl_Pvalue,AfterWeightLoss-Ctrl_AdjPValue","Johansson LE, Danielsson AP, Parikh H, Klintenberg M et al. PMID: 22648723",2012,Affymetrix Human Genome U133 Plus 2.0 Array,Adipose,Obesity,Human,26,https://www.ncbi.nlm.nih.gov/geo/query/acc.cgi?acc=GSE35411,BulkExpressionProfile,Array,TRUE,TRUE,TRUE,NA,,
GSE35411,GPL10335,000000000XXXXXXXX111111111,NA,"AfterWeightMaintenancs-Ctrl_logFC,AfterWeightMaintenancs-Ctrl_Pvalue,AfterWeightMaintenancs-Ctrl_AdjPValue","Johansson LE, Danielsson AP, Parikh H, Klintenberg M et al. PMID: 22648723",2012,Affymetrix Human Genome U133 Plus 2.0 Array,Adipose,Obesity,Human,26,https://www.ncbi.nlm.nih.gov/geo/query/acc.cgi?acc=GSE35411,BulkExpressionProfile,Array,FALSE,FALSE,TRUE,NA,,
GSE35411,GPL10335,0XXX0XX0XXXXXXXXX1XXX1XX1X,NA,"AfterWeightMaintenancsMale-Ctrl_logFC,AfterWeightMaintenancsMale-Ctrl_Pvalue,AfterWeightMaintenancsMale-Ctrl_AdjPValue","Johansson LE, Danielsson AP, Parikh H, Klintenberg M et al. PMID: 22648723",2012,Affymetrix Human Genome U133 Plus 2.0 Array,Adipose,Obesity,Human,26,https://www.ncbi.nlm.nih.gov/geo/query/acc.cgi?acc=GSE35411,BulkExpressionProfile,Array,FALSE,FALSE,TRUE,NA,,
GSE35411,GPL10335,X000X00X0XXXXXXXXX111X11X1,NA,"AfterWeightMaintenancsFemale-Ctrl_logFC,AfterWeightMaintenancsFemale-Ctrl_Pvalue,AfterWeightMaintenancsFemale-Ctrl_AdjPValue","Johansson LE, Danielsson AP, Parikh H, Klintenberg M et al. PMID: 22648723",2012,Affymetrix Human Genome U133 Plus 2.0 Array,Adipose,Obesity,Human,26,https://www.ncbi.nlm.nih.gov/geo/query/acc.cgi?acc=GSE35411,BulkExpressionProfile,Array,FALSE,FALSE,TRUE,NA,,
GSE35411,GPL10335,0XXX0XX0X1XX1XX1XXXXXXXXXX,NA,"AfterWeightLossMale-Ctrl_logFC,AfterWeightLossMale-Ctrl_Pvalue,AfterWeightLossMale-Ctrl_AdjPValue","Johansson LE, Danielsson AP, Parikh H, Klintenberg M et al. PMID: 22648723",2012,Affymetrix Human Genome U133 Plus 2.0 Array,Adipose,Obesity,Human,26,https://www.ncbi.nlm.nih.gov/geo/query/acc.cgi?acc=GSE35411,BulkExpressionProfile,Array,FALSE,FALSE,TRUE,NA,,
GSE35411,GPL10335,X000X00X0X11X11X1XXXXXXXXX,NA,"AfterWeightLossFemale-Ctrl_logFC,AfterWeightLossFemale-Ctrl_Pvalue,AfterWeightLossFemale-Ctrl_AdjPValue","Johansson LE, Danielsson AP, Parikh H, Klintenberg M et al. PMID: 22648723",2012,Affymetrix Human Genome U133 Plus 2.0 Array,Adipose,Obesity,Human,26,https://www.ncbi.nlm.nih.gov/geo/query/acc.cgi?acc=GSE35411,BulkExpressionProfile,Array,FALSE,FALSE,TRUE,NA,,
GSE135251,NA,"1X1X11X11111X11111X11X1XX1X1X1111XX1X111XXXX111X10,00100000XXX1XX11X11111X1XX1111111XX1X1111X11XX11X1,1X11111XX1111X1X11X111111111111X11X111111XX1111X11,11X11X1X11XXXX1XXX111X1X0011111111111X1111X1111XX1,11X11XXX111XX11X",GSE135251_LIVER_GSM3998167;GSE135251_LIVER_GSM3998168;GSE135251_LIVER_GSM3998169;GSE135251_LIVER_GSM3998170;GSE135251_LIVER_GSM3998171;GSE135251_LIVER_GSM3998172;GSE135251_LIVER_GSM3998173;GSE135251_LIVER_GSM3998174;GSE135251_LIVER_GSM3998175;GSE135251_LIVER_GSM3998176;GSE135251_LIVER_GSM3998177;GSE135251_LIVER_GSM3998178;GSE135251_LIVER_GSM3998179;GSE135251_LIVER_GSM3998180;GSE135251_LIVER_GSM3998181;GSE135251_LIVER_GSM3998182;GSE135251_LIVER_GSM3998183;GSE135251_LIVER_GSM3998184;GSE135251_LIVER_GSM3998185;GSE135251_LIVER_GSM3998186;GSE135251_LIVER_GSM3998187;GSE135251_LIVER_GSM3998188;GSE135251_LIVER_GSM3998189;GSE135251_LIVER_GSM3998190;GSE135251_LIVER_GSM3998191;GSE135251_LIVER_GSM3998192;GSE135251_LIVER_GSM3998193;GSE135251_LIVER_GSM3998194;GSE135251_LIVER_GSM3998195;GSE135251_LIVER_GSM3998196;GSE135251_LIVER_GSM3998197;GSE135251_LIVER_GSM3998198;GSE135251_LIVER_GSM3998199;GSE135251_LIVER_GSM3998200;GSE135251_LIVER_GSM3998201;GSE135251_LIVER_GSM3998202;GSE135251_LIVER_GSM3998203;GSE135251_LIVER_GSM3998204;GSE135251_LIVER_GSM3998205;GSE135251_LIVER_GSM3998206;GSE135251_LIVER_GSM3998207;GSE135251_LIVER_GSM3998208;GSE135251_LIVER_GSM3998209;GSE135251_LIVER_GSM3998210;GSE135251_LIVER_GSM3998211;GSE135251_LIVER_GSM3998212;GSE135251_LIVER_GSM3998213;GSE135251_LIVER_GSM3998214;GSE135251_LIVER_GSM3998215;GSE135251_LIVER_GSM3998216;GSE135251_LIVER_GSM3998217;GSE135251_LIVER_GSM3998218;GSE135251_LIVER_GSM3998219;GSE135251_LIVER_GSM3998220;GSE135251_LIVER_GSM3998221;GSE135251_LIVER_GSM3998222;GSE135251_LIVER_GSM3998223;GSE135251_LIVER_GSM3998224;GSE135251_LIVER_GSM3998225;GSE135251_LIVER_GSM3998226;GSE135251_LIVER_GSM3998227;GSE135251_LIVER_GSM3998228;GSE135251_LIVER_GSM3998229;GSE135251_LIVER_GSM3998230;GSE135251_LIVER_GSM3998231;GSE135251_LIVER_GSM3998232;GSE135251_LIVER_GSM3998233;GSE135251_LIVER_GSM3998234;GSE135251_LIVER_GSM3998235;GSE135251_LIVER_GSM3998236;GSE135251_LIVER_GSM3998237;GSE135251_LIVER_GSM3998238;GSE135251_LIVER_GSM3998239;GSE135251_LIVER_GSM3998240;GSE135251_LIVER_GSM3998241;GSE135251_LIVER_GSM3998242;GSE135251_LIVER_GSM3998243;GSE135251_LIVER_GSM3998244;GSE135251_LIVER_GSM3998245;GSE135251_LIVER_GSM3998246;GSE135251_LIVER_GSM3998247;GSE135251_LIVER_GSM3998248;GSE135251_LIVER_GSM3998249;GSE135251_LIVER_GSM3998250;GSE135251_LIVER_GSM3998251;GSE135251_LIVER_GSM3998252;GSE135251_LIVER_GSM3998253;GSE135251_LIVER_GSM3998254;GSE135251_LIVER_GSM3998255;GSE135251_LIVER_GSM3998256;GSE135251_LIVER_GSM3998257;GSE135251_LIVER_GSM3998258;GSE135251_LIVER_GSM3998259;GSE135251_LIVER_GSM3998260;GSE135251_LIVER_GSM3998261;GSE135251_LIVER_GSM3998262;GSE135251_LIVER_GSM3998263;GSE135251_LIVER_GSM3998264;GSE135251_LIVER_GSM3998265;GSE135251_LIVER_GSM3998266;GSE135251_LIVER_GSM3998267;GSE135251_LIVER_GSM3998268;GSE135251_LIVER_GSM3998269;GSE135251_LIVER_GSM3998270;GSE135251_LIVER_GSM3998271;GSE135251_LIVER_GSM3998272;GSE135251_LIVER_GSM3998273;GSE135251_LIVER_GSM3998274;GSE135251_LIVER_GSM3998275;GSE135251_LIVER_GSM3998276;GSE135251_LIVER_GSM3998277;GSE135251_LIVER_GSM3998278;GSE135251_LIVER_GSM3998279;GSE135251_LIVER_GSM3998280;GSE135251_LIVER_GSM3998281;GSE135251_LIVER_GSM3998282;GSE135251_LIVER_GSM3998283;GSE135251_LIVER_GSM3998284;GSE135251_LIVER_GSM3998285;GSE135251_LIVER_GSM3998286;GSE135251_LIVER_GSM3998287;GSE135251_LIVER_GSM3998288;GSE135251_LIVER_GSM3998289;GSE135251_LIVER_GSM3998290;GSE135251_LIVER_GSM3998291;GSE135251_LIVER_GSM3998292;GSE135251_LIVER_GSM3998293;GSE135251_LIVER_GSM3998294;GSE135251_LIVER_GSM3998295;GSE135251_LIVER_GSM3998296;GSE135251_LIVER_GSM3998297;GSE135251_LIVER_GSM3998298;GSE135251_LIVER_GSM3998299;GSE135251_LIVER_GSM3998300;GSE135251_LIVER_GSM3998301;GSE135251_LIVER_GSM3998302;GSE135251_LIVER_GSM3998303;GSE135251_LIVER_GSM3998304;GSE135251_LIVER_GSM3998305;GSE135251_LIVER_GSM3998306;GSE135251_LIVER_GSM3998307;GSE135251_LIVER_GSM3998308;GSE135251_LIVER_GSM3998309;GSE135251_LIVER_GSM3998310;GSE135251_LIVER_GSM3998311;GSE135251_LIVER_GSM3998312;GSE135251_LIVER_GSM3998313;GSE135251_LIVER_GSM3998314;GSE135251_LIVER_GSM3998315;GSE135251_LIVER_GSM3998316;GSE135251_LIVER_GSM3998317;GSE135251_LIVER_GSM3998318;GSE135251_LIVER_GSM3998319;GSE135251_LIVER_GSM3998320;GSE135251_LIVER_GSM3998321;GSE135251_LIVER_GSM3998322;GSE135251_LIVER_GSM3998323;GSE135251_LIVER_GSM3998324;GSE135251_LIVER_GSM3998325;GSE135251_LIVER_GSM3998326;GSE135251_LIVER_GSM3998327;GSE135251_LIVER_GSM3998328;GSE135251_LIVER_GSM3998329;GSE135251_LIVER_GSM3998330;GSE135251_LIVER_GSM3998331;GSE135251_LIVER_GSM3998332;GSE135251_LIVER_GSM3998333;GSE135251_LIVER_GSM3998334;GSE135251_LIVER_GSM3998335;GSE135251_LIVER_GSM3998336;GSE135251_LIVER_GSM3998337;GSE135251_LIVER_GSM3998338;GSE135251_LIVER_GSM3998339;GSE135251_LIVER_GSM3998340;GSE135251_LIVER_GSM3998341;GSE135251_LIVER_GSM3998342;GSE135251_LIVER_GSM3998343;GSE135251_LIVER_GSM3998344;GSE135251_LIVER_GSM3998345;GSE135251_LIVER_GSM3998346;GSE135251_LIVER_GSM3998347;GSE135251_LIVER_GSM3998348;GSE135251_LIVER_GSM3998349;GSE135251_LIVER_GSM3998350;GSE135251_LIVER_GSM3998351;GSE135251_LIVER_GSM3998352;GSE135251_LIVER_GSM3998353;GSE135251_LIVER_GSM3998354;GSE135251_LIVER_GSM3998355;GSE135251_LIVER_GSM3998356;GSE135251_LIVER_GSM3998357;GSE135251_LIVER_GSM3998358;GSE135251_LIVER_GSM3998359;GSE135251_LIVER_GSM3998360;GSE135251_LIVER_GSM3998361;GSE135251_LIVER_GSM3998362;GSE135251_LIVER_GSM3998363;GSE135251_LIVER_GSM3998364;GSE135251_LIVER_GSM3998365;GSE135251_LIVER_GSM3998366;GSE135251_LIVER_GSM3998367;GSE135251_LIVER_GSM3998368;GSE135251_LIVER_GSM3998369;GSE135251_LIVER_GSM3998370;GSE135251_LIVER_GSM3998371;GSE135251_LIVER_GSM3998372;GSE135251_LIVER_GSM3998373;GSE135251_LIVER_GSM3998374;GSE135251_LIVER_GSM3998375;GSE135251_LIVER_GSM3998376;GSE135251_LIVER_GSM3998377;GSE135251_LIVER_GSM3998378;GSE135251_LIVER_GSM3998379;GSE135251_LIVER_GSM3998380;GSE135251_LIVER_GSM3998381;GSE135251_LIVER_GSM3998382,"EarlyNAFLD-Ctrl1_logFC,EarlyNAFLD-Ctrl_Pvalue,EarlyNAFLD-Ctrl_AdjPValue","Govaere O, Cockell S, Tiniakos D, Queen R et al. PMID: 33268509",2020,Illumina NextSeq 500,Liver,NASH,Human,216,https://www.ncbi.nlm.nih.gov/geo/query/acc.cgi?acc=GSE135251,BulkExpressionProfile,RNAseq,FALSE,TRUE,TRUE,TRUE,,
GSE135251,NA,"X1X1XX1XXXXX1XXXXX1XX1X11X1X1XXXX11X1XXX1111XXX1X0,00X00000111X11XX1XXXXX1X11XXXXXXX11X1XXXX1XX11XX1X,X1XXXXX11XXXX1X1XX1XXXXXXXXXXXX1XX1XXXXXX11XXXX1XX,XX1XX1X1XX1111X111XXX1X100XXXXXXXXXXX1XXXX1XXXX11X,XX1XX111XXX11XX1",GSE135251_LIVER_GSM3998167;GSE135251_LIVER_GSM3998168;GSE135251_LIVER_GSM3998169;GSE135251_LIVER_GSM3998170;GSE135251_LIVER_GSM3998171;GSE135251_LIVER_GSM3998172;GSE135251_LIVER_GSM3998173;GSE135251_LIVER_GSM3998174;GSE135251_LIVER_GSM3998175;GSE135251_LIVER_GSM3998176;GSE135251_LIVER_GSM3998177;GSE135251_LIVER_GSM3998178;GSE135251_LIVER_GSM3998179;GSE135251_LIVER_GSM3998180;GSE135251_LIVER_GSM3998181;GSE135251_LIVER_GSM3998182;GSE135251_LIVER_GSM3998183;GSE135251_LIVER_GSM3998184;GSE135251_LIVER_GSM3998185;GSE135251_LIVER_GSM3998186;GSE135251_LIVER_GSM3998187;GSE135251_LIVER_GSM3998188;GSE135251_LIVER_GSM3998189;GSE135251_LIVER_GSM3998190;GSE135251_LIVER_GSM3998191;GSE135251_LIVER_GSM3998192;GSE135251_LIVER_GSM3998193;GSE135251_LIVER_GSM3998194;GSE135251_LIVER_GSM3998195;GSE135251_LIVER_GSM3998196;GSE135251_LIVER_GSM3998197;GSE135251_LIVER_GSM3998198;GSE135251_LIVER_GSM3998199;GSE135251_LIVER_GSM3998200;GSE135251_LIVER_GSM3998201;GSE135251_LIVER_GSM3998202;GSE135251_LIVER_GSM3998203;GSE135251_LIVER_GSM3998204;GSE135251_LIVER_GSM3998205;GSE135251_LIVER_GSM3998206;GSE135251_LIVER_GSM3998207;GSE135251_LIVER_GSM3998208;GSE135251_LIVER_GSM3998209;GSE135251_LIVER_GSM3998210;GSE135251_LIVER_GSM3998211;GSE135251_LIVER_GSM3998212;GSE135251_LIVER_GSM3998213;GSE135251_LIVER_GSM3998214;GSE135251_LIVER_GSM3998215;GSE135251_LIVER_GSM3998216;GSE135251_LIVER_GSM3998217;GSE135251_LIVER_GSM3998218;GSE135251_LIVER_GSM3998219;GSE135251_LIVER_GSM3998220;GSE135251_LIVER_GSM3998221;GSE135251_LIVER_GSM3998222;GSE135251_LIVER_GSM3998223;GSE135251_LIVER_GSM3998224;GSE135251_LIVER_GSM3998225;GSE135251_LIVER_GSM3998226;GSE135251_LIVER_GSM3998227;GSE135251_LIVER_GSM3998228;GSE135251_LIVER_GSM3998229;GSE135251_LIVER_GSM3998230;GSE135251_LIVER_GSM3998231;GSE135251_LIVER_GSM3998232;GSE135251_LIVER_GSM3998233;GSE135251_LIVER_GSM3998234;GSE135251_LIVER_GSM3998235;GSE135251_LIVER_GSM3998236;GSE135251_LIVER_GSM3998237;GSE135251_LIVER_GSM3998238;GSE135251_LIVER_GSM3998239;GSE135251_LIVER_GSM3998240;GSE135251_LIVER_GSM3998241;GSE135251_LIVER_GSM3998242;GSE135251_LIVER_GSM3998243;GSE135251_LIVER_GSM3998244;GSE135251_LIVER_GSM3998245;GSE135251_LIVER_GSM3998246;GSE135251_LIVER_GSM3998247;GSE135251_LIVER_GSM3998248;GSE135251_LIVER_GSM3998249;GSE135251_LIVER_GSM3998250;GSE135251_LIVER_GSM3998251;GSE135251_LIVER_GSM3998252;GSE135251_LIVER_GSM3998253;GSE135251_LIVER_GSM3998254;GSE135251_LIVER_GSM3998255;GSE135251_LIVER_GSM3998256;GSE135251_LIVER_GSM3998257;GSE135251_LIVER_GSM3998258;GSE135251_LIVER_GSM3998259;GSE135251_LIVER_GSM3998260;GSE135251_LIVER_GSM3998261;GSE135251_LIVER_GSM3998262;GSE135251_LIVER_GSM3998263;GSE135251_LIVER_GSM3998264;GSE135251_LIVER_GSM3998265;GSE135251_LIVER_GSM3998266;GSE135251_LIVER_GSM3998267;GSE135251_LIVER_GSM3998268;GSE135251_LIVER_GSM3998269;GSE135251_LIVER_GSM3998270;GSE135251_LIVER_GSM3998271;GSE135251_LIVER_GSM3998272;GSE135251_LIVER_GSM3998273;GSE135251_LIVER_GSM3998274;GSE135251_LIVER_GSM3998275;GSE135251_LIVER_GSM3998276;GSE135251_LIVER_GSM3998277;GSE135251_LIVER_GSM3998278;GSE135251_LIVER_GSM3998279;GSE135251_LIVER_GSM3998280;GSE135251_LIVER_GSM3998281;GSE135251_LIVER_GSM3998282;GSE135251_LIVER_GSM3998283;GSE135251_LIVER_GSM3998284;GSE135251_LIVER_GSM3998285;GSE135251_LIVER_GSM3998286;GSE135251_LIVER_GSM3998287;GSE135251_LIVER_GSM3998288;GSE135251_LIVER_GSM3998289;GSE135251_LIVER_GSM3998290;GSE135251_LIVER_GSM3998291;GSE135251_LIVER_GSM3998292;GSE135251_LIVER_GSM3998293;GSE135251_LIVER_GSM3998294;GSE135251_LIVER_GSM3998295;GSE135251_LIVER_GSM3998296;GSE135251_LIVER_GSM3998297;GSE135251_LIVER_GSM3998298;GSE135251_LIVER_GSM3998299;GSE135251_LIVER_GSM3998300;GSE135251_LIVER_GSM3998301;GSE135251_LIVER_GSM3998302;GSE135251_LIVER_GSM3998303;GSE135251_LIVER_GSM3998304;GSE135251_LIVER_GSM3998305;GSE135251_LIVER_GSM3998306;GSE135251_LIVER_GSM3998307;GSE135251_LIVER_GSM3998308;GSE135251_LIVER_GSM3998309;GSE135251_LIVER_GSM3998310;GSE135251_LIVER_GSM3998311;GSE135251_LIVER_GSM3998312;GSE135251_LIVER_GSM3998313;GSE135251_LIVER_GSM3998314;GSE135251_LIVER_GSM3998315;GSE135251_LIVER_GSM3998316;GSE135251_LIVER_GSM3998317;GSE135251_LIVER_GSM3998318;GSE135251_LIVER_GSM3998319;GSE135251_LIVER_GSM3998320;GSE135251_LIVER_GSM3998321;GSE135251_LIVER_GSM3998322;GSE135251_LIVER_GSM3998323;GSE135251_LIVER_GSM3998324;GSE135251_LIVER_GSM3998325;GSE135251_LIVER_GSM3998326;GSE135251_LIVER_GSM3998327;GSE135251_LIVER_GSM3998328;GSE135251_LIVER_GSM3998329;GSE135251_LIVER_GSM3998330;GSE135251_LIVER_GSM3998331;GSE135251_LIVER_GSM3998332;GSE135251_LIVER_GSM3998333;GSE135251_LIVER_GSM3998334;GSE135251_LIVER_GSM3998335;GSE135251_LIVER_GSM3998336;GSE135251_LIVER_GSM3998337;GSE135251_LIVER_GSM3998338;GSE135251_LIVER_GSM3998339;GSE135251_LIVER_GSM3998340;GSE135251_LIVER_GSM3998341;GSE135251_LIVER_GSM3998342;GSE135251_LIVER_GSM3998343;GSE135251_LIVER_GSM3998344;GSE135251_LIVER_GSM3998345;GSE135251_LIVER_GSM3998346;GSE135251_LIVER_GSM3998347;GSE135251_LIVER_GSM3998348;GSE135251_LIVER_GSM3998349;GSE135251_LIVER_GSM3998350;GSE135251_LIVER_GSM3998351;GSE135251_LIVER_GSM3998352;GSE135251_LIVER_GSM3998353;GSE135251_LIVER_GSM3998354;GSE135251_LIVER_GSM3998355;GSE135251_LIVER_GSM3998356;GSE135251_LIVER_GSM3998357;GSE135251_LIVER_GSM3998358;GSE135251_LIVER_GSM3998359;GSE135251_LIVER_GSM3998360;GSE135251_LIVER_GSM3998361;GSE135251_LIVER_GSM3998362;GSE135251_LIVER_GSM3998363;GSE135251_LIVER_GSM3998364;GSE135251_LIVER_GSM3998365;GSE135251_LIVER_GSM3998366;GSE135251_LIVER_GSM3998367;GSE135251_LIVER_GSM3998368;GSE135251_LIVER_GSM3998369;GSE135251_LIVER_GSM3998370;GSE135251_LIVER_GSM3998371;GSE135251_LIVER_GSM3998372;GSE135251_LIVER_GSM3998373;GSE135251_LIVER_GSM3998374;GSE135251_LIVER_GSM3998375;GSE135251_LIVER_GSM3998376;GSE135251_LIVER_GSM3998377;GSE135251_LIVER_GSM3998378;GSE135251_LIVER_GSM3998379;GSE135251_LIVER_GSM3998380;GSE135251_LIVER_GSM3998381;GSE135251_LIVER_GSM3998382,"ModerateNAFLD-Ctrl2_logFC,ModerateNAFLD-Ctrl_Pvalue,ModerateNAFLD-Ctrl_AdjPValue","Govaere O, Cockell S, Tiniakos D, Queen R et al. PMID: 33268509",2020,Illumina NextSeq 500,Liver,NASH,Human,216,https://www.ncbi.nlm.nih.gov/geo/query/acc.cgi?acc=GSE135251,BulkExpressionProfile,RNAseq,FALSE,FALSE,TRUE,TRUE,,
GSE135251,NA,"XXXXXXXXXX1XXXXXXXXXXXXXXXXXXXXXXXXXXXXXXXXXXXXXX0,00X00000XXXXXXX1XXXXXXXXXXXXXXXXXXXXXXXXXXXXXXXXXX,XXXXXXXX1XXXXX1XXXXXXXXXXXXXXXXXXXXX1X1X1XXXXXXXXX,XXXXXXXXXXXXXXXXXXXXXXXX00X1XXXX1XXXXXXXXXXX1XXXXX,XXXXXXXXXXXXXXX1",GSE135251_LIVER_GSM3998167;GSE135251_LIVER_GSM3998168;GSE135251_LIVER_GSM3998169;GSE135251_LIVER_GSM3998170;GSE135251_LIVER_GSM3998171;GSE135251_LIVER_GSM3998172;GSE135251_LIVER_GSM3998173;GSE135251_LIVER_GSM3998174;GSE135251_LIVER_GSM3998175;GSE135251_LIVER_GSM3998176;GSE135251_LIVER_GSM3998177;GSE135251_LIVER_GSM3998178;GSE135251_LIVER_GSM3998179;GSE135251_LIVER_GSM3998180;GSE135251_LIVER_GSM3998181;GSE135251_LIVER_GSM3998182;GSE135251_LIVER_GSM3998183;GSE135251_LIVER_GSM3998184;GSE135251_LIVER_GSM3998185;GSE135251_LIVER_GSM3998186;GSE135251_LIVER_GSM3998187;GSE135251_LIVER_GSM3998188;GSE135251_LIVER_GSM3998189;GSE135251_LIVER_GSM3998190;GSE135251_LIVER_GSM3998191;GSE135251_LIVER_GSM3998192;GSE135251_LIVER_GSM3998193;GSE135251_LIVER_GSM3998194;GSE135251_LIVER_GSM3998195;GSE135251_LIVER_GSM3998196;GSE135251_LIVER_GSM3998197;GSE135251_LIVER_GSM3998198;GSE135251_LIVER_GSM3998199;GSE135251_LIVER_GSM3998200;GSE135251_LIVER_GSM3998201;GSE135251_LIVER_GSM3998202;GSE135251_LIVER_GSM3998203;GSE135251_LIVER_GSM3998204;GSE135251_LIVER_GSM3998205;GSE135251_LIVER_GSM3998206;GSE135251_LIVER_GSM3998207;GSE135251_LIVER_GSM3998208;GSE135251_LIVER_GSM3998209;GSE135251_LIVER_GSM3998210;GSE135251_LIVER_GSM3998211;GSE135251_LIVER_GSM3998212;GSE135251_LIVER_GSM3998213;GSE135251_LIVER_GSM3998214;GSE135251_LIVER_GSM3998215;GSE135251_LIVER_GSM3998216;GSE135251_LIVER_GSM3998217;GSE135251_LIVER_GSM3998218;GSE135251_LIVER_GSM3998219;GSE135251_LIVER_GSM3998220;GSE135251_LIVER_GSM3998221;GSE135251_LIVER_GSM3998222;GSE135251_LIVER_GSM3998223;GSE135251_LIVER_GSM3998224;GSE135251_LIVER_GSM3998225;GSE135251_LIVER_GSM3998226;GSE135251_LIVER_GSM3998227;GSE135251_LIVER_GSM3998228;GSE135251_LIVER_GSM3998229;GSE135251_LIVER_GSM3998230;GSE135251_LIVER_GSM3998231;GSE135251_LIVER_GSM3998232;GSE135251_LIVER_GSM3998233;GSE135251_LIVER_GSM3998234;GSE135251_LIVER_GSM3998235;GSE135251_LIVER_GSM3998236;GSE135251_LIVER_GSM3998237;GSE135251_LIVER_GSM3998238;GSE135251_LIVER_GSM3998239;GSE135251_LIVER_GSM3998240;GSE135251_LIVER_GSM3998241;GSE135251_LIVER_GSM3998242;GSE135251_LIVER_GSM3998243;GSE135251_LIVER_GSM3998244;GSE135251_LIVER_GSM3998245;GSE135251_LIVER_GSM3998246;GSE135251_LIVER_GSM3998247;GSE135251_LIVER_GSM3998248;GSE135251_LIVER_GSM3998249;GSE135251_LIVER_GSM3998250;GSE135251_LIVER_GSM3998251;GSE135251_LIVER_GSM3998252;GSE135251_LIVER_GSM3998253;GSE135251_LIVER_GSM3998254;GSE135251_LIVER_GSM3998255;GSE135251_LIVER_GSM3998256;GSE135251_LIVER_GSM3998257;GSE135251_LIVER_GSM3998258;GSE135251_LIVER_GSM3998259;GSE135251_LIVER_GSM3998260;GSE135251_LIVER_GSM3998261;GSE135251_LIVER_GSM3998262;GSE135251_LIVER_GSM3998263;GSE135251_LIVER_GSM3998264;GSE135251_LIVER_GSM3998265;GSE135251_LIVER_GSM3998266;GSE135251_LIVER_GSM3998267;GSE135251_LIVER_GSM3998268;GSE135251_LIVER_GSM3998269;GSE135251_LIVER_GSM3998270;GSE135251_LIVER_GSM3998271;GSE135251_LIVER_GSM3998272;GSE135251_LIVER_GSM3998273;GSE135251_LIVER_GSM3998274;GSE135251_LIVER_GSM3998275;GSE135251_LIVER_GSM3998276;GSE135251_LIVER_GSM3998277;GSE135251_LIVER_GSM3998278;GSE135251_LIVER_GSM3998279;GSE135251_LIVER_GSM3998280;GSE135251_LIVER_GSM3998281;GSE135251_LIVER_GSM3998282;GSE135251_LIVER_GSM3998283;GSE135251_LIVER_GSM3998284;GSE135251_LIVER_GSM3998285;GSE135251_LIVER_GSM3998286;GSE135251_LIVER_GSM3998287;GSE135251_LIVER_GSM3998288;GSE135251_LIVER_GSM3998289;GSE135251_LIVER_GSM3998290;GSE135251_LIVER_GSM3998291;GSE135251_LIVER_GSM3998292;GSE135251_LIVER_GSM3998293;GSE135251_LIVER_GSM3998294;GSE135251_LIVER_GSM3998295;GSE135251_LIVER_GSM3998296;GSE135251_LIVER_GSM3998297;GSE135251_LIVER_GSM3998298;GSE135251_LIVER_GSM3998299;GSE135251_LIVER_GSM3998300;GSE135251_LIVER_GSM3998301;GSE135251_LIVER_GSM3998302;GSE135251_LIVER_GSM3998303;GSE135251_LIVER_GSM3998304;GSE135251_LIVER_GSM3998305;GSE135251_LIVER_GSM3998306;GSE135251_LIVER_GSM3998307;GSE135251_LIVER_GSM3998308;GSE135251_LIVER_GSM3998309;GSE135251_LIVER_GSM3998310;GSE135251_LIVER_GSM3998311;GSE135251_LIVER_GSM3998312;GSE135251_LIVER_GSM3998313;GSE135251_LIVER_GSM3998314;GSE135251_LIVER_GSM3998315;GSE135251_LIVER_GSM3998316;GSE135251_LIVER_GSM3998317;GSE135251_LIVER_GSM3998318;GSE135251_LIVER_GSM3998319;GSE135251_LIVER_GSM3998320;GSE135251_LIVER_GSM3998321;GSE135251_LIVER_GSM3998322;GSE135251_LIVER_GSM3998323;GSE135251_LIVER_GSM3998324;GSE135251_LIVER_GSM3998325;GSE135251_LIVER_GSM3998326;GSE135251_LIVER_GSM3998327;GSE135251_LIVER_GSM3998328;GSE135251_LIVER_GSM3998329;GSE135251_LIVER_GSM3998330;GSE135251_LIVER_GSM3998331;GSE135251_LIVER_GSM3998332;GSE135251_LIVER_GSM3998333;GSE135251_LIVER_GSM3998334;GSE135251_LIVER_GSM3998335;GSE135251_LIVER_GSM3998336;GSE135251_LIVER_GSM3998337;GSE135251_LIVER_GSM3998338;GSE135251_LIVER_GSM3998339;GSE135251_LIVER_GSM3998340;GSE135251_LIVER_GSM3998341;GSE135251_LIVER_GSM3998342;GSE135251_LIVER_GSM3998343;GSE135251_LIVER_GSM3998344;GSE135251_LIVER_GSM3998345;GSE135251_LIVER_GSM3998346;GSE135251_LIVER_GSM3998347;GSE135251_LIVER_GSM3998348;GSE135251_LIVER_GSM3998349;GSE135251_LIVER_GSM3998350;GSE135251_LIVER_GSM3998351;GSE135251_LIVER_GSM3998352;GSE135251_LIVER_GSM3998353;GSE135251_LIVER_GSM3998354;GSE135251_LIVER_GSM3998355;GSE135251_LIVER_GSM3998356;GSE135251_LIVER_GSM3998357;GSE135251_LIVER_GSM3998358;GSE135251_LIVER_GSM3998359;GSE135251_LIVER_GSM3998360;GSE135251_LIVER_GSM3998361;GSE135251_LIVER_GSM3998362;GSE135251_LIVER_GSM3998363;GSE135251_LIVER_GSM3998364;GSE135251_LIVER_GSM3998365;GSE135251_LIVER_GSM3998366;GSE135251_LIVER_GSM3998367;GSE135251_LIVER_GSM3998368;GSE135251_LIVER_GSM3998369;GSE135251_LIVER_GSM3998370;GSE135251_LIVER_GSM3998371;GSE135251_LIVER_GSM3998372;GSE135251_LIVER_GSM3998373;GSE135251_LIVER_GSM3998374;GSE135251_LIVER_GSM3998375;GSE135251_LIVER_GSM3998376;GSE135251_LIVER_GSM3998377;GSE135251_LIVER_GSM3998378;GSE135251_LIVER_GSM3998379;GSE135251_LIVER_GSM3998380;GSE135251_LIVER_GSM3998381;GSE135251_LIVER_GSM3998382,"NASScore1-Ctrl_logFC,NASScore1-Ctrl_Pvalue,NASScore1-Ctrl_AdjPValue","Govaere O, Cockell S, Tiniakos D, Queen R et al. PMID: 33268509",2020,Illumina NextSeq 500,Liver,NASH,Human,216,https://www.ncbi.nlm.nih.gov/geo/query/acc.cgi?acc=GSE135251,BulkExpressionProfile,RNAseq,FALSE,FALSE,TRUE,TRUE,,
GSE135251,NA,"XXXXXXXX1XXXXXXXXXXXXXXXX1XXXX11XXXXXXXXXXXXXXXXX0,00100000XXXXXXXXXXXXXXXXXXXXXXXX1XXXXXXXX1XXXXXXXX,1XXXXXXXX1XX1XXX1XX1X1XXXXX1XXXXXXXXX1XXXXXXXXXXXX,XXXXXXXXX1XXXXXXXXX1XXXX00XX11XXXXXX1XXXXXXXXXXXX1,XXXXXXXXXXXXXXXX",GSE135251_LIVER_GSM3998167;GSE135251_LIVER_GSM3998168;GSE135251_LIVER_GSM3998169;GSE135251_LIVER_GSM3998170;GSE135251_LIVER_GSM3998171;GSE135251_LIVER_GSM3998172;GSE135251_LIVER_GSM3998173;GSE135251_LIVER_GSM3998174;GSE135251_LIVER_GSM3998175;GSE135251_LIVER_GSM3998176;GSE135251_LIVER_GSM3998177;GSE135251_LIVER_GSM3998178;GSE135251_LIVER_GSM3998179;GSE135251_LIVER_GSM3998180;GSE135251_LIVER_GSM3998181;GSE135251_LIVER_GSM3998182;GSE135251_LIVER_GSM3998183;GSE135251_LIVER_GSM3998184;GSE135251_LIVER_GSM3998185;GSE135251_LIVER_GSM3998186;GSE135251_LIVER_GSM3998187;GSE135251_LIVER_GSM3998188;GSE135251_LIVER_GSM3998189;GSE135251_LIVER_GSM3998190;GSE135251_LIVER_GSM3998191;GSE135251_LIVER_GSM3998192;GSE135251_LIVER_GSM3998193;GSE135251_LIVER_GSM3998194;GSE135251_LIVER_GSM3998195;GSE135251_LIVER_GSM3998196;GSE135251_LIVER_GSM3998197;GSE135251_LIVER_GSM3998198;GSE135251_LIVER_GSM3998199;GSE135251_LIVER_GSM3998200;GSE135251_LIVER_GSM3998201;GSE135251_LIVER_GSM3998202;GSE135251_LIVER_GSM3998203;GSE135251_LIVER_GSM3998204;GSE135251_LIVER_GSM3998205;GSE135251_LIVER_GSM3998206;GSE135251_LIVER_GSM3998207;GSE135251_LIVER_GSM3998208;GSE135251_LIVER_GSM3998209;GSE135251_LIVER_GSM3998210;GSE135251_LIVER_GSM3998211;GSE135251_LIVER_GSM3998212;GSE135251_LIVER_GSM3998213;GSE135251_LIVER_GSM3998214;GSE135251_LIVER_GSM3998215;GSE135251_LIVER_GSM3998216;GSE135251_LIVER_GSM3998217;GSE135251_LIVER_GSM3998218;GSE135251_LIVER_GSM3998219;GSE135251_LIVER_GSM3998220;GSE135251_LIVER_GSM3998221;GSE135251_LIVER_GSM3998222;GSE135251_LIVER_GSM3998223;GSE135251_LIVER_GSM3998224;GSE135251_LIVER_GSM3998225;GSE135251_LIVER_GSM3998226;GSE135251_LIVER_GSM3998227;GSE135251_LIVER_GSM3998228;GSE135251_LIVER_GSM3998229;GSE135251_LIVER_GSM3998230;GSE135251_LIVER_GSM3998231;GSE135251_LIVER_GSM3998232;GSE135251_LIVER_GSM3998233;GSE135251_LIVER_GSM3998234;GSE135251_LIVER_GSM3998235;GSE135251_LIVER_GSM3998236;GSE135251_LIVER_GSM3998237;GSE135251_LIVER_GSM3998238;GSE135251_LIVER_GSM3998239;GSE135251_LIVER_GSM3998240;GSE135251_LIVER_GSM3998241;GSE135251_LIVER_GSM3998242;GSE135251_LIVER_GSM3998243;GSE135251_LIVER_GSM3998244;GSE135251_LIVER_GSM3998245;GSE135251_LIVER_GSM3998246;GSE135251_LIVER_GSM3998247;GSE135251_LIVER_GSM3998248;GSE135251_LIVER_GSM3998249;GSE135251_LIVER_GSM3998250;GSE135251_LIVER_GSM3998251;GSE135251_LIVER_GSM3998252;GSE135251_LIVER_GSM3998253;GSE135251_LIVER_GSM3998254;GSE135251_LIVER_GSM3998255;GSE135251_LIVER_GSM3998256;GSE135251_LIVER_GSM3998257;GSE135251_LIVER_GSM3998258;GSE135251_LIVER_GSM3998259;GSE135251_LIVER_GSM3998260;GSE135251_LIVER_GSM3998261;GSE135251_LIVER_GSM3998262;GSE135251_LIVER_GSM3998263;GSE135251_LIVER_GSM3998264;GSE135251_LIVER_GSM3998265;GSE135251_LIVER_GSM3998266;GSE135251_LIVER_GSM3998267;GSE135251_LIVER_GSM3998268;GSE135251_LIVER_GSM3998269;GSE135251_LIVER_GSM3998270;GSE135251_LIVER_GSM3998271;GSE135251_LIVER_GSM3998272;GSE135251_LIVER_GSM3998273;GSE135251_LIVER_GSM3998274;GSE135251_LIVER_GSM3998275;GSE135251_LIVER_GSM3998276;GSE135251_LIVER_GSM3998277;GSE135251_LIVER_GSM3998278;GSE135251_LIVER_GSM3998279;GSE135251_LIVER_GSM3998280;GSE135251_LIVER_GSM3998281;GSE135251_LIVER_GSM3998282;GSE135251_LIVER_GSM3998283;GSE135251_LIVER_GSM3998284;GSE135251_LIVER_GSM3998285;GSE135251_LIVER_GSM3998286;GSE135251_LIVER_GSM3998287;GSE135251_LIVER_GSM3998288;GSE135251_LIVER_GSM3998289;GSE135251_LIVER_GSM3998290;GSE135251_LIVER_GSM3998291;GSE135251_LIVER_GSM3998292;GSE135251_LIVER_GSM3998293;GSE135251_LIVER_GSM3998294;GSE135251_LIVER_GSM3998295;GSE135251_LIVER_GSM3998296;GSE135251_LIVER_GSM3998297;GSE135251_LIVER_GSM3998298;GSE135251_LIVER_GSM3998299;GSE135251_LIVER_GSM3998300;GSE135251_LIVER_GSM3998301;GSE135251_LIVER_GSM3998302;GSE135251_LIVER_GSM3998303;GSE135251_LIVER_GSM3998304;GSE135251_LIVER_GSM3998305;GSE135251_LIVER_GSM3998306;GSE135251_LIVER_GSM3998307;GSE135251_LIVER_GSM3998308;GSE135251_LIVER_GSM3998309;GSE135251_LIVER_GSM3998310;GSE135251_LIVER_GSM3998311;GSE135251_LIVER_GSM3998312;GSE135251_LIVER_GSM3998313;GSE135251_LIVER_GSM3998314;GSE135251_LIVER_GSM3998315;GSE135251_LIVER_GSM3998316;GSE135251_LIVER_GSM3998317;GSE135251_LIVER_GSM3998318;GSE135251_LIVER_GSM3998319;GSE135251_LIVER_GSM3998320;GSE135251_LIVER_GSM3998321;GSE135251_LIVER_GSM3998322;GSE135251_LIVER_GSM3998323;GSE135251_LIVER_GSM3998324;GSE135251_LIVER_GSM3998325;GSE135251_LIVER_GSM3998326;GSE135251_LIVER_GSM3998327;GSE135251_LIVER_GSM3998328;GSE135251_LIVER_GSM3998329;GSE135251_LIVER_GSM3998330;GSE135251_LIVER_GSM3998331;GSE135251_LIVER_GSM3998332;GSE135251_LIVER_GSM3998333;GSE135251_LIVER_GSM3998334;GSE135251_LIVER_GSM3998335;GSE135251_LIVER_GSM3998336;GSE135251_LIVER_GSM3998337;GSE135251_LIVER_GSM3998338;GSE135251_LIVER_GSM3998339;GSE135251_LIVER_GSM3998340;GSE135251_LIVER_GSM3998341;GSE135251_LIVER_GSM3998342;GSE135251_LIVER_GSM3998343;GSE135251_LIVER_GSM3998344;GSE135251_LIVER_GSM3998345;GSE135251_LIVER_GSM3998346;GSE135251_LIVER_GSM3998347;GSE135251_LIVER_GSM3998348;GSE135251_LIVER_GSM3998349;GSE135251_LIVER_GSM3998350;GSE135251_LIVER_GSM3998351;GSE135251_LIVER_GSM3998352;GSE135251_LIVER_GSM3998353;GSE135251_LIVER_GSM3998354;GSE135251_LIVER_GSM3998355;GSE135251_LIVER_GSM3998356;GSE135251_LIVER_GSM3998357;GSE135251_LIVER_GSM3998358;GSE135251_LIVER_GSM3998359;GSE135251_LIVER_GSM3998360;GSE135251_LIVER_GSM3998361;GSE135251_LIVER_GSM3998362;GSE135251_LIVER_GSM3998363;GSE135251_LIVER_GSM3998364;GSE135251_LIVER_GSM3998365;GSE135251_LIVER_GSM3998366;GSE135251_LIVER_GSM3998367;GSE135251_LIVER_GSM3998368;GSE135251_LIVER_GSM3998369;GSE135251_LIVER_GSM3998370;GSE135251_LIVER_GSM3998371;GSE135251_LIVER_GSM3998372;GSE135251_LIVER_GSM3998373;GSE135251_LIVER_GSM3998374;GSE135251_LIVER_GSM3998375;GSE135251_LIVER_GSM3998376;GSE135251_LIVER_GSM3998377;GSE135251_LIVER_GSM3998378;GSE135251_LIVER_GSM3998379;GSE135251_LIVER_GSM3998380;GSE135251_LIVER_GSM3998381;GSE135251_LIVER_GSM3998382,"NASScore2-Ctrl_logFC,NASScore2-Ctrl_Pvalue,NASScore2-Ctrl_AdjPValue","Govaere O, Cockell S, Tiniakos D, Queen R et al. PMID: 33268509",2020,Illumina NextSeq 500,Liver,NASH,Human,216,https://www.ncbi.nlm.nih.gov/geo/query/acc.cgi?acc=GSE135251,BulkExpressionProfile,RNAseq,FALSE,FALSE,TRUE,TRUE,,
GSE135251,NA,"XXX1XX11XXXXXXXXXX1XXXX11XXXXXXXXXXXX1X11XXXXXX1X0,00X000001XXXXXXXX1XXXXXX1XXXXXXXXXXXXXX1XX1XXX11XX,XXXX1X11XXXXXXXXXXXXXXXX11XXXXXXXXXXXXXXXXXXX1XXXX,X1X1XXXXXXX1XXXXXXXXXXXX00XXXX11X1XXX1XX1XXXXXX1XX,XX1X1XXX1XX1XXXX",GSE135251_LIVER_GSM3998167;GSE135251_LIVER_GSM3998168;GSE135251_LIVER_GSM3998169;GSE135251_LIVER_GSM3998170;GSE135251_LIVER_GSM3998171;GSE135251_LIVER_GSM3998172;GSE135251_LIVER_GSM3998173;GSE135251_LIVER_GSM3998174;GSE135251_LIVER_GSM3998175;GSE135251_LIVER_GSM3998176;GSE135251_LIVER_GSM3998177;GSE135251_LIVER_GSM3998178;GSE135251_LIVER_GSM3998179;GSE135251_LIVER_GSM3998180;GSE135251_LIVER_GSM3998181;GSE135251_LIVER_GSM3998182;GSE135251_LIVER_GSM3998183;GSE135251_LIVER_GSM3998184;GSE135251_LIVER_GSM3998185;GSE135251_LIVER_GSM3998186;GSE135251_LIVER_GSM3998187;GSE135251_LIVER_GSM3998188;GSE135251_LIVER_GSM3998189;GSE135251_LIVER_GSM3998190;GSE135251_LIVER_GSM3998191;GSE135251_LIVER_GSM3998192;GSE135251_LIVER_GSM3998193;GSE135251_LIVER_GSM3998194;GSE135251_LIVER_GSM3998195;GSE135251_LIVER_GSM3998196;GSE135251_LIVER_GSM3998197;GSE135251_LIVER_GSM3998198;GSE135251_LIVER_GSM3998199;GSE135251_LIVER_GSM3998200;GSE135251_LIVER_GSM3998201;GSE135251_LIVER_GSM3998202;GSE135251_LIVER_GSM3998203;GSE135251_LIVER_GSM3998204;GSE135251_LIVER_GSM3998205;GSE135251_LIVER_GSM3998206;GSE135251_LIVER_GSM3998207;GSE135251_LIVER_GSM3998208;GSE135251_LIVER_GSM3998209;GSE135251_LIVER_GSM3998210;GSE135251_LIVER_GSM3998211;GSE135251_LIVER_GSM3998212;GSE135251_LIVER_GSM3998213;GSE135251_LIVER_GSM3998214;GSE135251_LIVER_GSM3998215;GSE135251_LIVER_GSM3998216;GSE135251_LIVER_GSM3998217;GSE135251_LIVER_GSM3998218;GSE135251_LIVER_GSM3998219;GSE135251_LIVER_GSM3998220;GSE135251_LIVER_GSM3998221;GSE135251_LIVER_GSM3998222;GSE135251_LIVER_GSM3998223;GSE135251_LIVER_GSM3998224;GSE135251_LIVER_GSM3998225;GSE135251_LIVER_GSM3998226;GSE135251_LIVER_GSM3998227;GSE135251_LIVER_GSM3998228;GSE135251_LIVER_GSM3998229;GSE135251_LIVER_GSM3998230;GSE135251_LIVER_GSM3998231;GSE135251_LIVER_GSM3998232;GSE135251_LIVER_GSM3998233;GSE135251_LIVER_GSM3998234;GSE135251_LIVER_GSM3998235;GSE135251_LIVER_GSM3998236;GSE135251_LIVER_GSM3998237;GSE135251_LIVER_GSM3998238;GSE135251_LIVER_GSM3998239;GSE135251_LIVER_GSM3998240;GSE135251_LIVER_GSM3998241;GSE135251_LIVER_GSM3998242;GSE135251_LIVER_GSM3998243;GSE135251_LIVER_GSM3998244;GSE135251_LIVER_GSM3998245;GSE135251_LIVER_GSM3998246;GSE135251_LIVER_GSM3998247;GSE135251_LIVER_GSM3998248;GSE135251_LIVER_GSM3998249;GSE135251_LIVER_GSM3998250;GSE135251_LIVER_GSM3998251;GSE135251_LIVER_GSM3998252;GSE135251_LIVER_GSM3998253;GSE135251_LIVER_GSM3998254;GSE135251_LIVER_GSM3998255;GSE135251_LIVER_GSM3998256;GSE135251_LIVER_GSM3998257;GSE135251_LIVER_GSM3998258;GSE135251_LIVER_GSM3998259;GSE135251_LIVER_GSM3998260;GSE135251_LIVER_GSM3998261;GSE135251_LIVER_GSM3998262;GSE135251_LIVER_GSM3998263;GSE135251_LIVER_GSM3998264;GSE135251_LIVER_GSM3998265;GSE135251_LIVER_GSM3998266;GSE135251_LIVER_GSM3998267;GSE135251_LIVER_GSM3998268;GSE135251_LIVER_GSM3998269;GSE135251_LIVER_GSM3998270;GSE135251_LIVER_GSM3998271;GSE135251_LIVER_GSM3998272;GSE135251_LIVER_GSM3998273;GSE135251_LIVER_GSM3998274;GSE135251_LIVER_GSM3998275;GSE135251_LIVER_GSM3998276;GSE135251_LIVER_GSM3998277;GSE135251_LIVER_GSM3998278;GSE135251_LIVER_GSM3998279;GSE135251_LIVER_GSM3998280;GSE135251_LIVER_GSM3998281;GSE135251_LIVER_GSM3998282;GSE135251_LIVER_GSM3998283;GSE135251_LIVER_GSM3998284;GSE135251_LIVER_GSM3998285;GSE135251_LIVER_GSM3998286;GSE135251_LIVER_GSM3998287;GSE135251_LIVER_GSM3998288;GSE135251_LIVER_GSM3998289;GSE135251_LIVER_GSM3998290;GSE135251_LIVER_GSM3998291;GSE135251_LIVER_GSM3998292;GSE135251_LIVER_GSM3998293;GSE135251_LIVER_GSM3998294;GSE135251_LIVER_GSM3998295;GSE135251_LIVER_GSM3998296;GSE135251_LIVER_GSM3998297;GSE135251_LIVER_GSM3998298;GSE135251_LIVER_GSM3998299;GSE135251_LIVER_GSM3998300;GSE135251_LIVER_GSM3998301;GSE135251_LIVER_GSM3998302;GSE135251_LIVER_GSM3998303;GSE135251_LIVER_GSM3998304;GSE135251_LIVER_GSM3998305;GSE135251_LIVER_GSM3998306;GSE135251_LIVER_GSM3998307;GSE135251_LIVER_GSM3998308;GSE135251_LIVER_GSM3998309;GSE135251_LIVER_GSM3998310;GSE135251_LIVER_GSM3998311;GSE135251_LIVER_GSM3998312;GSE135251_LIVER_GSM3998313;GSE135251_LIVER_GSM3998314;GSE135251_LIVER_GSM3998315;GSE135251_LIVER_GSM3998316;GSE135251_LIVER_GSM3998317;GSE135251_LIVER_GSM3998318;GSE135251_LIVER_GSM3998319;GSE135251_LIVER_GSM3998320;GSE135251_LIVER_GSM3998321;GSE135251_LIVER_GSM3998322;GSE135251_LIVER_GSM3998323;GSE135251_LIVER_GSM3998324;GSE135251_LIVER_GSM3998325;GSE135251_LIVER_GSM3998326;GSE135251_LIVER_GSM3998327;GSE135251_LIVER_GSM3998328;GSE135251_LIVER_GSM3998329;GSE135251_LIVER_GSM3998330;GSE135251_LIVER_GSM3998331;GSE135251_LIVER_GSM3998332;GSE135251_LIVER_GSM3998333;GSE135251_LIVER_GSM3998334;GSE135251_LIVER_GSM3998335;GSE135251_LIVER_GSM3998336;GSE135251_LIVER_GSM3998337;GSE135251_LIVER_GSM3998338;GSE135251_LIVER_GSM3998339;GSE135251_LIVER_GSM3998340;GSE135251_LIVER_GSM3998341;GSE135251_LIVER_GSM3998342;GSE135251_LIVER_GSM3998343;GSE135251_LIVER_GSM3998344;GSE135251_LIVER_GSM3998345;GSE135251_LIVER_GSM3998346;GSE135251_LIVER_GSM3998347;GSE135251_LIVER_GSM3998348;GSE135251_LIVER_GSM3998349;GSE135251_LIVER_GSM3998350;GSE135251_LIVER_GSM3998351;GSE135251_LIVER_GSM3998352;GSE135251_LIVER_GSM3998353;GSE135251_LIVER_GSM3998354;GSE135251_LIVER_GSM3998355;GSE135251_LIVER_GSM3998356;GSE135251_LIVER_GSM3998357;GSE135251_LIVER_GSM3998358;GSE135251_LIVER_GSM3998359;GSE135251_LIVER_GSM3998360;GSE135251_LIVER_GSM3998361;GSE135251_LIVER_GSM3998362;GSE135251_LIVER_GSM3998363;GSE135251_LIVER_GSM3998364;GSE135251_LIVER_GSM3998365;GSE135251_LIVER_GSM3998366;GSE135251_LIVER_GSM3998367;GSE135251_LIVER_GSM3998368;GSE135251_LIVER_GSM3998369;GSE135251_LIVER_GSM3998370;GSE135251_LIVER_GSM3998371;GSE135251_LIVER_GSM3998372;GSE135251_LIVER_GSM3998373;GSE135251_LIVER_GSM3998374;GSE135251_LIVER_GSM3998375;GSE135251_LIVER_GSM3998376;GSE135251_LIVER_GSM3998377;GSE135251_LIVER_GSM3998378;GSE135251_LIVER_GSM3998379;GSE135251_LIVER_GSM3998380;GSE135251_LIVER_GSM3998381;GSE135251_LIVER_GSM3998382,"NASScore6-Ctrl_logFC,NASScore6-Ctrl_Pvalue,NASScore6-Ctrl_AdjPValue","Govaere O, Cockell S, Tiniakos D, Queen R et al. PMID: 33268509",2020,Illumina NextSeq 500,Liver,NASH,Human,216,https://www.ncbi.nlm.nih.gov/geo/query/acc.cgi?acc=GSE135251,BulkExpressionProfile,RNAseq,FALSE,FALSE,TRUE,TRUE,,
GSE135251,NA,"X11XXXXXXXXXXXXXXXXXX1XXXXXXXXXXXXXXXXXXXXXXXXXX10,00X00000X1X1XXXXXXXXXXXXXXXXXXX1XXXXXXXX1XXX1XXXXX,XXXXXXXXXXXXXXXXXXXXXXXXXXXXXXXXXXXXXXXXX1XXXX1XXX,XXXXXXX1XX1X1XXXXXXXXXXX00XXXXXXXXXXXX1XXXXXXXXXXX,XXXXXXXXX1XX1XX1",GSE135251_LIVER_GSM3998167;GSE135251_LIVER_GSM3998168;GSE135251_LIVER_GSM3998169;GSE135251_LIVER_GSM3998170;GSE135251_LIVER_GSM3998171;GSE135251_LIVER_GSM3998172;GSE135251_LIVER_GSM3998173;GSE135251_LIVER_GSM3998174;GSE135251_LIVER_GSM3998175;GSE135251_LIVER_GSM3998176;GSE135251_LIVER_GSM3998177;GSE135251_LIVER_GSM3998178;GSE135251_LIVER_GSM3998179;GSE135251_LIVER_GSM3998180;GSE135251_LIVER_GSM3998181;GSE135251_LIVER_GSM3998182;GSE135251_LIVER_GSM3998183;GSE135251_LIVER_GSM3998184;GSE135251_LIVER_GSM3998185;GSE135251_LIVER_GSM3998186;GSE135251_LIVER_GSM3998187;GSE135251_LIVER_GSM3998188;GSE135251_LIVER_GSM3998189;GSE135251_LIVER_GSM3998190;GSE135251_LIVER_GSM3998191;GSE135251_LIVER_GSM3998192;GSE135251_LIVER_GSM3998193;GSE135251_LIVER_GSM3998194;GSE135251_LIVER_GSM3998195;GSE135251_LIVER_GSM3998196;GSE135251_LIVER_GSM3998197;GSE135251_LIVER_GSM3998198;GSE135251_LIVER_GSM3998199;GSE135251_LIVER_GSM3998200;GSE135251_LIVER_GSM3998201;GSE135251_LIVER_GSM3998202;GSE135251_LIVER_GSM3998203;GSE135251_LIVER_GSM3998204;GSE135251_LIVER_GSM3998205;GSE135251_LIVER_GSM3998206;GSE135251_LIVER_GSM3998207;GSE135251_LIVER_GSM3998208;GSE135251_LIVER_GSM3998209;GSE135251_LIVER_GSM3998210;GSE135251_LIVER_GSM3998211;GSE135251_LIVER_GSM3998212;GSE135251_LIVER_GSM3998213;GSE135251_LIVER_GSM3998214;GSE135251_LIVER_GSM3998215;GSE135251_LIVER_GSM3998216;GSE135251_LIVER_GSM3998217;GSE135251_LIVER_GSM3998218;GSE135251_LIVER_GSM3998219;GSE135251_LIVER_GSM3998220;GSE135251_LIVER_GSM3998221;GSE135251_LIVER_GSM3998222;GSE135251_LIVER_GSM3998223;GSE135251_LIVER_GSM3998224;GSE135251_LIVER_GSM3998225;GSE135251_LIVER_GSM3998226;GSE135251_LIVER_GSM3998227;GSE135251_LIVER_GSM3998228;GSE135251_LIVER_GSM3998229;GSE135251_LIVER_GSM3998230;GSE135251_LIVER_GSM3998231;GSE135251_LIVER_GSM3998232;GSE135251_LIVER_GSM3998233;GSE135251_LIVER_GSM3998234;GSE135251_LIVER_GSM3998235;GSE135251_LIVER_GSM3998236;GSE135251_LIVER_GSM3998237;GSE135251_LIVER_GSM3998238;GSE135251_LIVER_GSM3998239;GSE135251_LIVER_GSM3998240;GSE135251_LIVER_GSM3998241;GSE135251_LIVER_GSM3998242;GSE135251_LIVER_GSM3998243;GSE135251_LIVER_GSM3998244;GSE135251_LIVER_GSM3998245;GSE135251_LIVER_GSM3998246;GSE135251_LIVER_GSM3998247;GSE135251_LIVER_GSM3998248;GSE135251_LIVER_GSM3998249;GSE135251_LIVER_GSM3998250;GSE135251_LIVER_GSM3998251;GSE135251_LIVER_GSM3998252;GSE135251_LIVER_GSM3998253;GSE135251_LIVER_GSM3998254;GSE135251_LIVER_GSM3998255;GSE135251_LIVER_GSM3998256;GSE135251_LIVER_GSM3998257;GSE135251_LIVER_GSM3998258;GSE135251_LIVER_GSM3998259;GSE135251_LIVER_GSM3998260;GSE135251_LIVER_GSM3998261;GSE135251_LIVER_GSM3998262;GSE135251_LIVER_GSM3998263;GSE135251_LIVER_GSM3998264;GSE135251_LIVER_GSM3998265;GSE135251_LIVER_GSM3998266;GSE135251_LIVER_GSM3998267;GSE135251_LIVER_GSM3998268;GSE135251_LIVER_GSM3998269;GSE135251_LIVER_GSM3998270;GSE135251_LIVER_GSM3998271;GSE135251_LIVER_GSM3998272;GSE135251_LIVER_GSM3998273;GSE135251_LIVER_GSM3998274;GSE135251_LIVER_GSM3998275;GSE135251_LIVER_GSM3998276;GSE135251_LIVER_GSM3998277;GSE135251_LIVER_GSM3998278;GSE135251_LIVER_GSM3998279;GSE135251_LIVER_GSM3998280;GSE135251_LIVER_GSM3998281;GSE135251_LIVER_GSM3998282;GSE135251_LIVER_GSM3998283;GSE135251_LIVER_GSM3998284;GSE135251_LIVER_GSM3998285;GSE135251_LIVER_GSM3998286;GSE135251_LIVER_GSM3998287;GSE135251_LIVER_GSM3998288;GSE135251_LIVER_GSM3998289;GSE135251_LIVER_GSM3998290;GSE135251_LIVER_GSM3998291;GSE135251_LIVER_GSM3998292;GSE135251_LIVER_GSM3998293;GSE135251_LIVER_GSM3998294;GSE135251_LIVER_GSM3998295;GSE135251_LIVER_GSM3998296;GSE135251_LIVER_GSM3998297;GSE135251_LIVER_GSM3998298;GSE135251_LIVER_GSM3998299;GSE135251_LIVER_GSM3998300;GSE135251_LIVER_GSM3998301;GSE135251_LIVER_GSM3998302;GSE135251_LIVER_GSM3998303;GSE135251_LIVER_GSM3998304;GSE135251_LIVER_GSM3998305;GSE135251_LIVER_GSM3998306;GSE135251_LIVER_GSM3998307;GSE135251_LIVER_GSM3998308;GSE135251_LIVER_GSM3998309;GSE135251_LIVER_GSM3998310;GSE135251_LIVER_GSM3998311;GSE135251_LIVER_GSM3998312;GSE135251_LIVER_GSM3998313;GSE135251_LIVER_GSM3998314;GSE135251_LIVER_GSM3998315;GSE135251_LIVER_GSM3998316;GSE135251_LIVER_GSM3998317;GSE135251_LIVER_GSM3998318;GSE135251_LIVER_GSM3998319;GSE135251_LIVER_GSM3998320;GSE135251_LIVER_GSM3998321;GSE135251_LIVER_GSM3998322;GSE135251_LIVER_GSM3998323;GSE135251_LIVER_GSM3998324;GSE135251_LIVER_GSM3998325;GSE135251_LIVER_GSM3998326;GSE135251_LIVER_GSM3998327;GSE135251_LIVER_GSM3998328;GSE135251_LIVER_GSM3998329;GSE135251_LIVER_GSM3998330;GSE135251_LIVER_GSM3998331;GSE135251_LIVER_GSM3998332;GSE135251_LIVER_GSM3998333;GSE135251_LIVER_GSM3998334;GSE135251_LIVER_GSM3998335;GSE135251_LIVER_GSM3998336;GSE135251_LIVER_GSM3998337;GSE135251_LIVER_GSM3998338;GSE135251_LIVER_GSM3998339;GSE135251_LIVER_GSM3998340;GSE135251_LIVER_GSM3998341;GSE135251_LIVER_GSM3998342;GSE135251_LIVER_GSM3998343;GSE135251_LIVER_GSM3998344;GSE135251_LIVER_GSM3998345;GSE135251_LIVER_GSM3998346;GSE135251_LIVER_GSM3998347;GSE135251_LIVER_GSM3998348;GSE135251_LIVER_GSM3998349;GSE135251_LIVER_GSM3998350;GSE135251_LIVER_GSM3998351;GSE135251_LIVER_GSM3998352;GSE135251_LIVER_GSM3998353;GSE135251_LIVER_GSM3998354;GSE135251_LIVER_GSM3998355;GSE135251_LIVER_GSM3998356;GSE135251_LIVER_GSM3998357;GSE135251_LIVER_GSM3998358;GSE135251_LIVER_GSM3998359;GSE135251_LIVER_GSM3998360;GSE135251_LIVER_GSM3998361;GSE135251_LIVER_GSM3998362;GSE135251_LIVER_GSM3998363;GSE135251_LIVER_GSM3998364;GSE135251_LIVER_GSM3998365;GSE135251_LIVER_GSM3998366;GSE135251_LIVER_GSM3998367;GSE135251_LIVER_GSM3998368;GSE135251_LIVER_GSM3998369;GSE135251_LIVER_GSM3998370;GSE135251_LIVER_GSM3998371;GSE135251_LIVER_GSM3998372;GSE135251_LIVER_GSM3998373;GSE135251_LIVER_GSM3998374;GSE135251_LIVER_GSM3998375;GSE135251_LIVER_GSM3998376;GSE135251_LIVER_GSM3998377;GSE135251_LIVER_GSM3998378;GSE135251_LIVER_GSM3998379;GSE135251_LIVER_GSM3998380;GSE135251_LIVER_GSM3998381;GSE135251_LIVER_GSM3998382,"NASScore7-Ctrl_logFC,NASScore7-Ctrl_Pvalue,NASScore7-Ctrl_AdjPValue","Govaere O, Cockell S, Tiniakos D, Queen R et al. PMID: 33268509",2020,Illumina NextSeq 500,Liver,NASH,Human,216,https://www.ncbi.nlm.nih.gov/geo/query/acc.cgi?acc=GSE135251,BulkExpressionProfile,RNAseq,FALSE,FALSE,TRUE,TRUE,,
GSE135251,NA,"XXXXXXXXXXXX1XXXXXXX1XXXXXXXXXXXXX1XXXXXXX1XXXXXX0,00X00000XXXXXXXXXXXXXXXXXXXXXXXXXXXX1XXXXXXXXXXXXX,XXXXXXXXXXXXXXXXXXXXXXXXXXXXXXXXXXXXXXXXXXXXXXX1XX,XXXXXXXXXXXXXXX1XXXXXXXX00XXXXXXXXXXXXXXXXXXX1XXXX,XXXXXXXXXXXXXXXX",GSE135251_LIVER_GSM3998167;GSE135251_LIVER_GSM3998168;GSE135251_LIVER_GSM3998169;GSE135251_LIVER_GSM3998170;GSE135251_LIVER_GSM3998171;GSE135251_LIVER_GSM3998172;GSE135251_LIVER_GSM3998173;GSE135251_LIVER_GSM3998174;GSE135251_LIVER_GSM3998175;GSE135251_LIVER_GSM3998176;GSE135251_LIVER_GSM3998177;GSE135251_LIVER_GSM3998178;GSE135251_LIVER_GSM3998179;GSE135251_LIVER_GSM3998180;GSE135251_LIVER_GSM3998181;GSE135251_LIVER_GSM3998182;GSE135251_LIVER_GSM3998183;GSE135251_LIVER_GSM3998184;GSE135251_LIVER_GSM3998185;GSE135251_LIVER_GSM3998186;GSE135251_LIVER_GSM3998187;GSE135251_LIVER_GSM3998188;GSE135251_LIVER_GSM3998189;GSE135251_LIVER_GSM3998190;GSE135251_LIVER_GSM3998191;GSE135251_LIVER_GSM3998192;GSE135251_LIVER_GSM3998193;GSE135251_LIVER_GSM3998194;GSE135251_LIVER_GSM3998195;GSE135251_LIVER_GSM3998196;GSE135251_LIVER_GSM3998197;GSE135251_LIVER_GSM3998198;GSE135251_LIVER_GSM3998199;GSE135251_LIVER_GSM3998200;GSE135251_LIVER_GSM3998201;GSE135251_LIVER_GSM3998202;GSE135251_LIVER_GSM3998203;GSE135251_LIVER_GSM3998204;GSE135251_LIVER_GSM3998205;GSE135251_LIVER_GSM3998206;GSE135251_LIVER_GSM3998207;GSE135251_LIVER_GSM3998208;GSE135251_LIVER_GSM3998209;GSE135251_LIVER_GSM3998210;GSE135251_LIVER_GSM3998211;GSE135251_LIVER_GSM3998212;GSE135251_LIVER_GSM3998213;GSE135251_LIVER_GSM3998214;GSE135251_LIVER_GSM3998215;GSE135251_LIVER_GSM3998216;GSE135251_LIVER_GSM3998217;GSE135251_LIVER_GSM3998218;GSE135251_LIVER_GSM3998219;GSE135251_LIVER_GSM3998220;GSE135251_LIVER_GSM3998221;GSE135251_LIVER_GSM3998222;GSE135251_LIVER_GSM3998223;GSE135251_LIVER_GSM3998224;GSE135251_LIVER_GSM3998225;GSE135251_LIVER_GSM3998226;GSE135251_LIVER_GSM3998227;GSE135251_LIVER_GSM3998228;GSE135251_LIVER_GSM3998229;GSE135251_LIVER_GSM3998230;GSE135251_LIVER_GSM3998231;GSE135251_LIVER_GSM3998232;GSE135251_LIVER_GSM3998233;GSE135251_LIVER_GSM3998234;GSE135251_LIVER_GSM3998235;GSE135251_LIVER_GSM3998236;GSE135251_LIVER_GSM3998237;GSE135251_LIVER_GSM3998238;GSE135251_LIVER_GSM3998239;GSE135251_LIVER_GSM3998240;GSE135251_LIVER_GSM3998241;GSE135251_LIVER_GSM3998242;GSE135251_LIVER_GSM3998243;GSE135251_LIVER_GSM3998244;GSE135251_LIVER_GSM3998245;GSE135251_LIVER_GSM3998246;GSE135251_LIVER_GSM3998247;GSE135251_LIVER_GSM3998248;GSE135251_LIVER_GSM3998249;GSE135251_LIVER_GSM3998250;GSE135251_LIVER_GSM3998251;GSE135251_LIVER_GSM3998252;GSE135251_LIVER_GSM3998253;GSE135251_LIVER_GSM3998254;GSE135251_LIVER_GSM3998255;GSE135251_LIVER_GSM3998256;GSE135251_LIVER_GSM3998257;GSE135251_LIVER_GSM3998258;GSE135251_LIVER_GSM3998259;GSE135251_LIVER_GSM3998260;GSE135251_LIVER_GSM3998261;GSE135251_LIVER_GSM3998262;GSE135251_LIVER_GSM3998263;GSE135251_LIVER_GSM3998264;GSE135251_LIVER_GSM3998265;GSE135251_LIVER_GSM3998266;GSE135251_LIVER_GSM3998267;GSE135251_LIVER_GSM3998268;GSE135251_LIVER_GSM3998269;GSE135251_LIVER_GSM3998270;GSE135251_LIVER_GSM3998271;GSE135251_LIVER_GSM3998272;GSE135251_LIVER_GSM3998273;GSE135251_LIVER_GSM3998274;GSE135251_LIVER_GSM3998275;GSE135251_LIVER_GSM3998276;GSE135251_LIVER_GSM3998277;GSE135251_LIVER_GSM3998278;GSE135251_LIVER_GSM3998279;GSE135251_LIVER_GSM3998280;GSE135251_LIVER_GSM3998281;GSE135251_LIVER_GSM3998282;GSE135251_LIVER_GSM3998283;GSE135251_LIVER_GSM3998284;GSE135251_LIVER_GSM3998285;GSE135251_LIVER_GSM3998286;GSE135251_LIVER_GSM3998287;GSE135251_LIVER_GSM3998288;GSE135251_LIVER_GSM3998289;GSE135251_LIVER_GSM3998290;GSE135251_LIVER_GSM3998291;GSE135251_LIVER_GSM3998292;GSE135251_LIVER_GSM3998293;GSE135251_LIVER_GSM3998294;GSE135251_LIVER_GSM3998295;GSE135251_LIVER_GSM3998296;GSE135251_LIVER_GSM3998297;GSE135251_LIVER_GSM3998298;GSE135251_LIVER_GSM3998299;GSE135251_LIVER_GSM3998300;GSE135251_LIVER_GSM3998301;GSE135251_LIVER_GSM3998302;GSE135251_LIVER_GSM3998303;GSE135251_LIVER_GSM3998304;GSE135251_LIVER_GSM3998305;GSE135251_LIVER_GSM3998306;GSE135251_LIVER_GSM3998307;GSE135251_LIVER_GSM3998308;GSE135251_LIVER_GSM3998309;GSE135251_LIVER_GSM3998310;GSE135251_LIVER_GSM3998311;GSE135251_LIVER_GSM3998312;GSE135251_LIVER_GSM3998313;GSE135251_LIVER_GSM3998314;GSE135251_LIVER_GSM3998315;GSE135251_LIVER_GSM3998316;GSE135251_LIVER_GSM3998317;GSE135251_LIVER_GSM3998318;GSE135251_LIVER_GSM3998319;GSE135251_LIVER_GSM3998320;GSE135251_LIVER_GSM3998321;GSE135251_LIVER_GSM3998322;GSE135251_LIVER_GSM3998323;GSE135251_LIVER_GSM3998324;GSE135251_LIVER_GSM3998325;GSE135251_LIVER_GSM3998326;GSE135251_LIVER_GSM3998327;GSE135251_LIVER_GSM3998328;GSE135251_LIVER_GSM3998329;GSE135251_LIVER_GSM3998330;GSE135251_LIVER_GSM3998331;GSE135251_LIVER_GSM3998332;GSE135251_LIVER_GSM3998333;GSE135251_LIVER_GSM3998334;GSE135251_LIVER_GSM3998335;GSE135251_LIVER_GSM3998336;GSE135251_LIVER_GSM3998337;GSE135251_LIVER_GSM3998338;GSE135251_LIVER_GSM3998339;GSE135251_LIVER_GSM3998340;GSE135251_LIVER_GSM3998341;GSE135251_LIVER_GSM3998342;GSE135251_LIVER_GSM3998343;GSE135251_LIVER_GSM3998344;GSE135251_LIVER_GSM3998345;GSE135251_LIVER_GSM3998346;GSE135251_LIVER_GSM3998347;GSE135251_LIVER_GSM3998348;GSE135251_LIVER_GSM3998349;GSE135251_LIVER_GSM3998350;GSE135251_LIVER_GSM3998351;GSE135251_LIVER_GSM3998352;GSE135251_LIVER_GSM3998353;GSE135251_LIVER_GSM3998354;GSE135251_LIVER_GSM3998355;GSE135251_LIVER_GSM3998356;GSE135251_LIVER_GSM3998357;GSE135251_LIVER_GSM3998358;GSE135251_LIVER_GSM3998359;GSE135251_LIVER_GSM3998360;GSE135251_LIVER_GSM3998361;GSE135251_LIVER_GSM3998362;GSE135251_LIVER_GSM3998363;GSE135251_LIVER_GSM3998364;GSE135251_LIVER_GSM3998365;GSE135251_LIVER_GSM3998366;GSE135251_LIVER_GSM3998367;GSE135251_LIVER_GSM3998368;GSE135251_LIVER_GSM3998369;GSE135251_LIVER_GSM3998370;GSE135251_LIVER_GSM3998371;GSE135251_LIVER_GSM3998372;GSE135251_LIVER_GSM3998373;GSE135251_LIVER_GSM3998374;GSE135251_LIVER_GSM3998375;GSE135251_LIVER_GSM3998376;GSE135251_LIVER_GSM3998377;GSE135251_LIVER_GSM3998378;GSE135251_LIVER_GSM3998379;GSE135251_LIVER_GSM3998380;GSE135251_LIVER_GSM3998381;GSE135251_LIVER_GSM3998382,"NASScore8-Ctrl_logFC,NASScore8-Ctrl_Pvalue,NASScore8-Ctrl_AdjPValue","Govaere O, Cockell S, Tiniakos D, Queen R et al. PMID: 33268509",2020,Illumina NextSeq 500,Liver,NASH,Human,216,https://www.ncbi.nlm.nih.gov/geo/query/acc.cgi?acc=GSE135251,BulkExpressionProfile,RNAseq,FALSE,FALSE,TRUE,TRUE,,
GSE135251,NA,"XXXXX1XXXX1XXX1X1XXXXXXXX1X1X111XXXXX11XXXXXX1XXX0,00X00000XXX1XX11X1X1XXXXXXXXXXXXXXXXXX1XXXXXXXXXXX,XXXX1X1XXXXX1XXX1XXXXXXX11X111XXX1X1XXX1XXX11XXX11,1XX1XXXXXXXXXX1XXXXXXXXX00X1XXXXXX11XXXX11XXXX1XXX,1XXXXXXX1X1XX1XX",GSE135251_LIVER_GSM3998167;GSE135251_LIVER_GSM3998168;GSE135251_LIVER_GSM3998169;GSE135251_LIVER_GSM3998170;GSE135251_LIVER_GSM3998171;GSE135251_LIVER_GSM3998172;GSE135251_LIVER_GSM3998173;GSE135251_LIVER_GSM3998174;GSE135251_LIVER_GSM3998175;GSE135251_LIVER_GSM3998176;GSE135251_LIVER_GSM3998177;GSE135251_LIVER_GSM3998178;GSE135251_LIVER_GSM3998179;GSE135251_LIVER_GSM3998180;GSE135251_LIVER_GSM3998181;GSE135251_LIVER_GSM3998182;GSE135251_LIVER_GSM3998183;GSE135251_LIVER_GSM3998184;GSE135251_LIVER_GSM3998185;GSE135251_LIVER_GSM3998186;GSE135251_LIVER_GSM3998187;GSE135251_LIVER_GSM3998188;GSE135251_LIVER_GSM3998189;GSE135251_LIVER_GSM3998190;GSE135251_LIVER_GSM3998191;GSE135251_LIVER_GSM3998192;GSE135251_LIVER_GSM3998193;GSE135251_LIVER_GSM3998194;GSE135251_LIVER_GSM3998195;GSE135251_LIVER_GSM3998196;GSE135251_LIVER_GSM3998197;GSE135251_LIVER_GSM3998198;GSE135251_LIVER_GSM3998199;GSE135251_LIVER_GSM3998200;GSE135251_LIVER_GSM3998201;GSE135251_LIVER_GSM3998202;GSE135251_LIVER_GSM3998203;GSE135251_LIVER_GSM3998204;GSE135251_LIVER_GSM3998205;GSE135251_LIVER_GSM3998206;GSE135251_LIVER_GSM3998207;GSE135251_LIVER_GSM3998208;GSE135251_LIVER_GSM3998209;GSE135251_LIVER_GSM3998210;GSE135251_LIVER_GSM3998211;GSE135251_LIVER_GSM3998212;GSE135251_LIVER_GSM3998213;GSE135251_LIVER_GSM3998214;GSE135251_LIVER_GSM3998215;GSE135251_LIVER_GSM3998216;GSE135251_LIVER_GSM3998217;GSE135251_LIVER_GSM3998218;GSE135251_LIVER_GSM3998219;GSE135251_LIVER_GSM3998220;GSE135251_LIVER_GSM3998221;GSE135251_LIVER_GSM3998222;GSE135251_LIVER_GSM3998223;GSE135251_LIVER_GSM3998224;GSE135251_LIVER_GSM3998225;GSE135251_LIVER_GSM3998226;GSE135251_LIVER_GSM3998227;GSE135251_LIVER_GSM3998228;GSE135251_LIVER_GSM3998229;GSE135251_LIVER_GSM3998230;GSE135251_LIVER_GSM3998231;GSE135251_LIVER_GSM3998232;GSE135251_LIVER_GSM3998233;GSE135251_LIVER_GSM3998234;GSE135251_LIVER_GSM3998235;GSE135251_LIVER_GSM3998236;GSE135251_LIVER_GSM3998237;GSE135251_LIVER_GSM3998238;GSE135251_LIVER_GSM3998239;GSE135251_LIVER_GSM3998240;GSE135251_LIVER_GSM3998241;GSE135251_LIVER_GSM3998242;GSE135251_LIVER_GSM3998243;GSE135251_LIVER_GSM3998244;GSE135251_LIVER_GSM3998245;GSE135251_LIVER_GSM3998246;GSE135251_LIVER_GSM3998247;GSE135251_LIVER_GSM3998248;GSE135251_LIVER_GSM3998249;GSE135251_LIVER_GSM3998250;GSE135251_LIVER_GSM3998251;GSE135251_LIVER_GSM3998252;GSE135251_LIVER_GSM3998253;GSE135251_LIVER_GSM3998254;GSE135251_LIVER_GSM3998255;GSE135251_LIVER_GSM3998256;GSE135251_LIVER_GSM3998257;GSE135251_LIVER_GSM3998258;GSE135251_LIVER_GSM3998259;GSE135251_LIVER_GSM3998260;GSE135251_LIVER_GSM3998261;GSE135251_LIVER_GSM3998262;GSE135251_LIVER_GSM3998263;GSE135251_LIVER_GSM3998264;GSE135251_LIVER_GSM3998265;GSE135251_LIVER_GSM3998266;GSE135251_LIVER_GSM3998267;GSE135251_LIVER_GSM3998268;GSE135251_LIVER_GSM3998269;GSE135251_LIVER_GSM3998270;GSE135251_LIVER_GSM3998271;GSE135251_LIVER_GSM3998272;GSE135251_LIVER_GSM3998273;GSE135251_LIVER_GSM3998274;GSE135251_LIVER_GSM3998275;GSE135251_LIVER_GSM3998276;GSE135251_LIVER_GSM3998277;GSE135251_LIVER_GSM3998278;GSE135251_LIVER_GSM3998279;GSE135251_LIVER_GSM3998280;GSE135251_LIVER_GSM3998281;GSE135251_LIVER_GSM3998282;GSE135251_LIVER_GSM3998283;GSE135251_LIVER_GSM3998284;GSE135251_LIVER_GSM3998285;GSE135251_LIVER_GSM3998286;GSE135251_LIVER_GSM3998287;GSE135251_LIVER_GSM3998288;GSE135251_LIVER_GSM3998289;GSE135251_LIVER_GSM3998290;GSE135251_LIVER_GSM3998291;GSE135251_LIVER_GSM3998292;GSE135251_LIVER_GSM3998293;GSE135251_LIVER_GSM3998294;GSE135251_LIVER_GSM3998295;GSE135251_LIVER_GSM3998296;GSE135251_LIVER_GSM3998297;GSE135251_LIVER_GSM3998298;GSE135251_LIVER_GSM3998299;GSE135251_LIVER_GSM3998300;GSE135251_LIVER_GSM3998301;GSE135251_LIVER_GSM3998302;GSE135251_LIVER_GSM3998303;GSE135251_LIVER_GSM3998304;GSE135251_LIVER_GSM3998305;GSE135251_LIVER_GSM3998306;GSE135251_LIVER_GSM3998307;GSE135251_LIVER_GSM3998308;GSE135251_LIVER_GSM3998309;GSE135251_LIVER_GSM3998310;GSE135251_LIVER_GSM3998311;GSE135251_LIVER_GSM3998312;GSE135251_LIVER_GSM3998313;GSE135251_LIVER_GSM3998314;GSE135251_LIVER_GSM3998315;GSE135251_LIVER_GSM3998316;GSE135251_LIVER_GSM3998317;GSE135251_LIVER_GSM3998318;GSE135251_LIVER_GSM3998319;GSE135251_LIVER_GSM3998320;GSE135251_LIVER_GSM3998321;GSE135251_LIVER_GSM3998322;GSE135251_LIVER_GSM3998323;GSE135251_LIVER_GSM3998324;GSE135251_LIVER_GSM3998325;GSE135251_LIVER_GSM3998326;GSE135251_LIVER_GSM3998327;GSE135251_LIVER_GSM3998328;GSE135251_LIVER_GSM3998329;GSE135251_LIVER_GSM3998330;GSE135251_LIVER_GSM3998331;GSE135251_LIVER_GSM3998332;GSE135251_LIVER_GSM3998333;GSE135251_LIVER_GSM3998334;GSE135251_LIVER_GSM3998335;GSE135251_LIVER_GSM3998336;GSE135251_LIVER_GSM3998337;GSE135251_LIVER_GSM3998338;GSE135251_LIVER_GSM3998339;GSE135251_LIVER_GSM3998340;GSE135251_LIVER_GSM3998341;GSE135251_LIVER_GSM3998342;GSE135251_LIVER_GSM3998343;GSE135251_LIVER_GSM3998344;GSE135251_LIVER_GSM3998345;GSE135251_LIVER_GSM3998346;GSE135251_LIVER_GSM3998347;GSE135251_LIVER_GSM3998348;GSE135251_LIVER_GSM3998349;GSE135251_LIVER_GSM3998350;GSE135251_LIVER_GSM3998351;GSE135251_LIVER_GSM3998352;GSE135251_LIVER_GSM3998353;GSE135251_LIVER_GSM3998354;GSE135251_LIVER_GSM3998355;GSE135251_LIVER_GSM3998356;GSE135251_LIVER_GSM3998357;GSE135251_LIVER_GSM3998358;GSE135251_LIVER_GSM3998359;GSE135251_LIVER_GSM3998360;GSE135251_LIVER_GSM3998361;GSE135251_LIVER_GSM3998362;GSE135251_LIVER_GSM3998363;GSE135251_LIVER_GSM3998364;GSE135251_LIVER_GSM3998365;GSE135251_LIVER_GSM3998366;GSE135251_LIVER_GSM3998367;GSE135251_LIVER_GSM3998368;GSE135251_LIVER_GSM3998369;GSE135251_LIVER_GSM3998370;GSE135251_LIVER_GSM3998371;GSE135251_LIVER_GSM3998372;GSE135251_LIVER_GSM3998373;GSE135251_LIVER_GSM3998374;GSE135251_LIVER_GSM3998375;GSE135251_LIVER_GSM3998376;GSE135251_LIVER_GSM3998377;GSE135251_LIVER_GSM3998378;GSE135251_LIVER_GSM3998379;GSE135251_LIVER_GSM3998380;GSE135251_LIVER_GSM3998381;GSE135251_LIVER_GSM3998382,"FibrosisStage1-Ctrl_logFC,FibrosisStage1-Ctrl_Pvalue,FibrosisStage1-Ctrl_AdjPValue","Govaere O, Cockell S, Tiniakos D, Queen R et al. PMID: 33268509",2020,Illumina NextSeq 500,Liver,NASH,Human,216,https://www.ncbi.nlm.nih.gov/geo/query/acc.cgi?acc=GSE135251,BulkExpressionProfile,RNAseq,FALSE,FALSE,TRUE,TRUE,,
GSE135251,NA,"1X1XXXX1X1X1X1X1X1X11XXXXXXXXXXX1XXXXXXXXXXX1XXX10,00X00000XXXXXXXXXX1X11X1XX1X11X1XXX1XXX11X11XX11XX,XX1XXXXXXX11XXXXX1XX1XXXXXXXXX1X1XXXXXXXXXXXX11XXX,X1XXXXXXXXXXXXXXXX1X1XXX001XXX11X1XXXX11XXX1X1XXXX,X1X11XXXX1XXXX1X",GSE135251_LIVER_GSM3998167;GSE135251_LIVER_GSM3998168;GSE135251_LIVER_GSM3998169;GSE135251_LIVER_GSM3998170;GSE135251_LIVER_GSM3998171;GSE135251_LIVER_GSM3998172;GSE135251_LIVER_GSM3998173;GSE135251_LIVER_GSM3998174;GSE135251_LIVER_GSM3998175;GSE135251_LIVER_GSM3998176;GSE135251_LIVER_GSM3998177;GSE135251_LIVER_GSM3998178;GSE135251_LIVER_GSM3998179;GSE135251_LIVER_GSM3998180;GSE135251_LIVER_GSM3998181;GSE135251_LIVER_GSM3998182;GSE135251_LIVER_GSM3998183;GSE135251_LIVER_GSM3998184;GSE135251_LIVER_GSM3998185;GSE135251_LIVER_GSM3998186;GSE135251_LIVER_GSM3998187;GSE135251_LIVER_GSM3998188;GSE135251_LIVER_GSM3998189;GSE135251_LIVER_GSM3998190;GSE135251_LIVER_GSM3998191;GSE135251_LIVER_GSM3998192;GSE135251_LIVER_GSM3998193;GSE135251_LIVER_GSM3998194;GSE135251_LIVER_GSM3998195;GSE135251_LIVER_GSM3998196;GSE135251_LIVER_GSM3998197;GSE135251_LIVER_GSM3998198;GSE135251_LIVER_GSM3998199;GSE135251_LIVER_GSM3998200;GSE135251_LIVER_GSM3998201;GSE135251_LIVER_GSM3998202;GSE135251_LIVER_GSM3998203;GSE135251_LIVER_GSM3998204;GSE135251_LIVER_GSM3998205;GSE135251_LIVER_GSM3998206;GSE135251_LIVER_GSM3998207;GSE135251_LIVER_GSM3998208;GSE135251_LIVER_GSM3998209;GSE135251_LIVER_GSM3998210;GSE135251_LIVER_GSM3998211;GSE135251_LIVER_GSM3998212;GSE135251_LIVER_GSM3998213;GSE135251_LIVER_GSM3998214;GSE135251_LIVER_GSM3998215;GSE135251_LIVER_GSM3998216;GSE135251_LIVER_GSM3998217;GSE135251_LIVER_GSM3998218;GSE135251_LIVER_GSM3998219;GSE135251_LIVER_GSM3998220;GSE135251_LIVER_GSM3998221;GSE135251_LIVER_GSM3998222;GSE135251_LIVER_GSM3998223;GSE135251_LIVER_GSM3998224;GSE135251_LIVER_GSM3998225;GSE135251_LIVER_GSM3998226;GSE135251_LIVER_GSM3998227;GSE135251_LIVER_GSM3998228;GSE135251_LIVER_GSM3998229;GSE135251_LIVER_GSM3998230;GSE135251_LIVER_GSM3998231;GSE135251_LIVER_GSM3998232;GSE135251_LIVER_GSM3998233;GSE135251_LIVER_GSM3998234;GSE135251_LIVER_GSM3998235;GSE135251_LIVER_GSM3998236;GSE135251_LIVER_GSM3998237;GSE135251_LIVER_GSM3998238;GSE135251_LIVER_GSM3998239;GSE135251_LIVER_GSM3998240;GSE135251_LIVER_GSM3998241;GSE135251_LIVER_GSM3998242;GSE135251_LIVER_GSM3998243;GSE135251_LIVER_GSM3998244;GSE135251_LIVER_GSM3998245;GSE135251_LIVER_GSM3998246;GSE135251_LIVER_GSM3998247;GSE135251_LIVER_GSM3998248;GSE135251_LIVER_GSM3998249;GSE135251_LIVER_GSM3998250;GSE135251_LIVER_GSM3998251;GSE135251_LIVER_GSM3998252;GSE135251_LIVER_GSM3998253;GSE135251_LIVER_GSM3998254;GSE135251_LIVER_GSM3998255;GSE135251_LIVER_GSM3998256;GSE135251_LIVER_GSM3998257;GSE135251_LIVER_GSM3998258;GSE135251_LIVER_GSM3998259;GSE135251_LIVER_GSM3998260;GSE135251_LIVER_GSM3998261;GSE135251_LIVER_GSM3998262;GSE135251_LIVER_GSM3998263;GSE135251_LIVER_GSM3998264;GSE135251_LIVER_GSM3998265;GSE135251_LIVER_GSM3998266;GSE135251_LIVER_GSM3998267;GSE135251_LIVER_GSM3998268;GSE135251_LIVER_GSM3998269;GSE135251_LIVER_GSM3998270;GSE135251_LIVER_GSM3998271;GSE135251_LIVER_GSM3998272;GSE135251_LIVER_GSM3998273;GSE135251_LIVER_GSM3998274;GSE135251_LIVER_GSM3998275;GSE135251_LIVER_GSM3998276;GSE135251_LIVER_GSM3998277;GSE135251_LIVER_GSM3998278;GSE135251_LIVER_GSM3998279;GSE135251_LIVER_GSM3998280;GSE135251_LIVER_GSM3998281;GSE135251_LIVER_GSM3998282;GSE135251_LIVER_GSM3998283;GSE135251_LIVER_GSM3998284;GSE135251_LIVER_GSM3998285;GSE135251_LIVER_GSM3998286;GSE135251_LIVER_GSM3998287;GSE135251_LIVER_GSM3998288;GSE135251_LIVER_GSM3998289;GSE135251_LIVER_GSM3998290;GSE135251_LIVER_GSM3998291;GSE135251_LIVER_GSM3998292;GSE135251_LIVER_GSM3998293;GSE135251_LIVER_GSM3998294;GSE135251_LIVER_GSM3998295;GSE135251_LIVER_GSM3998296;GSE135251_LIVER_GSM3998297;GSE135251_LIVER_GSM3998298;GSE135251_LIVER_GSM3998299;GSE135251_LIVER_GSM3998300;GSE135251_LIVER_GSM3998301;GSE135251_LIVER_GSM3998302;GSE135251_LIVER_GSM3998303;GSE135251_LIVER_GSM3998304;GSE135251_LIVER_GSM3998305;GSE135251_LIVER_GSM3998306;GSE135251_LIVER_GSM3998307;GSE135251_LIVER_GSM3998308;GSE135251_LIVER_GSM3998309;GSE135251_LIVER_GSM3998310;GSE135251_LIVER_GSM3998311;GSE135251_LIVER_GSM3998312;GSE135251_LIVER_GSM3998313;GSE135251_LIVER_GSM3998314;GSE135251_LIVER_GSM3998315;GSE135251_LIVER_GSM3998316;GSE135251_LIVER_GSM3998317;GSE135251_LIVER_GSM3998318;GSE135251_LIVER_GSM3998319;GSE135251_LIVER_GSM3998320;GSE135251_LIVER_GSM3998321;GSE135251_LIVER_GSM3998322;GSE135251_LIVER_GSM3998323;GSE135251_LIVER_GSM3998324;GSE135251_LIVER_GSM3998325;GSE135251_LIVER_GSM3998326;GSE135251_LIVER_GSM3998327;GSE135251_LIVER_GSM3998328;GSE135251_LIVER_GSM3998329;GSE135251_LIVER_GSM3998330;GSE135251_LIVER_GSM3998331;GSE135251_LIVER_GSM3998332;GSE135251_LIVER_GSM3998333;GSE135251_LIVER_GSM3998334;GSE135251_LIVER_GSM3998335;GSE135251_LIVER_GSM3998336;GSE135251_LIVER_GSM3998337;GSE135251_LIVER_GSM3998338;GSE135251_LIVER_GSM3998339;GSE135251_LIVER_GSM3998340;GSE135251_LIVER_GSM3998341;GSE135251_LIVER_GSM3998342;GSE135251_LIVER_GSM3998343;GSE135251_LIVER_GSM3998344;GSE135251_LIVER_GSM3998345;GSE135251_LIVER_GSM3998346;GSE135251_LIVER_GSM3998347;GSE135251_LIVER_GSM3998348;GSE135251_LIVER_GSM3998349;GSE135251_LIVER_GSM3998350;GSE135251_LIVER_GSM3998351;GSE135251_LIVER_GSM3998352;GSE135251_LIVER_GSM3998353;GSE135251_LIVER_GSM3998354;GSE135251_LIVER_GSM3998355;GSE135251_LIVER_GSM3998356;GSE135251_LIVER_GSM3998357;GSE135251_LIVER_GSM3998358;GSE135251_LIVER_GSM3998359;GSE135251_LIVER_GSM3998360;GSE135251_LIVER_GSM3998361;GSE135251_LIVER_GSM3998362;GSE135251_LIVER_GSM3998363;GSE135251_LIVER_GSM3998364;GSE135251_LIVER_GSM3998365;GSE135251_LIVER_GSM3998366;GSE135251_LIVER_GSM3998367;GSE135251_LIVER_GSM3998368;GSE135251_LIVER_GSM3998369;GSE135251_LIVER_GSM3998370;GSE135251_LIVER_GSM3998371;GSE135251_LIVER_GSM3998372;GSE135251_LIVER_GSM3998373;GSE135251_LIVER_GSM3998374;GSE135251_LIVER_GSM3998375;GSE135251_LIVER_GSM3998376;GSE135251_LIVER_GSM3998377;GSE135251_LIVER_GSM3998378;GSE135251_LIVER_GSM3998379;GSE135251_LIVER_GSM3998380;GSE135251_LIVER_GSM3998381;GSE135251_LIVER_GSM3998382,"FibrosisStage2-Ctrl_logFC,FibrosisStage2-Ctrl_Pvalue,FibrosisStage2-Ctrl_AdjPValue","Govaere O, Cockell S, Tiniakos D, Queen R et al. PMID: 33268509",2020,Illumina NextSeq 500,Liver,NASH,Human,216,https://www.ncbi.nlm.nih.gov/geo/query/acc.cgi?acc=GSE135251,BulkExpressionProfile,RNAseq,FALSE,FALSE,TRUE,TRUE,,
GSE135251,NA,"XXXXXXXXXXXXXXXXXXXXXXXX1XXXXXXXXX1XXXXXX1XXXXX1X0,00X00000X11XX1XXXXXXXXXXX1XXXXXXX1XXXXXXX1XXXXXXXX,XXXXXXXX1XXXXXXXXX1XXXXXXXXXXXXXXXXXXXXXXXXXXXXXXX,XXXXXXXXXXXXXXX1XXXXXXXX00XXXXXXXXXXXXXXXX1XXXXXXX,XXXXXXXXXXXXXXXX",GSE135251_LIVER_GSM3998167;GSE135251_LIVER_GSM3998168;GSE135251_LIVER_GSM3998169;GSE135251_LIVER_GSM3998170;GSE135251_LIVER_GSM3998171;GSE135251_LIVER_GSM3998172;GSE135251_LIVER_GSM3998173;GSE135251_LIVER_GSM3998174;GSE135251_LIVER_GSM3998175;GSE135251_LIVER_GSM3998176;GSE135251_LIVER_GSM3998177;GSE135251_LIVER_GSM3998178;GSE135251_LIVER_GSM3998179;GSE135251_LIVER_GSM3998180;GSE135251_LIVER_GSM3998181;GSE135251_LIVER_GSM3998182;GSE135251_LIVER_GSM3998183;GSE135251_LIVER_GSM3998184;GSE135251_LIVER_GSM3998185;GSE135251_LIVER_GSM3998186;GSE135251_LIVER_GSM3998187;GSE135251_LIVER_GSM3998188;GSE135251_LIVER_GSM3998189;GSE135251_LIVER_GSM3998190;GSE135251_LIVER_GSM3998191;GSE135251_LIVER_GSM3998192;GSE135251_LIVER_GSM3998193;GSE135251_LIVER_GSM3998194;GSE135251_LIVER_GSM3998195;GSE135251_LIVER_GSM3998196;GSE135251_LIVER_GSM3998197;GSE135251_LIVER_GSM3998198;GSE135251_LIVER_GSM3998199;GSE135251_LIVER_GSM3998200;GSE135251_LIVER_GSM3998201;GSE135251_LIVER_GSM3998202;GSE135251_LIVER_GSM3998203;GSE135251_LIVER_GSM3998204;GSE135251_LIVER_GSM3998205;GSE135251_LIVER_GSM3998206;GSE135251_LIVER_GSM3998207;GSE135251_LIVER_GSM3998208;GSE135251_LIVER_GSM3998209;GSE135251_LIVER_GSM3998210;GSE135251_LIVER_GSM3998211;GSE135251_LIVER_GSM3998212;GSE135251_LIVER_GSM3998213;GSE135251_LIVER_GSM3998214;GSE135251_LIVER_GSM3998215;GSE135251_LIVER_GSM3998216;GSE135251_LIVER_GSM3998217;GSE135251_LIVER_GSM3998218;GSE135251_LIVER_GSM3998219;GSE135251_LIVER_GSM3998220;GSE135251_LIVER_GSM3998221;GSE135251_LIVER_GSM3998222;GSE135251_LIVER_GSM3998223;GSE135251_LIVER_GSM3998224;GSE135251_LIVER_GSM3998225;GSE135251_LIVER_GSM3998226;GSE135251_LIVER_GSM3998227;GSE135251_LIVER_GSM3998228;GSE135251_LIVER_GSM3998229;GSE135251_LIVER_GSM3998230;GSE135251_LIVER_GSM3998231;GSE135251_LIVER_GSM3998232;GSE135251_LIVER_GSM3998233;GSE135251_LIVER_GSM3998234;GSE135251_LIVER_GSM3998235;GSE135251_LIVER_GSM3998236;GSE135251_LIVER_GSM3998237;GSE135251_LIVER_GSM3998238;GSE135251_LIVER_GSM3998239;GSE135251_LIVER_GSM3998240;GSE135251_LIVER_GSM3998241;GSE135251_LIVER_GSM3998242;GSE135251_LIVER_GSM3998243;GSE135251_LIVER_GSM3998244;GSE135251_LIVER_GSM3998245;GSE135251_LIVER_GSM3998246;GSE135251_LIVER_GSM3998247;GSE135251_LIVER_GSM3998248;GSE135251_LIVER_GSM3998249;GSE135251_LIVER_GSM3998250;GSE135251_LIVER_GSM3998251;GSE135251_LIVER_GSM3998252;GSE135251_LIVER_GSM3998253;GSE135251_LIVER_GSM3998254;GSE135251_LIVER_GSM3998255;GSE135251_LIVER_GSM3998256;GSE135251_LIVER_GSM3998257;GSE135251_LIVER_GSM3998258;GSE135251_LIVER_GSM3998259;GSE135251_LIVER_GSM3998260;GSE135251_LIVER_GSM3998261;GSE135251_LIVER_GSM3998262;GSE135251_LIVER_GSM3998263;GSE135251_LIVER_GSM3998264;GSE135251_LIVER_GSM3998265;GSE135251_LIVER_GSM3998266;GSE135251_LIVER_GSM3998267;GSE135251_LIVER_GSM3998268;GSE135251_LIVER_GSM3998269;GSE135251_LIVER_GSM3998270;GSE135251_LIVER_GSM3998271;GSE135251_LIVER_GSM3998272;GSE135251_LIVER_GSM3998273;GSE135251_LIVER_GSM3998274;GSE135251_LIVER_GSM3998275;GSE135251_LIVER_GSM3998276;GSE135251_LIVER_GSM3998277;GSE135251_LIVER_GSM3998278;GSE135251_LIVER_GSM3998279;GSE135251_LIVER_GSM3998280;GSE135251_LIVER_GSM3998281;GSE135251_LIVER_GSM3998282;GSE135251_LIVER_GSM3998283;GSE135251_LIVER_GSM3998284;GSE135251_LIVER_GSM3998285;GSE135251_LIVER_GSM3998286;GSE135251_LIVER_GSM3998287;GSE135251_LIVER_GSM3998288;GSE135251_LIVER_GSM3998289;GSE135251_LIVER_GSM3998290;GSE135251_LIVER_GSM3998291;GSE135251_LIVER_GSM3998292;GSE135251_LIVER_GSM3998293;GSE135251_LIVER_GSM3998294;GSE135251_LIVER_GSM3998295;GSE135251_LIVER_GSM3998296;GSE135251_LIVER_GSM3998297;GSE135251_LIVER_GSM3998298;GSE135251_LIVER_GSM3998299;GSE135251_LIVER_GSM3998300;GSE135251_LIVER_GSM3998301;GSE135251_LIVER_GSM3998302;GSE135251_LIVER_GSM3998303;GSE135251_LIVER_GSM3998304;GSE135251_LIVER_GSM3998305;GSE135251_LIVER_GSM3998306;GSE135251_LIVER_GSM3998307;GSE135251_LIVER_GSM3998308;GSE135251_LIVER_GSM3998309;GSE135251_LIVER_GSM3998310;GSE135251_LIVER_GSM3998311;GSE135251_LIVER_GSM3998312;GSE135251_LIVER_GSM3998313;GSE135251_LIVER_GSM3998314;GSE135251_LIVER_GSM3998315;GSE135251_LIVER_GSM3998316;GSE135251_LIVER_GSM3998317;GSE135251_LIVER_GSM3998318;GSE135251_LIVER_GSM3998319;GSE135251_LIVER_GSM3998320;GSE135251_LIVER_GSM3998321;GSE135251_LIVER_GSM3998322;GSE135251_LIVER_GSM3998323;GSE135251_LIVER_GSM3998324;GSE135251_LIVER_GSM3998325;GSE135251_LIVER_GSM3998326;GSE135251_LIVER_GSM3998327;GSE135251_LIVER_GSM3998328;GSE135251_LIVER_GSM3998329;GSE135251_LIVER_GSM3998330;GSE135251_LIVER_GSM3998331;GSE135251_LIVER_GSM3998332;GSE135251_LIVER_GSM3998333;GSE135251_LIVER_GSM3998334;GSE135251_LIVER_GSM3998335;GSE135251_LIVER_GSM3998336;GSE135251_LIVER_GSM3998337;GSE135251_LIVER_GSM3998338;GSE135251_LIVER_GSM3998339;GSE135251_LIVER_GSM3998340;GSE135251_LIVER_GSM3998341;GSE135251_LIVER_GSM3998342;GSE135251_LIVER_GSM3998343;GSE135251_LIVER_GSM3998344;GSE135251_LIVER_GSM3998345;GSE135251_LIVER_GSM3998346;GSE135251_LIVER_GSM3998347;GSE135251_LIVER_GSM3998348;GSE135251_LIVER_GSM3998349;GSE135251_LIVER_GSM3998350;GSE135251_LIVER_GSM3998351;GSE135251_LIVER_GSM3998352;GSE135251_LIVER_GSM3998353;GSE135251_LIVER_GSM3998354;GSE135251_LIVER_GSM3998355;GSE135251_LIVER_GSM3998356;GSE135251_LIVER_GSM3998357;GSE135251_LIVER_GSM3998358;GSE135251_LIVER_GSM3998359;GSE135251_LIVER_GSM3998360;GSE135251_LIVER_GSM3998361;GSE135251_LIVER_GSM3998362;GSE135251_LIVER_GSM3998363;GSE135251_LIVER_GSM3998364;GSE135251_LIVER_GSM3998365;GSE135251_LIVER_GSM3998366;GSE135251_LIVER_GSM3998367;GSE135251_LIVER_GSM3998368;GSE135251_LIVER_GSM3998369;GSE135251_LIVER_GSM3998370;GSE135251_LIVER_GSM3998371;GSE135251_LIVER_GSM3998372;GSE135251_LIVER_GSM3998373;GSE135251_LIVER_GSM3998374;GSE135251_LIVER_GSM3998375;GSE135251_LIVER_GSM3998376;GSE135251_LIVER_GSM3998377;GSE135251_LIVER_GSM3998378;GSE135251_LIVER_GSM3998379;GSE135251_LIVER_GSM3998380;GSE135251_LIVER_GSM3998381;GSE135251_LIVER_GSM3998382,"FibrosisStage4-Ctrl_logFC,FibrosisStage4-Ctrl_Pvalue,FibrosisStage4-Ctrl_AdjPValue","Govaere O, Cockell S, Tiniakos D, Queen R et al. PMID: 33268509",2020,Illumina NextSeq 500,Liver,NASH,Human,216,https://www.ncbi.nlm.nih.gov/geo/query/acc.cgi?acc=GSE135251,BulkExpressionProfile,RNAseq,FALSE,FALSE,TRUE,TRUE,,
GSE162694,NA,"X10X10XX1001XXX0XXXXXXXXXX1XXXXXXXXXX01X1XXX1X1XX1,XXXXX11XXX1X1XXX1XXX011XXXX0XXX0X0X0XX0X110XXX1011,0X01010X001XX00X00000X10XX1XXXXX0110XXXXX10",GSE162694_Liver_GSM4957321;GSE162694_Liver_GSM4957322;GSE162694_Liver_GSM4957323;GSE162694_Liver_GSM4957324;GSE162694_Liver_GSM4957325;GSE162694_Liver_GSM4957326;GSE162694_Liver_GSM4957327;GSE162694_Liver_GSM4957328;GSE162694_Liver_GSM4957329;GSE162694_Liver_GSM4957330;GSE162694_Liver_GSM4957331;GSE162694_Liver_GSM4957332;GSE162694_Liver_GSM4957333;GSE162694_Liver_GSM4957334;GSE162694_Liver_GSM4957335;GSE162694_Liver_GSM4957336;GSE162694_Liver_GSM4957337;GSE162694_Liver_GSM4957338;GSE162694_Liver_GSM4957339;GSE162694_Liver_GSM4957340;GSE162694_Liver_GSM4957341;GSE162694_Liver_GSM4957342;GSE162694_Liver_GSM4957343;GSE162694_Liver_GSM4957344;GSE162694_Liver_GSM4957345;GSE162694_Liver_GSM4957346;GSE162694_Liver_GSM4957347;GSE162694_Liver_GSM4957348;GSE162694_Liver_GSM4957349;GSE162694_Liver_GSM4957350;GSE162694_Liver_GSM4957351;GSE162694_Liver_GSM4957352;GSE162694_Liver_GSM4957353;GSE162694_Liver_GSM4957354;GSE162694_Liver_GSM4957355;GSE162694_Liver_GSM4957356;GSE162694_Liver_GSM4957357;GSE162694_Liver_GSM4957358;GSE162694_Liver_GSM4957359;GSE162694_Liver_GSM4957360;GSE162694_Liver_GSM4957361;GSE162694_Liver_GSM4957362;GSE162694_Liver_GSM4957363;GSE162694_Liver_GSM4957364;GSE162694_Liver_GSM4957365;GSE162694_Liver_GSM4957366;GSE162694_Liver_GSM4957367;GSE162694_Liver_GSM4957368;GSE162694_Liver_GSM4957369;GSE162694_Liver_GSM4957370;GSE162694_Liver_GSM4957371;GSE162694_Liver_GSM4957372;GSE162694_Liver_GSM4957373;GSE162694_Liver_GSM4957374;GSE162694_Liver_GSM4957375;GSE162694_Liver_GSM4957376;GSE162694_Liver_GSM4957377;GSE162694_Liver_GSM4957378;GSE162694_Liver_GSM4957379;GSE162694_Liver_GSM4957380;GSE162694_Liver_GSM4957381;GSE162694_Liver_GSM4957382;GSE162694_Liver_GSM4957383;GSE162694_Liver_GSM4957384;GSE162694_Liver_GSM4957385;GSE162694_Liver_GSM4957386;GSE162694_Liver_GSM4957387;GSE162694_Liver_GSM4957388;GSE162694_Liver_GSM4957389;GSE162694_Liver_GSM4957390;GSE162694_Liver_GSM4957391;GSE162694_Liver_GSM4957392;GSE162694_Liver_GSM4957393;GSE162694_Liver_GSM4957394;GSE162694_Liver_GSM4957395;GSE162694_Liver_GSM4957396;GSE162694_Liver_GSM4957397;GSE162694_Liver_GSM4957398;GSE162694_Liver_GSM4957399;GSE162694_Liver_GSM4957400;GSE162694_Liver_GSM4957401;GSE162694_Liver_GSM4957402;GSE162694_Liver_GSM4957403;GSE162694_Liver_GSM4957404;GSE162694_Liver_GSM4957405;GSE162694_Liver_GSM4957406;GSE162694_Liver_GSM4957407;GSE162694_Liver_GSM4957408;GSE162694_Liver_GSM4957409;GSE162694_Liver_GSM4957410;GSE162694_Liver_GSM4957411;GSE162694_Liver_GSM4957412;GSE162694_Liver_GSM4957413;GSE162694_Liver_GSM4957414;GSE162694_Liver_GSM4957415;GSE162694_Liver_GSM4957416;GSE162694_Liver_GSM4957417;GSE162694_Liver_GSM4957418;GSE162694_Liver_GSM4957419;GSE162694_Liver_GSM4957420;GSE162694_Liver_GSM4957421;GSE162694_Liver_GSM4957422;GSE162694_Liver_GSM4957423;GSE162694_Liver_GSM4957424;GSE162694_Liver_GSM4957425;GSE162694_Liver_GSM4957426;GSE162694_Liver_GSM4957427;GSE162694_Liver_GSM4957428;GSE162694_Liver_GSM4957429;GSE162694_Liver_GSM4957430;GSE162694_Liver_GSM4957431;GSE162694_Liver_GSM4957432;GSE162694_Liver_GSM4957433;GSE162694_Liver_GSM4957434;GSE162694_Liver_GSM4957435;GSE162694_Liver_GSM4957436;GSE162694_Liver_GSM4957437;GSE162694_Liver_GSM4957438;GSE162694_Liver_GSM4957439;GSE162694_Liver_GSM4957440;GSE162694_Liver_GSM4957441;GSE162694_Liver_GSM4957442;GSE162694_Liver_GSM4957443;GSE162694_Liver_GSM4957444;GSE162694_Liver_GSM4957445;GSE162694_Liver_GSM4957446;GSE162694_Liver_GSM4957447;GSE162694_Liver_GSM4957448;GSE162694_Liver_GSM4957449;GSE162694_Liver_GSM4957450;GSE162694_Liver_GSM4957451;GSE162694_Liver_GSM4957452;GSE162694_Liver_GSM4957453;GSE162694_Liver_GSM4957454;GSE162694_Liver_GSM4957455;GSE162694_Liver_GSM4957456;GSE162694_Liver_GSM4957457;GSE162694_Liver_GSM4957458;GSE162694_Liver_GSM4957459;GSE162694_Liver_GSM4957460;GSE162694_Liver_GSM4957461;GSE162694_Liver_GSM4957462;GSE162694_Liver_GSM4957463,"FibrosisStage1-Ctrl_logFC,FibrosisStage1-Ctrl_Pvalue,FibrosisStage1-Ctrl_AdjPValue","Pantano L, Agyapong G, Shen Y, Zhuo Z et al. PMID: 34508113",2021,Illumina HiSeq 3000,Liver,NASH,Human,143,https://www.ncbi.nlm.nih.gov/geo/query/acc.cgi?acc=GSE162694,BulkExpressionProfile,RNAseq,FALSE,TRUE,TRUE,TRUE,,
GSE162694,NA,"XX0XX0X1X00X11X0XXXXXX11X1X1X11111XX10XXX1XXXXXXXX,XXXXXXXXXXXXX11XXXX10XXXX1X0X1X0X0X0XX0XXX0X1XX0XX,0X0X0X0X00X1100X00000XX011X1XXXX0XX01XX1XX0",GSE162694_Liver_GSM4957321;GSE162694_Liver_GSM4957322;GSE162694_Liver_GSM4957323;GSE162694_Liver_GSM4957324;GSE162694_Liver_GSM4957325;GSE162694_Liver_GSM4957326;GSE162694_Liver_GSM4957327;GSE162694_Liver_GSM4957328;GSE162694_Liver_GSM4957329;GSE162694_Liver_GSM4957330;GSE162694_Liver_GSM4957331;GSE162694_Liver_GSM4957332;GSE162694_Liver_GSM4957333;GSE162694_Liver_GSM4957334;GSE162694_Liver_GSM4957335;GSE162694_Liver_GSM4957336;GSE162694_Liver_GSM4957337;GSE162694_Liver_GSM4957338;GSE162694_Liver_GSM4957339;GSE162694_Liver_GSM4957340;GSE162694_Liver_GSM4957341;GSE162694_Liver_GSM4957342;GSE162694_Liver_GSM4957343;GSE162694_Liver_GSM4957344;GSE162694_Liver_GSM4957345;GSE162694_Liver_GSM4957346;GSE162694_Liver_GSM4957347;GSE162694_Liver_GSM4957348;GSE162694_Liver_GSM4957349;GSE162694_Liver_GSM4957350;GSE162694_Liver_GSM4957351;GSE162694_Liver_GSM4957352;GSE162694_Liver_GSM4957353;GSE162694_Liver_GSM4957354;GSE162694_Liver_GSM4957355;GSE162694_Liver_GSM4957356;GSE162694_Liver_GSM4957357;GSE162694_Liver_GSM4957358;GSE162694_Liver_GSM4957359;GSE162694_Liver_GSM4957360;GSE162694_Liver_GSM4957361;GSE162694_Liver_GSM4957362;GSE162694_Liver_GSM4957363;GSE162694_Liver_GSM4957364;GSE162694_Liver_GSM4957365;GSE162694_Liver_GSM4957366;GSE162694_Liver_GSM4957367;GSE162694_Liver_GSM4957368;GSE162694_Liver_GSM4957369;GSE162694_Liver_GSM4957370;GSE162694_Liver_GSM4957371;GSE162694_Liver_GSM4957372;GSE162694_Liver_GSM4957373;GSE162694_Liver_GSM4957374;GSE162694_Liver_GSM4957375;GSE162694_Liver_GSM4957376;GSE162694_Liver_GSM4957377;GSE162694_Liver_GSM4957378;GSE162694_Liver_GSM4957379;GSE162694_Liver_GSM4957380;GSE162694_Liver_GSM4957381;GSE162694_Liver_GSM4957382;GSE162694_Liver_GSM4957383;GSE162694_Liver_GSM4957384;GSE162694_Liver_GSM4957385;GSE162694_Liver_GSM4957386;GSE162694_Liver_GSM4957387;GSE162694_Liver_GSM4957388;GSE162694_Liver_GSM4957389;GSE162694_Liver_GSM4957390;GSE162694_Liver_GSM4957391;GSE162694_Liver_GSM4957392;GSE162694_Liver_GSM4957393;GSE162694_Liver_GSM4957394;GSE162694_Liver_GSM4957395;GSE162694_Liver_GSM4957396;GSE162694_Liver_GSM4957397;GSE162694_Liver_GSM4957398;GSE162694_Liver_GSM4957399;GSE162694_Liver_GSM4957400;GSE162694_Liver_GSM4957401;GSE162694_Liver_GSM4957402;GSE162694_Liver_GSM4957403;GSE162694_Liver_GSM4957404;GSE162694_Liver_GSM4957405;GSE162694_Liver_GSM4957406;GSE162694_Liver_GSM4957407;GSE162694_Liver_GSM4957408;GSE162694_Liver_GSM4957409;GSE162694_Liver_GSM4957410;GSE162694_Liver_GSM4957411;GSE162694_Liver_GSM4957412;GSE162694_Liver_GSM4957413;GSE162694_Liver_GSM4957414;GSE162694_Liver_GSM4957415;GSE162694_Liver_GSM4957416;GSE162694_Liver_GSM4957417;GSE162694_Liver_GSM4957418;GSE162694_Liver_GSM4957419;GSE162694_Liver_GSM4957420;GSE162694_Liver_GSM4957421;GSE162694_Liver_GSM4957422;GSE162694_Liver_GSM4957423;GSE162694_Liver_GSM4957424;GSE162694_Liver_GSM4957425;GSE162694_Liver_GSM4957426;GSE162694_Liver_GSM4957427;GSE162694_Liver_GSM4957428;GSE162694_Liver_GSM4957429;GSE162694_Liver_GSM4957430;GSE162694_Liver_GSM4957431;GSE162694_Liver_GSM4957432;GSE162694_Liver_GSM4957433;GSE162694_Liver_GSM4957434;GSE162694_Liver_GSM4957435;GSE162694_Liver_GSM4957436;GSE162694_Liver_GSM4957437;GSE162694_Liver_GSM4957438;GSE162694_Liver_GSM4957439;GSE162694_Liver_GSM4957440;GSE162694_Liver_GSM4957441;GSE162694_Liver_GSM4957442;GSE162694_Liver_GSM4957443;GSE162694_Liver_GSM4957444;GSE162694_Liver_GSM4957445;GSE162694_Liver_GSM4957446;GSE162694_Liver_GSM4957447;GSE162694_Liver_GSM4957448;GSE162694_Liver_GSM4957449;GSE162694_Liver_GSM4957450;GSE162694_Liver_GSM4957451;GSE162694_Liver_GSM4957452;GSE162694_Liver_GSM4957453;GSE162694_Liver_GSM4957454;GSE162694_Liver_GSM4957455;GSE162694_Liver_GSM4957456;GSE162694_Liver_GSM4957457;GSE162694_Liver_GSM4957458;GSE162694_Liver_GSM4957459;GSE162694_Liver_GSM4957460;GSE162694_Liver_GSM4957461;GSE162694_Liver_GSM4957462;GSE162694_Liver_GSM4957463,"FibrosisStage2-Ctrl_logFC,FibrosisStage2-Ctrl_Pvalue,FibrosisStage2-Ctrl_AdjPValue","Pantano L, Agyapong G, Shen Y, Zhuo Z et al. PMID: 34508113",2021,Illumina HiSeq 3000,Liver,NASH,Human,143,https://www.ncbi.nlm.nih.gov/geo/query/acc.cgi?acc=GSE162694,BulkExpressionProfile,RNAseq,FALSE,FALSE,TRUE,TRUE,,
GSE162694,NA,"XX0XX0XXX00XXX10111111XXXXXX1XXXXXXXX0X1XXXXX1XXXX,XXXXXXXXXXXXXXXXXXXX0XXX1XX0XXX0X0X0XX0XXX0XXXX0XX,0X0X0X0X00XXX00X00000XX0XXXXXX1X0XX0XXXXXX0",GSE162694_Liver_GSM4957321;GSE162694_Liver_GSM4957322;GSE162694_Liver_GSM4957323;GSE162694_Liver_GSM4957324;GSE162694_Liver_GSM4957325;GSE162694_Liver_GSM4957326;GSE162694_Liver_GSM4957327;GSE162694_Liver_GSM4957328;GSE162694_Liver_GSM4957329;GSE162694_Liver_GSM4957330;GSE162694_Liver_GSM4957331;GSE162694_Liver_GSM4957332;GSE162694_Liver_GSM4957333;GSE162694_Liver_GSM4957334;GSE162694_Liver_GSM4957335;GSE162694_Liver_GSM4957336;GSE162694_Liver_GSM4957337;GSE162694_Liver_GSM4957338;GSE162694_Liver_GSM4957339;GSE162694_Liver_GSM4957340;GSE162694_Liver_GSM4957341;GSE162694_Liver_GSM4957342;GSE162694_Liver_GSM4957343;GSE162694_Liver_GSM4957344;GSE162694_Liver_GSM4957345;GSE162694_Liver_GSM4957346;GSE162694_Liver_GSM4957347;GSE162694_Liver_GSM4957348;GSE162694_Liver_GSM4957349;GSE162694_Liver_GSM4957350;GSE162694_Liver_GSM4957351;GSE162694_Liver_GSM4957352;GSE162694_Liver_GSM4957353;GSE162694_Liver_GSM4957354;GSE162694_Liver_GSM4957355;GSE162694_Liver_GSM4957356;GSE162694_Liver_GSM4957357;GSE162694_Liver_GSM4957358;GSE162694_Liver_GSM4957359;GSE162694_Liver_GSM4957360;GSE162694_Liver_GSM4957361;GSE162694_Liver_GSM4957362;GSE162694_Liver_GSM4957363;GSE162694_Liver_GSM4957364;GSE162694_Liver_GSM4957365;GSE162694_Liver_GSM4957366;GSE162694_Liver_GSM4957367;GSE162694_Liver_GSM4957368;GSE162694_Liver_GSM4957369;GSE162694_Liver_GSM4957370;GSE162694_Liver_GSM4957371;GSE162694_Liver_GSM4957372;GSE162694_Liver_GSM4957373;GSE162694_Liver_GSM4957374;GSE162694_Liver_GSM4957375;GSE162694_Liver_GSM4957376;GSE162694_Liver_GSM4957377;GSE162694_Liver_GSM4957378;GSE162694_Liver_GSM4957379;GSE162694_Liver_GSM4957380;GSE162694_Liver_GSM4957381;GSE162694_Liver_GSM4957382;GSE162694_Liver_GSM4957383;GSE162694_Liver_GSM4957384;GSE162694_Liver_GSM4957385;GSE162694_Liver_GSM4957386;GSE162694_Liver_GSM4957387;GSE162694_Liver_GSM4957388;GSE162694_Liver_GSM4957389;GSE162694_Liver_GSM4957390;GSE162694_Liver_GSM4957391;GSE162694_Liver_GSM4957392;GSE162694_Liver_GSM4957393;GSE162694_Liver_GSM4957394;GSE162694_Liver_GSM4957395;GSE162694_Liver_GSM4957396;GSE162694_Liver_GSM4957397;GSE162694_Liver_GSM4957398;GSE162694_Liver_GSM4957399;GSE162694_Liver_GSM4957400;GSE162694_Liver_GSM4957401;GSE162694_Liver_GSM4957402;GSE162694_Liver_GSM4957403;GSE162694_Liver_GSM4957404;GSE162694_Liver_GSM4957405;GSE162694_Liver_GSM4957406;GSE162694_Liver_GSM4957407;GSE162694_Liver_GSM4957408;GSE162694_Liver_GSM4957409;GSE162694_Liver_GSM4957410;GSE162694_Liver_GSM4957411;GSE162694_Liver_GSM4957412;GSE162694_Liver_GSM4957413;GSE162694_Liver_GSM4957414;GSE162694_Liver_GSM4957415;GSE162694_Liver_GSM4957416;GSE162694_Liver_GSM4957417;GSE162694_Liver_GSM4957418;GSE162694_Liver_GSM4957419;GSE162694_Liver_GSM4957420;GSE162694_Liver_GSM4957421;GSE162694_Liver_GSM4957422;GSE162694_Liver_GSM4957423;GSE162694_Liver_GSM4957424;GSE162694_Liver_GSM4957425;GSE162694_Liver_GSM4957426;GSE162694_Liver_GSM4957427;GSE162694_Liver_GSM4957428;GSE162694_Liver_GSM4957429;GSE162694_Liver_GSM4957430;GSE162694_Liver_GSM4957431;GSE162694_Liver_GSM4957432;GSE162694_Liver_GSM4957433;GSE162694_Liver_GSM4957434;GSE162694_Liver_GSM4957435;GSE162694_Liver_GSM4957436;GSE162694_Liver_GSM4957437;GSE162694_Liver_GSM4957438;GSE162694_Liver_GSM4957439;GSE162694_Liver_GSM4957440;GSE162694_Liver_GSM4957441;GSE162694_Liver_GSM4957442;GSE162694_Liver_GSM4957443;GSE162694_Liver_GSM4957444;GSE162694_Liver_GSM4957445;GSE162694_Liver_GSM4957446;GSE162694_Liver_GSM4957447;GSE162694_Liver_GSM4957448;GSE162694_Liver_GSM4957449;GSE162694_Liver_GSM4957450;GSE162694_Liver_GSM4957451;GSE162694_Liver_GSM4957452;GSE162694_Liver_GSM4957453;GSE162694_Liver_GSM4957454;GSE162694_Liver_GSM4957455;GSE162694_Liver_GSM4957456;GSE162694_Liver_GSM4957457;GSE162694_Liver_GSM4957458;GSE162694_Liver_GSM4957459;GSE162694_Liver_GSM4957460;GSE162694_Liver_GSM4957461;GSE162694_Liver_GSM4957462;GSE162694_Liver_GSM4957463,"FibrosisStage3-Ctrl_logFC,FibrosisStage3-Ctrl_Pvalue,FibrosisStage3-Ctrl_AdjPValue","Pantano L, Agyapong G, Shen Y, Zhuo Z et al. PMID: 34508113",2021,Illumina HiSeq 3000,Liver,NASH,Human,143,https://www.ncbi.nlm.nih.gov/geo/query/acc.cgi?acc=GSE162694,BulkExpressionProfile,RNAseq,FALSE,FALSE,TRUE,TRUE,,
GSE162694,NA,"XX0XX0XXX00XXXX0XXXXXXXXXXXXXXXXXXXXX0XXXXXXXXXXXX,XXXXXXXXXXXXXXXXXX1X0XXXXXX01XX0X010XX0XXX0X1110XX,0X0X0X0X001XX00X00000110XXXXX1XX0X10XX1XXX0",GSE162694_Liver_GSM4957321;GSE162694_Liver_GSM4957322;GSE162694_Liver_GSM4957323;GSE162694_Liver_GSM4957324;GSE162694_Liver_GSM4957325;GSE162694_Liver_GSM4957326;GSE162694_Liver_GSM4957327;GSE162694_Liver_GSM4957328;GSE162694_Liver_GSM4957329;GSE162694_Liver_GSM4957330;GSE162694_Liver_GSM4957331;GSE162694_Liver_GSM4957332;GSE162694_Liver_GSM4957333;GSE162694_Liver_GSM4957334;GSE162694_Liver_GSM4957335;GSE162694_Liver_GSM4957336;GSE162694_Liver_GSM4957337;GSE162694_Liver_GSM4957338;GSE162694_Liver_GSM4957339;GSE162694_Liver_GSM4957340;GSE162694_Liver_GSM4957341;GSE162694_Liver_GSM4957342;GSE162694_Liver_GSM4957343;GSE162694_Liver_GSM4957344;GSE162694_Liver_GSM4957345;GSE162694_Liver_GSM4957346;GSE162694_Liver_GSM4957347;GSE162694_Liver_GSM4957348;GSE162694_Liver_GSM4957349;GSE162694_Liver_GSM4957350;GSE162694_Liver_GSM4957351;GSE162694_Liver_GSM4957352;GSE162694_Liver_GSM4957353;GSE162694_Liver_GSM4957354;GSE162694_Liver_GSM4957355;GSE162694_Liver_GSM4957356;GSE162694_Liver_GSM4957357;GSE162694_Liver_GSM4957358;GSE162694_Liver_GSM4957359;GSE162694_Liver_GSM4957360;GSE162694_Liver_GSM4957361;GSE162694_Liver_GSM4957362;GSE162694_Liver_GSM4957363;GSE162694_Liver_GSM4957364;GSE162694_Liver_GSM4957365;GSE162694_Liver_GSM4957366;GSE162694_Liver_GSM4957367;GSE162694_Liver_GSM4957368;GSE162694_Liver_GSM4957369;GSE162694_Liver_GSM4957370;GSE162694_Liver_GSM4957371;GSE162694_Liver_GSM4957372;GSE162694_Liver_GSM4957373;GSE162694_Liver_GSM4957374;GSE162694_Liver_GSM4957375;GSE162694_Liver_GSM4957376;GSE162694_Liver_GSM4957377;GSE162694_Liver_GSM4957378;GSE162694_Liver_GSM4957379;GSE162694_Liver_GSM4957380;GSE162694_Liver_GSM4957381;GSE162694_Liver_GSM4957382;GSE162694_Liver_GSM4957383;GSE162694_Liver_GSM4957384;GSE162694_Liver_GSM4957385;GSE162694_Liver_GSM4957386;GSE162694_Liver_GSM4957387;GSE162694_Liver_GSM4957388;GSE162694_Liver_GSM4957389;GSE162694_Liver_GSM4957390;GSE162694_Liver_GSM4957391;GSE162694_Liver_GSM4957392;GSE162694_Liver_GSM4957393;GSE162694_Liver_GSM4957394;GSE162694_Liver_GSM4957395;GSE162694_Liver_GSM4957396;GSE162694_Liver_GSM4957397;GSE162694_Liver_GSM4957398;GSE162694_Liver_GSM4957399;GSE162694_Liver_GSM4957400;GSE162694_Liver_GSM4957401;GSE162694_Liver_GSM4957402;GSE162694_Liver_GSM4957403;GSE162694_Liver_GSM4957404;GSE162694_Liver_GSM4957405;GSE162694_Liver_GSM4957406;GSE162694_Liver_GSM4957407;GSE162694_Liver_GSM4957408;GSE162694_Liver_GSM4957409;GSE162694_Liver_GSM4957410;GSE162694_Liver_GSM4957411;GSE162694_Liver_GSM4957412;GSE162694_Liver_GSM4957413;GSE162694_Liver_GSM4957414;GSE162694_Liver_GSM4957415;GSE162694_Liver_GSM4957416;GSE162694_Liver_GSM4957417;GSE162694_Liver_GSM4957418;GSE162694_Liver_GSM4957419;GSE162694_Liver_GSM4957420;GSE162694_Liver_GSM4957421;GSE162694_Liver_GSM4957422;GSE162694_Liver_GSM4957423;GSE162694_Liver_GSM4957424;GSE162694_Liver_GSM4957425;GSE162694_Liver_GSM4957426;GSE162694_Liver_GSM4957427;GSE162694_Liver_GSM4957428;GSE162694_Liver_GSM4957429;GSE162694_Liver_GSM4957430;GSE162694_Liver_GSM4957431;GSE162694_Liver_GSM4957432;GSE162694_Liver_GSM4957433;GSE162694_Liver_GSM4957434;GSE162694_Liver_GSM4957435;GSE162694_Liver_GSM4957436;GSE162694_Liver_GSM4957437;GSE162694_Liver_GSM4957438;GSE162694_Liver_GSM4957439;GSE162694_Liver_GSM4957440;GSE162694_Liver_GSM4957441;GSE162694_Liver_GSM4957442;GSE162694_Liver_GSM4957443;GSE162694_Liver_GSM4957444;GSE162694_Liver_GSM4957445;GSE162694_Liver_GSM4957446;GSE162694_Liver_GSM4957447;GSE162694_Liver_GSM4957448;GSE162694_Liver_GSM4957449;GSE162694_Liver_GSM4957450;GSE162694_Liver_GSM4957451;GSE162694_Liver_GSM4957452;GSE162694_Liver_GSM4957453;GSE162694_Liver_GSM4957454;GSE162694_Liver_GSM4957455;GSE162694_Liver_GSM4957456;GSE162694_Liver_GSM4957457;GSE162694_Liver_GSM4957458;GSE162694_Liver_GSM4957459;GSE162694_Liver_GSM4957460;GSE162694_Liver_GSM4957461;GSE162694_Liver_GSM4957462;GSE162694_Liver_GSM4957463,"NASScore1-Ctrl_logFC,NASScore1-Ctrl_Pvalue,NASScore1-Ctrl_AdjPValue","Pantano L, Agyapong G, Shen Y, Zhuo Z et al. PMID: 34508113",2021,Illumina HiSeq 3000,Liver,NASH,Human,143,https://www.ncbi.nlm.nih.gov/geo/query/acc.cgi?acc=GSE162694,BulkExpressionProfile,RNAseq,FALSE,FALSE,TRUE,TRUE,,
GSE162694,NA,"XX0XX0XXX00XXXX0XXXXXXXXXXXXXXXXXXXXX0XXXX1XXXXXXX,XXXXXXXXXXXXXXXXX1XX0XXXXXX0XXX0X0X0X101110XXXX0XX,0X0X0X0X00XXX00100000XX0XXXX1XX10XX0XXXXXX0",GSE162694_Liver_GSM4957321;GSE162694_Liver_GSM4957322;GSE162694_Liver_GSM4957323;GSE162694_Liver_GSM4957324;GSE162694_Liver_GSM4957325;GSE162694_Liver_GSM4957326;GSE162694_Liver_GSM4957327;GSE162694_Liver_GSM4957328;GSE162694_Liver_GSM4957329;GSE162694_Liver_GSM4957330;GSE162694_Liver_GSM4957331;GSE162694_Liver_GSM4957332;GSE162694_Liver_GSM4957333;GSE162694_Liver_GSM4957334;GSE162694_Liver_GSM4957335;GSE162694_Liver_GSM4957336;GSE162694_Liver_GSM4957337;GSE162694_Liver_GSM4957338;GSE162694_Liver_GSM4957339;GSE162694_Liver_GSM4957340;GSE162694_Liver_GSM4957341;GSE162694_Liver_GSM4957342;GSE162694_Liver_GSM4957343;GSE162694_Liver_GSM4957344;GSE162694_Liver_GSM4957345;GSE162694_Liver_GSM4957346;GSE162694_Liver_GSM4957347;GSE162694_Liver_GSM4957348;GSE162694_Liver_GSM4957349;GSE162694_Liver_GSM4957350;GSE162694_Liver_GSM4957351;GSE162694_Liver_GSM4957352;GSE162694_Liver_GSM4957353;GSE162694_Liver_GSM4957354;GSE162694_Liver_GSM4957355;GSE162694_Liver_GSM4957356;GSE162694_Liver_GSM4957357;GSE162694_Liver_GSM4957358;GSE162694_Liver_GSM4957359;GSE162694_Liver_GSM4957360;GSE162694_Liver_GSM4957361;GSE162694_Liver_GSM4957362;GSE162694_Liver_GSM4957363;GSE162694_Liver_GSM4957364;GSE162694_Liver_GSM4957365;GSE162694_Liver_GSM4957366;GSE162694_Liver_GSM4957367;GSE162694_Liver_GSM4957368;GSE162694_Liver_GSM4957369;GSE162694_Liver_GSM4957370;GSE162694_Liver_GSM4957371;GSE162694_Liver_GSM4957372;GSE162694_Liver_GSM4957373;GSE162694_Liver_GSM4957374;GSE162694_Liver_GSM4957375;GSE162694_Liver_GSM4957376;GSE162694_Liver_GSM4957377;GSE162694_Liver_GSM4957378;GSE162694_Liver_GSM4957379;GSE162694_Liver_GSM4957380;GSE162694_Liver_GSM4957381;GSE162694_Liver_GSM4957382;GSE162694_Liver_GSM4957383;GSE162694_Liver_GSM4957384;GSE162694_Liver_GSM4957385;GSE162694_Liver_GSM4957386;GSE162694_Liver_GSM4957387;GSE162694_Liver_GSM4957388;GSE162694_Liver_GSM4957389;GSE162694_Liver_GSM4957390;GSE162694_Liver_GSM4957391;GSE162694_Liver_GSM4957392;GSE162694_Liver_GSM4957393;GSE162694_Liver_GSM4957394;GSE162694_Liver_GSM4957395;GSE162694_Liver_GSM4957396;GSE162694_Liver_GSM4957397;GSE162694_Liver_GSM4957398;GSE162694_Liver_GSM4957399;GSE162694_Liver_GSM4957400;GSE162694_Liver_GSM4957401;GSE162694_Liver_GSM4957402;GSE162694_Liver_GSM4957403;GSE162694_Liver_GSM4957404;GSE162694_Liver_GSM4957405;GSE162694_Liver_GSM4957406;GSE162694_Liver_GSM4957407;GSE162694_Liver_GSM4957408;GSE162694_Liver_GSM4957409;GSE162694_Liver_GSM4957410;GSE162694_Liver_GSM4957411;GSE162694_Liver_GSM4957412;GSE162694_Liver_GSM4957413;GSE162694_Liver_GSM4957414;GSE162694_Liver_GSM4957415;GSE162694_Liver_GSM4957416;GSE162694_Liver_GSM4957417;GSE162694_Liver_GSM4957418;GSE162694_Liver_GSM4957419;GSE162694_Liver_GSM4957420;GSE162694_Liver_GSM4957421;GSE162694_Liver_GSM4957422;GSE162694_Liver_GSM4957423;GSE162694_Liver_GSM4957424;GSE162694_Liver_GSM4957425;GSE162694_Liver_GSM4957426;GSE162694_Liver_GSM4957427;GSE162694_Liver_GSM4957428;GSE162694_Liver_GSM4957429;GSE162694_Liver_GSM4957430;GSE162694_Liver_GSM4957431;GSE162694_Liver_GSM4957432;GSE162694_Liver_GSM4957433;GSE162694_Liver_GSM4957434;GSE162694_Liver_GSM4957435;GSE162694_Liver_GSM4957436;GSE162694_Liver_GSM4957437;GSE162694_Liver_GSM4957438;GSE162694_Liver_GSM4957439;GSE162694_Liver_GSM4957440;GSE162694_Liver_GSM4957441;GSE162694_Liver_GSM4957442;GSE162694_Liver_GSM4957443;GSE162694_Liver_GSM4957444;GSE162694_Liver_GSM4957445;GSE162694_Liver_GSM4957446;GSE162694_Liver_GSM4957447;GSE162694_Liver_GSM4957448;GSE162694_Liver_GSM4957449;GSE162694_Liver_GSM4957450;GSE162694_Liver_GSM4957451;GSE162694_Liver_GSM4957452;GSE162694_Liver_GSM4957453;GSE162694_Liver_GSM4957454;GSE162694_Liver_GSM4957455;GSE162694_Liver_GSM4957456;GSE162694_Liver_GSM4957457;GSE162694_Liver_GSM4957458;GSE162694_Liver_GSM4957459;GSE162694_Liver_GSM4957460;GSE162694_Liver_GSM4957461;GSE162694_Liver_GSM4957462;GSE162694_Liver_GSM4957463,"NASScore2-Ctrl_logFC,NASScore2-Ctrl_Pvalue,NASScore2-Ctrl_AdjPValue","Pantano L, Agyapong G, Shen Y, Zhuo Z et al. PMID: 34508113",2021,Illumina HiSeq 3000,Liver,NASH,Human,143,https://www.ncbi.nlm.nih.gov/geo/query/acc.cgi?acc=GSE162694,BulkExpressionProfile,RNAseq,FALSE,FALSE,TRUE,TRUE,,
GSE162694,NA,"110XX0XXX00XXXX0XXXXXXXXXXXXXXXXXXXXX01XXXXXXXXXXX,1XXXXXXXXXXXXXX1XXXX0XX1XXX0XX10X0X0XX0XXX01XXX0XX,010X0X0X00X1X00X00000XX01XXXXXXX0XX0XXXXXX0",GSE162694_Liver_GSM4957321;GSE162694_Liver_GSM4957322;GSE162694_Liver_GSM4957323;GSE162694_Liver_GSM4957324;GSE162694_Liver_GSM4957325;GSE162694_Liver_GSM4957326;GSE162694_Liver_GSM4957327;GSE162694_Liver_GSM4957328;GSE162694_Liver_GSM4957329;GSE162694_Liver_GSM4957330;GSE162694_Liver_GSM4957331;GSE162694_Liver_GSM4957332;GSE162694_Liver_GSM4957333;GSE162694_Liver_GSM4957334;GSE162694_Liver_GSM4957335;GSE162694_Liver_GSM4957336;GSE162694_Liver_GSM4957337;GSE162694_Liver_GSM4957338;GSE162694_Liver_GSM4957339;GSE162694_Liver_GSM4957340;GSE162694_Liver_GSM4957341;GSE162694_Liver_GSM4957342;GSE162694_Liver_GSM4957343;GSE162694_Liver_GSM4957344;GSE162694_Liver_GSM4957345;GSE162694_Liver_GSM4957346;GSE162694_Liver_GSM4957347;GSE162694_Liver_GSM4957348;GSE162694_Liver_GSM4957349;GSE162694_Liver_GSM4957350;GSE162694_Liver_GSM4957351;GSE162694_Liver_GSM4957352;GSE162694_Liver_GSM4957353;GSE162694_Liver_GSM4957354;GSE162694_Liver_GSM4957355;GSE162694_Liver_GSM4957356;GSE162694_Liver_GSM4957357;GSE162694_Liver_GSM4957358;GSE162694_Liver_GSM4957359;GSE162694_Liver_GSM4957360;GSE162694_Liver_GSM4957361;GSE162694_Liver_GSM4957362;GSE162694_Liver_GSM4957363;GSE162694_Liver_GSM4957364;GSE162694_Liver_GSM4957365;GSE162694_Liver_GSM4957366;GSE162694_Liver_GSM4957367;GSE162694_Liver_GSM4957368;GSE162694_Liver_GSM4957369;GSE162694_Liver_GSM4957370;GSE162694_Liver_GSM4957371;GSE162694_Liver_GSM4957372;GSE162694_Liver_GSM4957373;GSE162694_Liver_GSM4957374;GSE162694_Liver_GSM4957375;GSE162694_Liver_GSM4957376;GSE162694_Liver_GSM4957377;GSE162694_Liver_GSM4957378;GSE162694_Liver_GSM4957379;GSE162694_Liver_GSM4957380;GSE162694_Liver_GSM4957381;GSE162694_Liver_GSM4957382;GSE162694_Liver_GSM4957383;GSE162694_Liver_GSM4957384;GSE162694_Liver_GSM4957385;GSE162694_Liver_GSM4957386;GSE162694_Liver_GSM4957387;GSE162694_Liver_GSM4957388;GSE162694_Liver_GSM4957389;GSE162694_Liver_GSM4957390;GSE162694_Liver_GSM4957391;GSE162694_Liver_GSM4957392;GSE162694_Liver_GSM4957393;GSE162694_Liver_GSM4957394;GSE162694_Liver_GSM4957395;GSE162694_Liver_GSM4957396;GSE162694_Liver_GSM4957397;GSE162694_Liver_GSM4957398;GSE162694_Liver_GSM4957399;GSE162694_Liver_GSM4957400;GSE162694_Liver_GSM4957401;GSE162694_Liver_GSM4957402;GSE162694_Liver_GSM4957403;GSE162694_Liver_GSM4957404;GSE162694_Liver_GSM4957405;GSE162694_Liver_GSM4957406;GSE162694_Liver_GSM4957407;GSE162694_Liver_GSM4957408;GSE162694_Liver_GSM4957409;GSE162694_Liver_GSM4957410;GSE162694_Liver_GSM4957411;GSE162694_Liver_GSM4957412;GSE162694_Liver_GSM4957413;GSE162694_Liver_GSM4957414;GSE162694_Liver_GSM4957415;GSE162694_Liver_GSM4957416;GSE162694_Liver_GSM4957417;GSE162694_Liver_GSM4957418;GSE162694_Liver_GSM4957419;GSE162694_Liver_GSM4957420;GSE162694_Liver_GSM4957421;GSE162694_Liver_GSM4957422;GSE162694_Liver_GSM4957423;GSE162694_Liver_GSM4957424;GSE162694_Liver_GSM4957425;GSE162694_Liver_GSM4957426;GSE162694_Liver_GSM4957427;GSE162694_Liver_GSM4957428;GSE162694_Liver_GSM4957429;GSE162694_Liver_GSM4957430;GSE162694_Liver_GSM4957431;GSE162694_Liver_GSM4957432;GSE162694_Liver_GSM4957433;GSE162694_Liver_GSM4957434;GSE162694_Liver_GSM4957435;GSE162694_Liver_GSM4957436;GSE162694_Liver_GSM4957437;GSE162694_Liver_GSM4957438;GSE162694_Liver_GSM4957439;GSE162694_Liver_GSM4957440;GSE162694_Liver_GSM4957441;GSE162694_Liver_GSM4957442;GSE162694_Liver_GSM4957443;GSE162694_Liver_GSM4957444;GSE162694_Liver_GSM4957445;GSE162694_Liver_GSM4957446;GSE162694_Liver_GSM4957447;GSE162694_Liver_GSM4957448;GSE162694_Liver_GSM4957449;GSE162694_Liver_GSM4957450;GSE162694_Liver_GSM4957451;GSE162694_Liver_GSM4957452;GSE162694_Liver_GSM4957453;GSE162694_Liver_GSM4957454;GSE162694_Liver_GSM4957455;GSE162694_Liver_GSM4957456;GSE162694_Liver_GSM4957457;GSE162694_Liver_GSM4957458;GSE162694_Liver_GSM4957459;GSE162694_Liver_GSM4957460;GSE162694_Liver_GSM4957461;GSE162694_Liver_GSM4957462;GSE162694_Liver_GSM4957463,"NASScore3-Ctrl_logFC,NASScore3-Ctrl_Pvalue,NASScore3-Ctrl_AdjPValue","Pantano L, Agyapong G, Shen Y, Zhuo Z et al. PMID: 34508113",2021,Illumina HiSeq 3000,Liver,NASH,Human,143,https://www.ncbi.nlm.nih.gov/geo/query/acc.cgi?acc=GSE162694,BulkExpressionProfile,RNAseq,FALSE,FALSE,TRUE,TRUE,,
GSE162694,NA,"XX0XX01X100XXXX0XXXXXXXXXX1X1XXXXXXXX0XXXXXXXXXXXX,XXXXXXXXXXXX111XXXXX0XXXXX10XXX0X0X0XX0XXX0XXXX011,0X0X0X0X00XX100X00000XX0XXXXXX1X0XX0X1XXXX0",GSE162694_Liver_GSM4957321;GSE162694_Liver_GSM4957322;GSE162694_Liver_GSM4957323;GSE162694_Liver_GSM4957324;GSE162694_Liver_GSM4957325;GSE162694_Liver_GSM4957326;GSE162694_Liver_GSM4957327;GSE162694_Liver_GSM4957328;GSE162694_Liver_GSM4957329;GSE162694_Liver_GSM4957330;GSE162694_Liver_GSM4957331;GSE162694_Liver_GSM4957332;GSE162694_Liver_GSM4957333;GSE162694_Liver_GSM4957334;GSE162694_Liver_GSM4957335;GSE162694_Liver_GSM4957336;GSE162694_Liver_GSM4957337;GSE162694_Liver_GSM4957338;GSE162694_Liver_GSM4957339;GSE162694_Liver_GSM4957340;GSE162694_Liver_GSM4957341;GSE162694_Liver_GSM4957342;GSE162694_Liver_GSM4957343;GSE162694_Liver_GSM4957344;GSE162694_Liver_GSM4957345;GSE162694_Liver_GSM4957346;GSE162694_Liver_GSM4957347;GSE162694_Liver_GSM4957348;GSE162694_Liver_GSM4957349;GSE162694_Liver_GSM4957350;GSE162694_Liver_GSM4957351;GSE162694_Liver_GSM4957352;GSE162694_Liver_GSM4957353;GSE162694_Liver_GSM4957354;GSE162694_Liver_GSM4957355;GSE162694_Liver_GSM4957356;GSE162694_Liver_GSM4957357;GSE162694_Liver_GSM4957358;GSE162694_Liver_GSM4957359;GSE162694_Liver_GSM4957360;GSE162694_Liver_GSM4957361;GSE162694_Liver_GSM4957362;GSE162694_Liver_GSM4957363;GSE162694_Liver_GSM4957364;GSE162694_Liver_GSM4957365;GSE162694_Liver_GSM4957366;GSE162694_Liver_GSM4957367;GSE162694_Liver_GSM4957368;GSE162694_Liver_GSM4957369;GSE162694_Liver_GSM4957370;GSE162694_Liver_GSM4957371;GSE162694_Liver_GSM4957372;GSE162694_Liver_GSM4957373;GSE162694_Liver_GSM4957374;GSE162694_Liver_GSM4957375;GSE162694_Liver_GSM4957376;GSE162694_Liver_GSM4957377;GSE162694_Liver_GSM4957378;GSE162694_Liver_GSM4957379;GSE162694_Liver_GSM4957380;GSE162694_Liver_GSM4957381;GSE162694_Liver_GSM4957382;GSE162694_Liver_GSM4957383;GSE162694_Liver_GSM4957384;GSE162694_Liver_GSM4957385;GSE162694_Liver_GSM4957386;GSE162694_Liver_GSM4957387;GSE162694_Liver_GSM4957388;GSE162694_Liver_GSM4957389;GSE162694_Liver_GSM4957390;GSE162694_Liver_GSM4957391;GSE162694_Liver_GSM4957392;GSE162694_Liver_GSM4957393;GSE162694_Liver_GSM4957394;GSE162694_Liver_GSM4957395;GSE162694_Liver_GSM4957396;GSE162694_Liver_GSM4957397;GSE162694_Liver_GSM4957398;GSE162694_Liver_GSM4957399;GSE162694_Liver_GSM4957400;GSE162694_Liver_GSM4957401;GSE162694_Liver_GSM4957402;GSE162694_Liver_GSM4957403;GSE162694_Liver_GSM4957404;GSE162694_Liver_GSM4957405;GSE162694_Liver_GSM4957406;GSE162694_Liver_GSM4957407;GSE162694_Liver_GSM4957408;GSE162694_Liver_GSM4957409;GSE162694_Liver_GSM4957410;GSE162694_Liver_GSM4957411;GSE162694_Liver_GSM4957412;GSE162694_Liver_GSM4957413;GSE162694_Liver_GSM4957414;GSE162694_Liver_GSM4957415;GSE162694_Liver_GSM4957416;GSE162694_Liver_GSM4957417;GSE162694_Liver_GSM4957418;GSE162694_Liver_GSM4957419;GSE162694_Liver_GSM4957420;GSE162694_Liver_GSM4957421;GSE162694_Liver_GSM4957422;GSE162694_Liver_GSM4957423;GSE162694_Liver_GSM4957424;GSE162694_Liver_GSM4957425;GSE162694_Liver_GSM4957426;GSE162694_Liver_GSM4957427;GSE162694_Liver_GSM4957428;GSE162694_Liver_GSM4957429;GSE162694_Liver_GSM4957430;GSE162694_Liver_GSM4957431;GSE162694_Liver_GSM4957432;GSE162694_Liver_GSM4957433;GSE162694_Liver_GSM4957434;GSE162694_Liver_GSM4957435;GSE162694_Liver_GSM4957436;GSE162694_Liver_GSM4957437;GSE162694_Liver_GSM4957438;GSE162694_Liver_GSM4957439;GSE162694_Liver_GSM4957440;GSE162694_Liver_GSM4957441;GSE162694_Liver_GSM4957442;GSE162694_Liver_GSM4957443;GSE162694_Liver_GSM4957444;GSE162694_Liver_GSM4957445;GSE162694_Liver_GSM4957446;GSE162694_Liver_GSM4957447;GSE162694_Liver_GSM4957448;GSE162694_Liver_GSM4957449;GSE162694_Liver_GSM4957450;GSE162694_Liver_GSM4957451;GSE162694_Liver_GSM4957452;GSE162694_Liver_GSM4957453;GSE162694_Liver_GSM4957454;GSE162694_Liver_GSM4957455;GSE162694_Liver_GSM4957456;GSE162694_Liver_GSM4957457;GSE162694_Liver_GSM4957458;GSE162694_Liver_GSM4957459;GSE162694_Liver_GSM4957460;GSE162694_Liver_GSM4957461;GSE162694_Liver_GSM4957462;GSE162694_Liver_GSM4957463,"NASScore4-Ctrl_logFC,NASScore4-Ctrl_Pvalue,NASScore4-Ctrl_AdjPValue","Pantano L, Agyapong G, Shen Y, Zhuo Z et al. PMID: 34508113",2021,Illumina HiSeq 3000,Liver,NASH,Human,143,https://www.ncbi.nlm.nih.gov/geo/query/acc.cgi?acc=GSE162694,BulkExpressionProfile,RNAseq,FALSE,FALSE,TRUE,TRUE,,
GSE162694,NA,"XX0X10X1X001X1X0XXXXXXX1XXX1XXXXXXXXX0XXXXXXXXXXXX,XXXXXXXXXX1XXXXX1XX101XXXXX0XXX010X0XX0XXX0XXXX0XX,0X0X010100XXX00X00000XX0X111XXXX0XX0XXXX110",GSE162694_Liver_GSM4957321;GSE162694_Liver_GSM4957322;GSE162694_Liver_GSM4957323;GSE162694_Liver_GSM4957324;GSE162694_Liver_GSM4957325;GSE162694_Liver_GSM4957326;GSE162694_Liver_GSM4957327;GSE162694_Liver_GSM4957328;GSE162694_Liver_GSM4957329;GSE162694_Liver_GSM4957330;GSE162694_Liver_GSM4957331;GSE162694_Liver_GSM4957332;GSE162694_Liver_GSM4957333;GSE162694_Liver_GSM4957334;GSE162694_Liver_GSM4957335;GSE162694_Liver_GSM4957336;GSE162694_Liver_GSM4957337;GSE162694_Liver_GSM4957338;GSE162694_Liver_GSM4957339;GSE162694_Liver_GSM4957340;GSE162694_Liver_GSM4957341;GSE162694_Liver_GSM4957342;GSE162694_Liver_GSM4957343;GSE162694_Liver_GSM4957344;GSE162694_Liver_GSM4957345;GSE162694_Liver_GSM4957346;GSE162694_Liver_GSM4957347;GSE162694_Liver_GSM4957348;GSE162694_Liver_GSM4957349;GSE162694_Liver_GSM4957350;GSE162694_Liver_GSM4957351;GSE162694_Liver_GSM4957352;GSE162694_Liver_GSM4957353;GSE162694_Liver_GSM4957354;GSE162694_Liver_GSM4957355;GSE162694_Liver_GSM4957356;GSE162694_Liver_GSM4957357;GSE162694_Liver_GSM4957358;GSE162694_Liver_GSM4957359;GSE162694_Liver_GSM4957360;GSE162694_Liver_GSM4957361;GSE162694_Liver_GSM4957362;GSE162694_Liver_GSM4957363;GSE162694_Liver_GSM4957364;GSE162694_Liver_GSM4957365;GSE162694_Liver_GSM4957366;GSE162694_Liver_GSM4957367;GSE162694_Liver_GSM4957368;GSE162694_Liver_GSM4957369;GSE162694_Liver_GSM4957370;GSE162694_Liver_GSM4957371;GSE162694_Liver_GSM4957372;GSE162694_Liver_GSM4957373;GSE162694_Liver_GSM4957374;GSE162694_Liver_GSM4957375;GSE162694_Liver_GSM4957376;GSE162694_Liver_GSM4957377;GSE162694_Liver_GSM4957378;GSE162694_Liver_GSM4957379;GSE162694_Liver_GSM4957380;GSE162694_Liver_GSM4957381;GSE162694_Liver_GSM4957382;GSE162694_Liver_GSM4957383;GSE162694_Liver_GSM4957384;GSE162694_Liver_GSM4957385;GSE162694_Liver_GSM4957386;GSE162694_Liver_GSM4957387;GSE162694_Liver_GSM4957388;GSE162694_Liver_GSM4957389;GSE162694_Liver_GSM4957390;GSE162694_Liver_GSM4957391;GSE162694_Liver_GSM4957392;GSE162694_Liver_GSM4957393;GSE162694_Liver_GSM4957394;GSE162694_Liver_GSM4957395;GSE162694_Liver_GSM4957396;GSE162694_Liver_GSM4957397;GSE162694_Liver_GSM4957398;GSE162694_Liver_GSM4957399;GSE162694_Liver_GSM4957400;GSE162694_Liver_GSM4957401;GSE162694_Liver_GSM4957402;GSE162694_Liver_GSM4957403;GSE162694_Liver_GSM4957404;GSE162694_Liver_GSM4957405;GSE162694_Liver_GSM4957406;GSE162694_Liver_GSM4957407;GSE162694_Liver_GSM4957408;GSE162694_Liver_GSM4957409;GSE162694_Liver_GSM4957410;GSE162694_Liver_GSM4957411;GSE162694_Liver_GSM4957412;GSE162694_Liver_GSM4957413;GSE162694_Liver_GSM4957414;GSE162694_Liver_GSM4957415;GSE162694_Liver_GSM4957416;GSE162694_Liver_GSM4957417;GSE162694_Liver_GSM4957418;GSE162694_Liver_GSM4957419;GSE162694_Liver_GSM4957420;GSE162694_Liver_GSM4957421;GSE162694_Liver_GSM4957422;GSE162694_Liver_GSM4957423;GSE162694_Liver_GSM4957424;GSE162694_Liver_GSM4957425;GSE162694_Liver_GSM4957426;GSE162694_Liver_GSM4957427;GSE162694_Liver_GSM4957428;GSE162694_Liver_GSM4957429;GSE162694_Liver_GSM4957430;GSE162694_Liver_GSM4957431;GSE162694_Liver_GSM4957432;GSE162694_Liver_GSM4957433;GSE162694_Liver_GSM4957434;GSE162694_Liver_GSM4957435;GSE162694_Liver_GSM4957436;GSE162694_Liver_GSM4957437;GSE162694_Liver_GSM4957438;GSE162694_Liver_GSM4957439;GSE162694_Liver_GSM4957440;GSE162694_Liver_GSM4957441;GSE162694_Liver_GSM4957442;GSE162694_Liver_GSM4957443;GSE162694_Liver_GSM4957444;GSE162694_Liver_GSM4957445;GSE162694_Liver_GSM4957446;GSE162694_Liver_GSM4957447;GSE162694_Liver_GSM4957448;GSE162694_Liver_GSM4957449;GSE162694_Liver_GSM4957450;GSE162694_Liver_GSM4957451;GSE162694_Liver_GSM4957452;GSE162694_Liver_GSM4957453;GSE162694_Liver_GSM4957454;GSE162694_Liver_GSM4957455;GSE162694_Liver_GSM4957456;GSE162694_Liver_GSM4957457;GSE162694_Liver_GSM4957458;GSE162694_Liver_GSM4957459;GSE162694_Liver_GSM4957460;GSE162694_Liver_GSM4957461;GSE162694_Liver_GSM4957462;GSE162694_Liver_GSM4957463,"NASScore5-Ctrl_logFC,NASScore5-Ctrl_Pvalue,NASScore5-Ctrl_AdjPValue","Pantano L, Agyapong G, Shen Y, Zhuo Z et al. PMID: 34508113",2021,Illumina HiSeq 3000,Liver,NASH,Human,143,https://www.ncbi.nlm.nih.gov/geo/query/acc.cgi?acc=GSE162694,BulkExpressionProfile,RNAseq,FALSE,FALSE,TRUE,TRUE,,
GSE162694,NA,"XX0XX0XXX00X1XX0XXXXXXXXXXXXX11XXXXXX0X111XXXXXXXX,XXXXXXXXXXXXXXXXXXXX0X1XXXX0XXX0X0X01X0XXX0XXXX0XX,0X0X0X0X00XXX00X00000XX0XXXXXXXX01X01XX1XX0",GSE162694_Liver_GSM4957321;GSE162694_Liver_GSM4957322;GSE162694_Liver_GSM4957323;GSE162694_Liver_GSM4957324;GSE162694_Liver_GSM4957325;GSE162694_Liver_GSM4957326;GSE162694_Liver_GSM4957327;GSE162694_Liver_GSM4957328;GSE162694_Liver_GSM4957329;GSE162694_Liver_GSM4957330;GSE162694_Liver_GSM4957331;GSE162694_Liver_GSM4957332;GSE162694_Liver_GSM4957333;GSE162694_Liver_GSM4957334;GSE162694_Liver_GSM4957335;GSE162694_Liver_GSM4957336;GSE162694_Liver_GSM4957337;GSE162694_Liver_GSM4957338;GSE162694_Liver_GSM4957339;GSE162694_Liver_GSM4957340;GSE162694_Liver_GSM4957341;GSE162694_Liver_GSM4957342;GSE162694_Liver_GSM4957343;GSE162694_Liver_GSM4957344;GSE162694_Liver_GSM4957345;GSE162694_Liver_GSM4957346;GSE162694_Liver_GSM4957347;GSE162694_Liver_GSM4957348;GSE162694_Liver_GSM4957349;GSE162694_Liver_GSM4957350;GSE162694_Liver_GSM4957351;GSE162694_Liver_GSM4957352;GSE162694_Liver_GSM4957353;GSE162694_Liver_GSM4957354;GSE162694_Liver_GSM4957355;GSE162694_Liver_GSM4957356;GSE162694_Liver_GSM4957357;GSE162694_Liver_GSM4957358;GSE162694_Liver_GSM4957359;GSE162694_Liver_GSM4957360;GSE162694_Liver_GSM4957361;GSE162694_Liver_GSM4957362;GSE162694_Liver_GSM4957363;GSE162694_Liver_GSM4957364;GSE162694_Liver_GSM4957365;GSE162694_Liver_GSM4957366;GSE162694_Liver_GSM4957367;GSE162694_Liver_GSM4957368;GSE162694_Liver_GSM4957369;GSE162694_Liver_GSM4957370;GSE162694_Liver_GSM4957371;GSE162694_Liver_GSM4957372;GSE162694_Liver_GSM4957373;GSE162694_Liver_GSM4957374;GSE162694_Liver_GSM4957375;GSE162694_Liver_GSM4957376;GSE162694_Liver_GSM4957377;GSE162694_Liver_GSM4957378;GSE162694_Liver_GSM4957379;GSE162694_Liver_GSM4957380;GSE162694_Liver_GSM4957381;GSE162694_Liver_GSM4957382;GSE162694_Liver_GSM4957383;GSE162694_Liver_GSM4957384;GSE162694_Liver_GSM4957385;GSE162694_Liver_GSM4957386;GSE162694_Liver_GSM4957387;GSE162694_Liver_GSM4957388;GSE162694_Liver_GSM4957389;GSE162694_Liver_GSM4957390;GSE162694_Liver_GSM4957391;GSE162694_Liver_GSM4957392;GSE162694_Liver_GSM4957393;GSE162694_Liver_GSM4957394;GSE162694_Liver_GSM4957395;GSE162694_Liver_GSM4957396;GSE162694_Liver_GSM4957397;GSE162694_Liver_GSM4957398;GSE162694_Liver_GSM4957399;GSE162694_Liver_GSM4957400;GSE162694_Liver_GSM4957401;GSE162694_Liver_GSM4957402;GSE162694_Liver_GSM4957403;GSE162694_Liver_GSM4957404;GSE162694_Liver_GSM4957405;GSE162694_Liver_GSM4957406;GSE162694_Liver_GSM4957407;GSE162694_Liver_GSM4957408;GSE162694_Liver_GSM4957409;GSE162694_Liver_GSM4957410;GSE162694_Liver_GSM4957411;GSE162694_Liver_GSM4957412;GSE162694_Liver_GSM4957413;GSE162694_Liver_GSM4957414;GSE162694_Liver_GSM4957415;GSE162694_Liver_GSM4957416;GSE162694_Liver_GSM4957417;GSE162694_Liver_GSM4957418;GSE162694_Liver_GSM4957419;GSE162694_Liver_GSM4957420;GSE162694_Liver_GSM4957421;GSE162694_Liver_GSM4957422;GSE162694_Liver_GSM4957423;GSE162694_Liver_GSM4957424;GSE162694_Liver_GSM4957425;GSE162694_Liver_GSM4957426;GSE162694_Liver_GSM4957427;GSE162694_Liver_GSM4957428;GSE162694_Liver_GSM4957429;GSE162694_Liver_GSM4957430;GSE162694_Liver_GSM4957431;GSE162694_Liver_GSM4957432;GSE162694_Liver_GSM4957433;GSE162694_Liver_GSM4957434;GSE162694_Liver_GSM4957435;GSE162694_Liver_GSM4957436;GSE162694_Liver_GSM4957437;GSE162694_Liver_GSM4957438;GSE162694_Liver_GSM4957439;GSE162694_Liver_GSM4957440;GSE162694_Liver_GSM4957441;GSE162694_Liver_GSM4957442;GSE162694_Liver_GSM4957443;GSE162694_Liver_GSM4957444;GSE162694_Liver_GSM4957445;GSE162694_Liver_GSM4957446;GSE162694_Liver_GSM4957447;GSE162694_Liver_GSM4957448;GSE162694_Liver_GSM4957449;GSE162694_Liver_GSM4957450;GSE162694_Liver_GSM4957451;GSE162694_Liver_GSM4957452;GSE162694_Liver_GSM4957453;GSE162694_Liver_GSM4957454;GSE162694_Liver_GSM4957455;GSE162694_Liver_GSM4957456;GSE162694_Liver_GSM4957457;GSE162694_Liver_GSM4957458;GSE162694_Liver_GSM4957459;GSE162694_Liver_GSM4957460;GSE162694_Liver_GSM4957461;GSE162694_Liver_GSM4957462;GSE162694_Liver_GSM4957463,"NASScore6-Ctrl_logFC,NASScore6-Ctrl_Pvalue,NASScore6-Ctrl_AdjPValue","Pantano L, Agyapong G, Shen Y, Zhuo Z et al. PMID: 34508113",2021,Illumina HiSeq 3000,Liver,NASH,Human,143,https://www.ncbi.nlm.nih.gov/geo/query/acc.cgi?acc=GSE162694,BulkExpressionProfile,RNAseq,FALSE,FALSE,TRUE,TRUE,,
GSE162694,NA,"XX01X0XXX00XXXX0XXXXXX1X11XXXXXX11XX10XXXXXXXXXXXX,XXXXXXXXXXXXXXXXXXXX0XXXX1X0X1X0X0X0XX0XXX0XXXX0XX,0X0X0X0X00XXX00X00000XX0XXXXXXXX0XX0XXXXXX0",GSE162694_Liver_GSM4957321;GSE162694_Liver_GSM4957322;GSE162694_Liver_GSM4957323;GSE162694_Liver_GSM4957324;GSE162694_Liver_GSM4957325;GSE162694_Liver_GSM4957326;GSE162694_Liver_GSM4957327;GSE162694_Liver_GSM4957328;GSE162694_Liver_GSM4957329;GSE162694_Liver_GSM4957330;GSE162694_Liver_GSM4957331;GSE162694_Liver_GSM4957332;GSE162694_Liver_GSM4957333;GSE162694_Liver_GSM4957334;GSE162694_Liver_GSM4957335;GSE162694_Liver_GSM4957336;GSE162694_Liver_GSM4957337;GSE162694_Liver_GSM4957338;GSE162694_Liver_GSM4957339;GSE162694_Liver_GSM4957340;GSE162694_Liver_GSM4957341;GSE162694_Liver_GSM4957342;GSE162694_Liver_GSM4957343;GSE162694_Liver_GSM4957344;GSE162694_Liver_GSM4957345;GSE162694_Liver_GSM4957346;GSE162694_Liver_GSM4957347;GSE162694_Liver_GSM4957348;GSE162694_Liver_GSM4957349;GSE162694_Liver_GSM4957350;GSE162694_Liver_GSM4957351;GSE162694_Liver_GSM4957352;GSE162694_Liver_GSM4957353;GSE162694_Liver_GSM4957354;GSE162694_Liver_GSM4957355;GSE162694_Liver_GSM4957356;GSE162694_Liver_GSM4957357;GSE162694_Liver_GSM4957358;GSE162694_Liver_GSM4957359;GSE162694_Liver_GSM4957360;GSE162694_Liver_GSM4957361;GSE162694_Liver_GSM4957362;GSE162694_Liver_GSM4957363;GSE162694_Liver_GSM4957364;GSE162694_Liver_GSM4957365;GSE162694_Liver_GSM4957366;GSE162694_Liver_GSM4957367;GSE162694_Liver_GSM4957368;GSE162694_Liver_GSM4957369;GSE162694_Liver_GSM4957370;GSE162694_Liver_GSM4957371;GSE162694_Liver_GSM4957372;GSE162694_Liver_GSM4957373;GSE162694_Liver_GSM4957374;GSE162694_Liver_GSM4957375;GSE162694_Liver_GSM4957376;GSE162694_Liver_GSM4957377;GSE162694_Liver_GSM4957378;GSE162694_Liver_GSM4957379;GSE162694_Liver_GSM4957380;GSE162694_Liver_GSM4957381;GSE162694_Liver_GSM4957382;GSE162694_Liver_GSM4957383;GSE162694_Liver_GSM4957384;GSE162694_Liver_GSM4957385;GSE162694_Liver_GSM4957386;GSE162694_Liver_GSM4957387;GSE162694_Liver_GSM4957388;GSE162694_Liver_GSM4957389;GSE162694_Liver_GSM4957390;GSE162694_Liver_GSM4957391;GSE162694_Liver_GSM4957392;GSE162694_Liver_GSM4957393;GSE162694_Liver_GSM4957394;GSE162694_Liver_GSM4957395;GSE162694_Liver_GSM4957396;GSE162694_Liver_GSM4957397;GSE162694_Liver_GSM4957398;GSE162694_Liver_GSM4957399;GSE162694_Liver_GSM4957400;GSE162694_Liver_GSM4957401;GSE162694_Liver_GSM4957402;GSE162694_Liver_GSM4957403;GSE162694_Liver_GSM4957404;GSE162694_Liver_GSM4957405;GSE162694_Liver_GSM4957406;GSE162694_Liver_GSM4957407;GSE162694_Liver_GSM4957408;GSE162694_Liver_GSM4957409;GSE162694_Liver_GSM4957410;GSE162694_Liver_GSM4957411;GSE162694_Liver_GSM4957412;GSE162694_Liver_GSM4957413;GSE162694_Liver_GSM4957414;GSE162694_Liver_GSM4957415;GSE162694_Liver_GSM4957416;GSE162694_Liver_GSM4957417;GSE162694_Liver_GSM4957418;GSE162694_Liver_GSM4957419;GSE162694_Liver_GSM4957420;GSE162694_Liver_GSM4957421;GSE162694_Liver_GSM4957422;GSE162694_Liver_GSM4957423;GSE162694_Liver_GSM4957424;GSE162694_Liver_GSM4957425;GSE162694_Liver_GSM4957426;GSE162694_Liver_GSM4957427;GSE162694_Liver_GSM4957428;GSE162694_Liver_GSM4957429;GSE162694_Liver_GSM4957430;GSE162694_Liver_GSM4957431;GSE162694_Liver_GSM4957432;GSE162694_Liver_GSM4957433;GSE162694_Liver_GSM4957434;GSE162694_Liver_GSM4957435;GSE162694_Liver_GSM4957436;GSE162694_Liver_GSM4957437;GSE162694_Liver_GSM4957438;GSE162694_Liver_GSM4957439;GSE162694_Liver_GSM4957440;GSE162694_Liver_GSM4957441;GSE162694_Liver_GSM4957442;GSE162694_Liver_GSM4957443;GSE162694_Liver_GSM4957444;GSE162694_Liver_GSM4957445;GSE162694_Liver_GSM4957446;GSE162694_Liver_GSM4957447;GSE162694_Liver_GSM4957448;GSE162694_Liver_GSM4957449;GSE162694_Liver_GSM4957450;GSE162694_Liver_GSM4957451;GSE162694_Liver_GSM4957452;GSE162694_Liver_GSM4957453;GSE162694_Liver_GSM4957454;GSE162694_Liver_GSM4957455;GSE162694_Liver_GSM4957456;GSE162694_Liver_GSM4957457;GSE162694_Liver_GSM4957458;GSE162694_Liver_GSM4957459;GSE162694_Liver_GSM4957460;GSE162694_Liver_GSM4957461;GSE162694_Liver_GSM4957462;GSE162694_Liver_GSM4957463,"NASScore7-Ctrl_logFC,NASScore7-Ctrl_Pvalue,NASScore7-Ctrl_AdjPValue","Pantano L, Agyapong G, Shen Y, Zhuo Z et al. PMID: 34508113",2021,Illumina HiSeq 3000,Liver,NASH,Human,143,https://www.ncbi.nlm.nih.gov/geo/query/acc.cgi?acc=GSE162694,BulkExpressionProfile,RNAseq,FALSE,FALSE,TRUE,TRUE,,
GSE130970,NA,"XXXXXXXXXXXX1XXXX11X1X1X1XXXXXX1X1X1XXXXXXXXXXXXXX,XX1111111111111111XX000X111X",GSE130970_Liver_GSM3758005;GSE130970_Liver_GSM3758006;GSE130970_Liver_GSM3758007;GSE130970_Liver_GSM3758008;GSE130970_Liver_GSM3758009;GSE130970_Liver_GSM3758010;GSE130970_Liver_GSM3758011;GSE130970_Liver_GSM3758012;GSE130970_Liver_GSM3758013;GSE130970_Liver_GSM3758014;GSE130970_Liver_GSM3758015;GSE130970_Liver_GSM3758016;GSE130970_Liver_GSM3758017;GSE130970_Liver_GSM3758018;GSE130970_Liver_GSM3758019;GSE130970_Liver_GSM3758020;GSE130970_Liver_GSM3758021;GSE130970_Liver_GSM3758022;GSE130970_Liver_GSM3758023;GSE130970_Liver_GSM3758024;GSE130970_Liver_GSM3758025;GSE130970_Liver_GSM3758026;GSE130970_Liver_GSM3758027;GSE130970_Liver_GSM3758028;GSE130970_Liver_GSM3758029;GSE130970_Liver_GSM3758030;GSE130970_Liver_GSM3758031;GSE130970_Liver_GSM3758032;GSE130970_Liver_GSM3758033;GSE130970_Liver_GSM3758034;GSE130970_Liver_GSM3758035;GSE130970_Liver_GSM3758036;GSE130970_Liver_GSM3758037;GSE130970_Liver_GSM3758038;GSE130970_Liver_GSM3758039;GSE130970_Liver_GSM3758040;GSE130970_Liver_GSM3758041;GSE130970_Liver_GSM3758042;GSE130970_Liver_GSM3758043;GSE130970_Liver_GSM3758044;GSE130970_Liver_GSM3758045;GSE130970_Liver_GSM3758046;GSE130970_Liver_GSM3758047;GSE130970_Liver_GSM3758048;GSE130970_Liver_GSM3758049;GSE130970_Liver_GSM3758050;GSE130970_Liver_GSM3758051;GSE130970_Liver_GSM3758052;GSE130970_Liver_GSM3758053;GSE130970_Liver_GSM3758054;GSE130970_Liver_GSM3758055;GSE130970_Liver_GSM3758056;GSE130970_Liver_GSM3758057;GSE130970_Liver_GSM3758058;GSE130970_Liver_GSM3758059;GSE130970_Liver_GSM3758060;GSE130970_Liver_GSM3758061;GSE130970_Liver_GSM3758062;GSE130970_Liver_GSM3758063;GSE130970_Liver_GSM3758064;GSE130970_Liver_GSM3758065;GSE130970_Liver_GSM3758066;GSE130970_Liver_GSM3758067;GSE130970_Liver_GSM3758068;GSE130970_Liver_GSM3758069;GSE130970_Liver_GSM3758070;GSE130970_Liver_GSM3758071;GSE130970_Liver_GSM3758072;GSE130970_Liver_GSM3758073;GSE130970_Liver_GSM3758074;GSE130970_Liver_GSM3758075;GSE130970_Liver_GSM3758076;GSE130970_Liver_GSM3758077;GSE130970_Liver_GSM3758078;GSE130970_Liver_GSM3758079;GSE130970_Liver_GSM3758080;GSE130970_Liver_GSM3758081;GSE130970_Liver_GSM3758082,"FibrosisStage1-Ctrl_logFC,FibrosisStage1-Ctrl_Pvalue,FibrosisStage1-Ctrl_AdjPValue","Hoang SA, Oseini A, Feaver RE, Cole BK et al. PMID: 31467298",2019,Illumina HiSeq 2500,Liver,NASH,Human,78,https://www.ncbi.nlm.nih.gov/geo/query/acc.cgi?acc=GSE130970,BulkExpressionProfile,RNAseq,FALSE,TRUE,TRUE,TRUE,,
GSE130970,NA,"XXXXXXXXXXX1X1111XX1X1X1X1XXXXXXXXXXXXXXXXXXXXXXXX,XXXXXXXXXXXXXXXXXXXX000XXXXX",GSE130970_Liver_GSM3758005;GSE130970_Liver_GSM3758006;GSE130970_Liver_GSM3758007;GSE130970_Liver_GSM3758008;GSE130970_Liver_GSM3758009;GSE130970_Liver_GSM3758010;GSE130970_Liver_GSM3758011;GSE130970_Liver_GSM3758012;GSE130970_Liver_GSM3758013;GSE130970_Liver_GSM3758014;GSE130970_Liver_GSM3758015;GSE130970_Liver_GSM3758016;GSE130970_Liver_GSM3758017;GSE130970_Liver_GSM3758018;GSE130970_Liver_GSM3758019;GSE130970_Liver_GSM3758020;GSE130970_Liver_GSM3758021;GSE130970_Liver_GSM3758022;GSE130970_Liver_GSM3758023;GSE130970_Liver_GSM3758024;GSE130970_Liver_GSM3758025;GSE130970_Liver_GSM3758026;GSE130970_Liver_GSM3758027;GSE130970_Liver_GSM3758028;GSE130970_Liver_GSM3758029;GSE130970_Liver_GSM3758030;GSE130970_Liver_GSM3758031;GSE130970_Liver_GSM3758032;GSE130970_Liver_GSM3758033;GSE130970_Liver_GSM3758034;GSE130970_Liver_GSM3758035;GSE130970_Liver_GSM3758036;GSE130970_Liver_GSM3758037;GSE130970_Liver_GSM3758038;GSE130970_Liver_GSM3758039;GSE130970_Liver_GSM3758040;GSE130970_Liver_GSM3758041;GSE130970_Liver_GSM3758042;GSE130970_Liver_GSM3758043;GSE130970_Liver_GSM3758044;GSE130970_Liver_GSM3758045;GSE130970_Liver_GSM3758046;GSE130970_Liver_GSM3758047;GSE130970_Liver_GSM3758048;GSE130970_Liver_GSM3758049;GSE130970_Liver_GSM3758050;GSE130970_Liver_GSM3758051;GSE130970_Liver_GSM3758052;GSE130970_Liver_GSM3758053;GSE130970_Liver_GSM3758054;GSE130970_Liver_GSM3758055;GSE130970_Liver_GSM3758056;GSE130970_Liver_GSM3758057;GSE130970_Liver_GSM3758058;GSE130970_Liver_GSM3758059;GSE130970_Liver_GSM3758060;GSE130970_Liver_GSM3758061;GSE130970_Liver_GSM3758062;GSE130970_Liver_GSM3758063;GSE130970_Liver_GSM3758064;GSE130970_Liver_GSM3758065;GSE130970_Liver_GSM3758066;GSE130970_Liver_GSM3758067;GSE130970_Liver_GSM3758068;GSE130970_Liver_GSM3758069;GSE130970_Liver_GSM3758070;GSE130970_Liver_GSM3758071;GSE130970_Liver_GSM3758072;GSE130970_Liver_GSM3758073;GSE130970_Liver_GSM3758074;GSE130970_Liver_GSM3758075;GSE130970_Liver_GSM3758076;GSE130970_Liver_GSM3758077;GSE130970_Liver_GSM3758078;GSE130970_Liver_GSM3758079;GSE130970_Liver_GSM3758080;GSE130970_Liver_GSM3758081;GSE130970_Liver_GSM3758082,"FibrosisStage2-Ctrl_logFC,FibrosisStage2-Ctrl_Pvalue,FibrosisStage2-Ctrl_AdjPValue","Hoang SA, Oseini A, Feaver RE, Cole BK et al. PMID: 31467298",2019,Illumina HiSeq 2500,Liver,NASH,Human,78,https://www.ncbi.nlm.nih.gov/geo/query/acc.cgi?acc=GSE130970,BulkExpressionProfile,RNAseq,FALSE,FALSE,TRUE,TRUE,,
GSE130970,NA,"11111111111XXXXXXXXXXXXXXX11XXXXXXXXXXXXXXXXXXXXXX,XXXXXXXXXXXXXXXXXXXX000XXXXX",GSE130970_Liver_GSM3758005;GSE130970_Liver_GSM3758006;GSE130970_Liver_GSM3758007;GSE130970_Liver_GSM3758008;GSE130970_Liver_GSM3758009;GSE130970_Liver_GSM3758010;GSE130970_Liver_GSM3758011;GSE130970_Liver_GSM3758012;GSE130970_Liver_GSM3758013;GSE130970_Liver_GSM3758014;GSE130970_Liver_GSM3758015;GSE130970_Liver_GSM3758016;GSE130970_Liver_GSM3758017;GSE130970_Liver_GSM3758018;GSE130970_Liver_GSM3758019;GSE130970_Liver_GSM3758020;GSE130970_Liver_GSM3758021;GSE130970_Liver_GSM3758022;GSE130970_Liver_GSM3758023;GSE130970_Liver_GSM3758024;GSE130970_Liver_GSM3758025;GSE130970_Liver_GSM3758026;GSE130970_Liver_GSM3758027;GSE130970_Liver_GSM3758028;GSE130970_Liver_GSM3758029;GSE130970_Liver_GSM3758030;GSE130970_Liver_GSM3758031;GSE130970_Liver_GSM3758032;GSE130970_Liver_GSM3758033;GSE130970_Liver_GSM3758034;GSE130970_Liver_GSM3758035;GSE130970_Liver_GSM3758036;GSE130970_Liver_GSM3758037;GSE130970_Liver_GSM3758038;GSE130970_Liver_GSM3758039;GSE130970_Liver_GSM3758040;GSE130970_Liver_GSM3758041;GSE130970_Liver_GSM3758042;GSE130970_Liver_GSM3758043;GSE130970_Liver_GSM3758044;GSE130970_Liver_GSM3758045;GSE130970_Liver_GSM3758046;GSE130970_Liver_GSM3758047;GSE130970_Liver_GSM3758048;GSE130970_Liver_GSM3758049;GSE130970_Liver_GSM3758050;GSE130970_Liver_GSM3758051;GSE130970_Liver_GSM3758052;GSE130970_Liver_GSM3758053;GSE130970_Liver_GSM3758054;GSE130970_Liver_GSM3758055;GSE130970_Liver_GSM3758056;GSE130970_Liver_GSM3758057;GSE130970_Liver_GSM3758058;GSE130970_Liver_GSM3758059;GSE130970_Liver_GSM3758060;GSE130970_Liver_GSM3758061;GSE130970_Liver_GSM3758062;GSE130970_Liver_GSM3758063;GSE130970_Liver_GSM3758064;GSE130970_Liver_GSM3758065;GSE130970_Liver_GSM3758066;GSE130970_Liver_GSM3758067;GSE130970_Liver_GSM3758068;GSE130970_Liver_GSM3758069;GSE130970_Liver_GSM3758070;GSE130970_Liver_GSM3758071;GSE130970_Liver_GSM3758072;GSE130970_Liver_GSM3758073;GSE130970_Liver_GSM3758074;GSE130970_Liver_GSM3758075;GSE130970_Liver_GSM3758076;GSE130970_Liver_GSM3758077;GSE130970_Liver_GSM3758078;GSE130970_Liver_GSM3758079;GSE130970_Liver_GSM3758080;GSE130970_Liver_GSM3758081;GSE130970_Liver_GSM3758082,"FibrosisStage3-Ctrl_logFC,FibrosisStage3-Ctrl_Pvalue,FibrosisStage3-Ctrl_AdjPValue","Hoang SA, Oseini A, Feaver RE, Cole BK et al. PMID: 31467298",2019,Illumina HiSeq 2500,Liver,NASH,Human,78,https://www.ncbi.nlm.nih.gov/geo/query/acc.cgi?acc=GSE130970,BulkExpressionProfile,RNAseq,FALSE,FALSE,TRUE,TRUE,,
GSE130970,NA,"XXXXXXXXXXXXXXXXXXXXXXXXXXXXXXXXXX1XXXXXXXXXXXXXXX,1XXXXXXXXXXX1XXXXX11000XXXXX",GSE130970_Liver_GSM3758005;GSE130970_Liver_GSM3758006;GSE130970_Liver_GSM3758007;GSE130970_Liver_GSM3758008;GSE130970_Liver_GSM3758009;GSE130970_Liver_GSM3758010;GSE130970_Liver_GSM3758011;GSE130970_Liver_GSM3758012;GSE130970_Liver_GSM3758013;GSE130970_Liver_GSM3758014;GSE130970_Liver_GSM3758015;GSE130970_Liver_GSM3758016;GSE130970_Liver_GSM3758017;GSE130970_Liver_GSM3758018;GSE130970_Liver_GSM3758019;GSE130970_Liver_GSM3758020;GSE130970_Liver_GSM3758021;GSE130970_Liver_GSM3758022;GSE130970_Liver_GSM3758023;GSE130970_Liver_GSM3758024;GSE130970_Liver_GSM3758025;GSE130970_Liver_GSM3758026;GSE130970_Liver_GSM3758027;GSE130970_Liver_GSM3758028;GSE130970_Liver_GSM3758029;GSE130970_Liver_GSM3758030;GSE130970_Liver_GSM3758031;GSE130970_Liver_GSM3758032;GSE130970_Liver_GSM3758033;GSE130970_Liver_GSM3758034;GSE130970_Liver_GSM3758035;GSE130970_Liver_GSM3758036;GSE130970_Liver_GSM3758037;GSE130970_Liver_GSM3758038;GSE130970_Liver_GSM3758039;GSE130970_Liver_GSM3758040;GSE130970_Liver_GSM3758041;GSE130970_Liver_GSM3758042;GSE130970_Liver_GSM3758043;GSE130970_Liver_GSM3758044;GSE130970_Liver_GSM3758045;GSE130970_Liver_GSM3758046;GSE130970_Liver_GSM3758047;GSE130970_Liver_GSM3758048;GSE130970_Liver_GSM3758049;GSE130970_Liver_GSM3758050;GSE130970_Liver_GSM3758051;GSE130970_Liver_GSM3758052;GSE130970_Liver_GSM3758053;GSE130970_Liver_GSM3758054;GSE130970_Liver_GSM3758055;GSE130970_Liver_GSM3758056;GSE130970_Liver_GSM3758057;GSE130970_Liver_GSM3758058;GSE130970_Liver_GSM3758059;GSE130970_Liver_GSM3758060;GSE130970_Liver_GSM3758061;GSE130970_Liver_GSM3758062;GSE130970_Liver_GSM3758063;GSE130970_Liver_GSM3758064;GSE130970_Liver_GSM3758065;GSE130970_Liver_GSM3758066;GSE130970_Liver_GSM3758067;GSE130970_Liver_GSM3758068;GSE130970_Liver_GSM3758069;GSE130970_Liver_GSM3758070;GSE130970_Liver_GSM3758071;GSE130970_Liver_GSM3758072;GSE130970_Liver_GSM3758073;GSE130970_Liver_GSM3758074;GSE130970_Liver_GSM3758075;GSE130970_Liver_GSM3758076;GSE130970_Liver_GSM3758077;GSE130970_Liver_GSM3758078;GSE130970_Liver_GSM3758079;GSE130970_Liver_GSM3758080;GSE130970_Liver_GSM3758081;GSE130970_Liver_GSM3758082,"NAFLDActivityScore1-Ctrl_logFC,NAFLDActivityScore1-Ctrl_Pvalue,NAFLDActivityScore1-Ctrl_AdjPValue","Hoang SA, Oseini A, Feaver RE, Cole BK et al. PMID: 31467298",2019,Illumina HiSeq 2500,Liver,NASH,Human,78,https://www.ncbi.nlm.nih.gov/geo/query/acc.cgi?acc=GSE130970,BulkExpressionProfile,RNAseq,FALSE,FALSE,TRUE,TRUE,,
GSE130970,NA,"XXXXXXXXXXXXXXXXXXXXXXX11XXXXXXXXXXXXXXXXXX1XXXX11,X1XXXXXXX1XXXXXXXXXX000XXXXX",GSE130970_Liver_GSM3758005;GSE130970_Liver_GSM3758006;GSE130970_Liver_GSM3758007;GSE130970_Liver_GSM3758008;GSE130970_Liver_GSM3758009;GSE130970_Liver_GSM3758010;GSE130970_Liver_GSM3758011;GSE130970_Liver_GSM3758012;GSE130970_Liver_GSM3758013;GSE130970_Liver_GSM3758014;GSE130970_Liver_GSM3758015;GSE130970_Liver_GSM3758016;GSE130970_Liver_GSM3758017;GSE130970_Liver_GSM3758018;GSE130970_Liver_GSM3758019;GSE130970_Liver_GSM3758020;GSE130970_Liver_GSM3758021;GSE130970_Liver_GSM3758022;GSE130970_Liver_GSM3758023;GSE130970_Liver_GSM3758024;GSE130970_Liver_GSM3758025;GSE130970_Liver_GSM3758026;GSE130970_Liver_GSM3758027;GSE130970_Liver_GSM3758028;GSE130970_Liver_GSM3758029;GSE130970_Liver_GSM3758030;GSE130970_Liver_GSM3758031;GSE130970_Liver_GSM3758032;GSE130970_Liver_GSM3758033;GSE130970_Liver_GSM3758034;GSE130970_Liver_GSM3758035;GSE130970_Liver_GSM3758036;GSE130970_Liver_GSM3758037;GSE130970_Liver_GSM3758038;GSE130970_Liver_GSM3758039;GSE130970_Liver_GSM3758040;GSE130970_Liver_GSM3758041;GSE130970_Liver_GSM3758042;GSE130970_Liver_GSM3758043;GSE130970_Liver_GSM3758044;GSE130970_Liver_GSM3758045;GSE130970_Liver_GSM3758046;GSE130970_Liver_GSM3758047;GSE130970_Liver_GSM3758048;GSE130970_Liver_GSM3758049;GSE130970_Liver_GSM3758050;GSE130970_Liver_GSM3758051;GSE130970_Liver_GSM3758052;GSE130970_Liver_GSM3758053;GSE130970_Liver_GSM3758054;GSE130970_Liver_GSM3758055;GSE130970_Liver_GSM3758056;GSE130970_Liver_GSM3758057;GSE130970_Liver_GSM3758058;GSE130970_Liver_GSM3758059;GSE130970_Liver_GSM3758060;GSE130970_Liver_GSM3758061;GSE130970_Liver_GSM3758062;GSE130970_Liver_GSM3758063;GSE130970_Liver_GSM3758064;GSE130970_Liver_GSM3758065;GSE130970_Liver_GSM3758066;GSE130970_Liver_GSM3758067;GSE130970_Liver_GSM3758068;GSE130970_Liver_GSM3758069;GSE130970_Liver_GSM3758070;GSE130970_Liver_GSM3758071;GSE130970_Liver_GSM3758072;GSE130970_Liver_GSM3758073;GSE130970_Liver_GSM3758074;GSE130970_Liver_GSM3758075;GSE130970_Liver_GSM3758076;GSE130970_Liver_GSM3758077;GSE130970_Liver_GSM3758078;GSE130970_Liver_GSM3758079;GSE130970_Liver_GSM3758080;GSE130970_Liver_GSM3758081;GSE130970_Liver_GSM3758082,"NAFLDActivityScore2-Ctrl_logFC,NAFLDActivityScore2-Ctrl_Pvalue,NAFLDActivityScore2-Ctrl_AdjPValue","Hoang SA, Oseini A, Feaver RE, Cole BK et al. PMID: 31467298",2019,Illumina HiSeq 2500,Liver,NASH,Human,78,https://www.ncbi.nlm.nih.gov/geo/query/acc.cgi?acc=GSE130970,BulkExpressionProfile,RNAseq,FALSE,FALSE,TRUE,TRUE,,
GSE130970,NA,"XXXXXXXXXXXXXXX1XXX1111XXXX11X1X11XXX11XXX1XXXXXXX,XXXXXX1X1XXXXXXX1XXX000XXX1X",GSE130970_Liver_GSM3758005;GSE130970_Liver_GSM3758006;GSE130970_Liver_GSM3758007;GSE130970_Liver_GSM3758008;GSE130970_Liver_GSM3758009;GSE130970_Liver_GSM3758010;GSE130970_Liver_GSM3758011;GSE130970_Liver_GSM3758012;GSE130970_Liver_GSM3758013;GSE130970_Liver_GSM3758014;GSE130970_Liver_GSM3758015;GSE130970_Liver_GSM3758016;GSE130970_Liver_GSM3758017;GSE130970_Liver_GSM3758018;GSE130970_Liver_GSM3758019;GSE130970_Liver_GSM3758020;GSE130970_Liver_GSM3758021;GSE130970_Liver_GSM3758022;GSE130970_Liver_GSM3758023;GSE130970_Liver_GSM3758024;GSE130970_Liver_GSM3758025;GSE130970_Liver_GSM3758026;GSE130970_Liver_GSM3758027;GSE130970_Liver_GSM3758028;GSE130970_Liver_GSM3758029;GSE130970_Liver_GSM3758030;GSE130970_Liver_GSM3758031;GSE130970_Liver_GSM3758032;GSE130970_Liver_GSM3758033;GSE130970_Liver_GSM3758034;GSE130970_Liver_GSM3758035;GSE130970_Liver_GSM3758036;GSE130970_Liver_GSM3758037;GSE130970_Liver_GSM3758038;GSE130970_Liver_GSM3758039;GSE130970_Liver_GSM3758040;GSE130970_Liver_GSM3758041;GSE130970_Liver_GSM3758042;GSE130970_Liver_GSM3758043;GSE130970_Liver_GSM3758044;GSE130970_Liver_GSM3758045;GSE130970_Liver_GSM3758046;GSE130970_Liver_GSM3758047;GSE130970_Liver_GSM3758048;GSE130970_Liver_GSM3758049;GSE130970_Liver_GSM3758050;GSE130970_Liver_GSM3758051;GSE130970_Liver_GSM3758052;GSE130970_Liver_GSM3758053;GSE130970_Liver_GSM3758054;GSE130970_Liver_GSM3758055;GSE130970_Liver_GSM3758056;GSE130970_Liver_GSM3758057;GSE130970_Liver_GSM3758058;GSE130970_Liver_GSM3758059;GSE130970_Liver_GSM3758060;GSE130970_Liver_GSM3758061;GSE130970_Liver_GSM3758062;GSE130970_Liver_GSM3758063;GSE130970_Liver_GSM3758064;GSE130970_Liver_GSM3758065;GSE130970_Liver_GSM3758066;GSE130970_Liver_GSM3758067;GSE130970_Liver_GSM3758068;GSE130970_Liver_GSM3758069;GSE130970_Liver_GSM3758070;GSE130970_Liver_GSM3758071;GSE130970_Liver_GSM3758072;GSE130970_Liver_GSM3758073;GSE130970_Liver_GSM3758074;GSE130970_Liver_GSM3758075;GSE130970_Liver_GSM3758076;GSE130970_Liver_GSM3758077;GSE130970_Liver_GSM3758078;GSE130970_Liver_GSM3758079;GSE130970_Liver_GSM3758080;GSE130970_Liver_GSM3758081;GSE130970_Liver_GSM3758082,"NAFLDActivityScore3-Ctrl_logFC,NAFLDActivityScore3-Ctrl_Pvalue,NAFLDActivityScore3-Ctrl_AdjPValue","Hoang SA, Oseini A, Feaver RE, Cole BK et al. PMID: 31467298",2019,Illumina HiSeq 2500,Liver,NASH,Human,78,https://www.ncbi.nlm.nih.gov/geo/query/acc.cgi?acc=GSE130970,BulkExpressionProfile,RNAseq,FALSE,FALSE,TRUE,TRUE,,
GSE130970,NA,"X1XXXXXX111XXXXX1X1XXXXXXX1XXXXXXXXX1XXXX1XX11XXXX,XX111XX1XXXXXXX1XXXX000XXXXX",GSE130970_Liver_GSM3758005;GSE130970_Liver_GSM3758006;GSE130970_Liver_GSM3758007;GSE130970_Liver_GSM3758008;GSE130970_Liver_GSM3758009;GSE130970_Liver_GSM3758010;GSE130970_Liver_GSM3758011;GSE130970_Liver_GSM3758012;GSE130970_Liver_GSM3758013;GSE130970_Liver_GSM3758014;GSE130970_Liver_GSM3758015;GSE130970_Liver_GSM3758016;GSE130970_Liver_GSM3758017;GSE130970_Liver_GSM3758018;GSE130970_Liver_GSM3758019;GSE130970_Liver_GSM3758020;GSE130970_Liver_GSM3758021;GSE130970_Liver_GSM3758022;GSE130970_Liver_GSM3758023;GSE130970_Liver_GSM3758024;GSE130970_Liver_GSM3758025;GSE130970_Liver_GSM3758026;GSE130970_Liver_GSM3758027;GSE130970_Liver_GSM3758028;GSE130970_Liver_GSM3758029;GSE130970_Liver_GSM3758030;GSE130970_Liver_GSM3758031;GSE130970_Liver_GSM3758032;GSE130970_Liver_GSM3758033;GSE130970_Liver_GSM3758034;GSE130970_Liver_GSM3758035;GSE130970_Liver_GSM3758036;GSE130970_Liver_GSM3758037;GSE130970_Liver_GSM3758038;GSE130970_Liver_GSM3758039;GSE130970_Liver_GSM3758040;GSE130970_Liver_GSM3758041;GSE130970_Liver_GSM3758042;GSE130970_Liver_GSM3758043;GSE130970_Liver_GSM3758044;GSE130970_Liver_GSM3758045;GSE130970_Liver_GSM3758046;GSE130970_Liver_GSM3758047;GSE130970_Liver_GSM3758048;GSE130970_Liver_GSM3758049;GSE130970_Liver_GSM3758050;GSE130970_Liver_GSM3758051;GSE130970_Liver_GSM3758052;GSE130970_Liver_GSM3758053;GSE130970_Liver_GSM3758054;GSE130970_Liver_GSM3758055;GSE130970_Liver_GSM3758056;GSE130970_Liver_GSM3758057;GSE130970_Liver_GSM3758058;GSE130970_Liver_GSM3758059;GSE130970_Liver_GSM3758060;GSE130970_Liver_GSM3758061;GSE130970_Liver_GSM3758062;GSE130970_Liver_GSM3758063;GSE130970_Liver_GSM3758064;GSE130970_Liver_GSM3758065;GSE130970_Liver_GSM3758066;GSE130970_Liver_GSM3758067;GSE130970_Liver_GSM3758068;GSE130970_Liver_GSM3758069;GSE130970_Liver_GSM3758070;GSE130970_Liver_GSM3758071;GSE130970_Liver_GSM3758072;GSE130970_Liver_GSM3758073;GSE130970_Liver_GSM3758074;GSE130970_Liver_GSM3758075;GSE130970_Liver_GSM3758076;GSE130970_Liver_GSM3758077;GSE130970_Liver_GSM3758078;GSE130970_Liver_GSM3758079;GSE130970_Liver_GSM3758080;GSE130970_Liver_GSM3758081;GSE130970_Liver_GSM3758082,"NAFLDActivityScore4-Ctrl_logFC,NAFLDActivityScore4-Ctrl_Pvalue,NAFLDActivityScore4-Ctrl_AdjPValue","Hoang SA, Oseini A, Feaver RE, Cole BK et al. PMID: 31467298",2019,Illumina HiSeq 2500,Liver,NASH,Human,78,https://www.ncbi.nlm.nih.gov/geo/query/acc.cgi?acc=GSE130970,BulkExpressionProfile,RNAseq,FALSE,FALSE,TRUE,TRUE,,
GSE130970,NA,"1X11XX1XXXX1111XX1XXXXXXX1XXX1X1XXXXXXXXXXXXXX1XXX,XXXXX1XXXX11X1XXXXXX000XX1XX",GSE130970_Liver_GSM3758005;GSE130970_Liver_GSM3758006;GSE130970_Liver_GSM3758007;GSE130970_Liver_GSM3758008;GSE130970_Liver_GSM3758009;GSE130970_Liver_GSM3758010;GSE130970_Liver_GSM3758011;GSE130970_Liver_GSM3758012;GSE130970_Liver_GSM3758013;GSE130970_Liver_GSM3758014;GSE130970_Liver_GSM3758015;GSE130970_Liver_GSM3758016;GSE130970_Liver_GSM3758017;GSE130970_Liver_GSM3758018;GSE130970_Liver_GSM3758019;GSE130970_Liver_GSM3758020;GSE130970_Liver_GSM3758021;GSE130970_Liver_GSM3758022;GSE130970_Liver_GSM3758023;GSE130970_Liver_GSM3758024;GSE130970_Liver_GSM3758025;GSE130970_Liver_GSM3758026;GSE130970_Liver_GSM3758027;GSE130970_Liver_GSM3758028;GSE130970_Liver_GSM3758029;GSE130970_Liver_GSM3758030;GSE130970_Liver_GSM3758031;GSE130970_Liver_GSM3758032;GSE130970_Liver_GSM3758033;GSE130970_Liver_GSM3758034;GSE130970_Liver_GSM3758035;GSE130970_Liver_GSM3758036;GSE130970_Liver_GSM3758037;GSE130970_Liver_GSM3758038;GSE130970_Liver_GSM3758039;GSE130970_Liver_GSM3758040;GSE130970_Liver_GSM3758041;GSE130970_Liver_GSM3758042;GSE130970_Liver_GSM3758043;GSE130970_Liver_GSM3758044;GSE130970_Liver_GSM3758045;GSE130970_Liver_GSM3758046;GSE130970_Liver_GSM3758047;GSE130970_Liver_GSM3758048;GSE130970_Liver_GSM3758049;GSE130970_Liver_GSM3758050;GSE130970_Liver_GSM3758051;GSE130970_Liver_GSM3758052;GSE130970_Liver_GSM3758053;GSE130970_Liver_GSM3758054;GSE130970_Liver_GSM3758055;GSE130970_Liver_GSM3758056;GSE130970_Liver_GSM3758057;GSE130970_Liver_GSM3758058;GSE130970_Liver_GSM3758059;GSE130970_Liver_GSM3758060;GSE130970_Liver_GSM3758061;GSE130970_Liver_GSM3758062;GSE130970_Liver_GSM3758063;GSE130970_Liver_GSM3758064;GSE130970_Liver_GSM3758065;GSE130970_Liver_GSM3758066;GSE130970_Liver_GSM3758067;GSE130970_Liver_GSM3758068;GSE130970_Liver_GSM3758069;GSE130970_Liver_GSM3758070;GSE130970_Liver_GSM3758071;GSE130970_Liver_GSM3758072;GSE130970_Liver_GSM3758073;GSE130970_Liver_GSM3758074;GSE130970_Liver_GSM3758075;GSE130970_Liver_GSM3758076;GSE130970_Liver_GSM3758077;GSE130970_Liver_GSM3758078;GSE130970_Liver_GSM3758079;GSE130970_Liver_GSM3758080;GSE130970_Liver_GSM3758081;GSE130970_Liver_GSM3758082,"NAFLDActivityScore5-Ctrl_logFC,NAFLDActivityScore5-Ctrl_Pvalue,NAFLDActivityScore5-Ctrl_AdjPValue","Hoang SA, Oseini A, Feaver RE, Cole BK et al. PMID: 31467298",2019,Illumina HiSeq 2500,Liver,NASH,Human,78,https://www.ncbi.nlm.nih.gov/geo/query/acc.cgi?acc=GSE130970,BulkExpressionProfile,RNAseq,FALSE,FALSE,TRUE,TRUE,,
GSE130970,NA,"XXXX11X1XXXXXXXXXXXXXXXXXXXXXXXXXXX1XXXXXXXXXXXXXX,XXXXXXXXXXXXXX1XX1XX00011XXX",GSE130970_Liver_GSM3758005;GSE130970_Liver_GSM3758006;GSE130970_Liver_GSM3758007;GSE130970_Liver_GSM3758008;GSE130970_Liver_GSM3758009;GSE130970_Liver_GSM3758010;GSE130970_Liver_GSM3758011;GSE130970_Liver_GSM3758012;GSE130970_Liver_GSM3758013;GSE130970_Liver_GSM3758014;GSE130970_Liver_GSM3758015;GSE130970_Liver_GSM3758016;GSE130970_Liver_GSM3758017;GSE130970_Liver_GSM3758018;GSE130970_Liver_GSM3758019;GSE130970_Liver_GSM3758020;GSE130970_Liver_GSM3758021;GSE130970_Liver_GSM3758022;GSE130970_Liver_GSM3758023;GSE130970_Liver_GSM3758024;GSE130970_Liver_GSM3758025;GSE130970_Liver_GSM3758026;GSE130970_Liver_GSM3758027;GSE130970_Liver_GSM3758028;GSE130970_Liver_GSM3758029;GSE130970_Liver_GSM3758030;GSE130970_Liver_GSM3758031;GSE130970_Liver_GSM3758032;GSE130970_Liver_GSM3758033;GSE130970_Liver_GSM3758034;GSE130970_Liver_GSM3758035;GSE130970_Liver_GSM3758036;GSE130970_Liver_GSM3758037;GSE130970_Liver_GSM3758038;GSE130970_Liver_GSM3758039;GSE130970_Liver_GSM3758040;GSE130970_Liver_GSM3758041;GSE130970_Liver_GSM3758042;GSE130970_Liver_GSM3758043;GSE130970_Liver_GSM3758044;GSE130970_Liver_GSM3758045;GSE130970_Liver_GSM3758046;GSE130970_Liver_GSM3758047;GSE130970_Liver_GSM3758048;GSE130970_Liver_GSM3758049;GSE130970_Liver_GSM3758050;GSE130970_Liver_GSM3758051;GSE130970_Liver_GSM3758052;GSE130970_Liver_GSM3758053;GSE130970_Liver_GSM3758054;GSE130970_Liver_GSM3758055;GSE130970_Liver_GSM3758056;GSE130970_Liver_GSM3758057;GSE130970_Liver_GSM3758058;GSE130970_Liver_GSM3758059;GSE130970_Liver_GSM3758060;GSE130970_Liver_GSM3758061;GSE130970_Liver_GSM3758062;GSE130970_Liver_GSM3758063;GSE130970_Liver_GSM3758064;GSE130970_Liver_GSM3758065;GSE130970_Liver_GSM3758066;GSE130970_Liver_GSM3758067;GSE130970_Liver_GSM3758068;GSE130970_Liver_GSM3758069;GSE130970_Liver_GSM3758070;GSE130970_Liver_GSM3758071;GSE130970_Liver_GSM3758072;GSE130970_Liver_GSM3758073;GSE130970_Liver_GSM3758074;GSE130970_Liver_GSM3758075;GSE130970_Liver_GSM3758076;GSE130970_Liver_GSM3758077;GSE130970_Liver_GSM3758078;GSE130970_Liver_GSM3758079;GSE130970_Liver_GSM3758080;GSE130970_Liver_GSM3758081;GSE130970_Liver_GSM3758082,"NAFLDActivityScore6-Ctrl_logFC,NAFLDActivityScore6-Ctrl_Pvalue,NAFLDActivityScore6-Ctrl_AdjPValue","Hoang SA, Oseini A, Feaver RE, Cole BK et al. PMID: 31467298",2019,Illumina HiSeq 2500,Liver,NASH,Human,78,https://www.ncbi.nlm.nih.gov/geo/query/acc.cgi?acc=GSE130970,BulkExpressionProfile,RNAseq,FALSE,FALSE,TRUE,TRUE,,
GSE126848,NA,",111111111111111XXXXXXXXXXXXXXXX00000000000000XXXXXXXXXXXX",GSE126848_Liver_GSM3615293;GSE126848_Liver_GSM3615294;GSE126848_Liver_GSM3615295;GSE126848_Liver_GSM3615296;GSE126848_Liver_GSM3615297;GSE126848_Liver_GSM3615298;GSE126848_Liver_GSM3615299;GSE126848_Liver_GSM3615300;GSE126848_Liver_GSM3615301;GSE126848_Liver_GSM3615302;GSE126848_Liver_GSM3615303;GSE126848_Liver_GSM3615304;GSE126848_Liver_GSM3615305;GSE126848_Liver_GSM3615306;GSE126848_Liver_GSM3615307;GSE126848_Liver_GSM3615308;GSE126848_Liver_GSM3615309;GSE126848_Liver_GSM3615310;GSE126848_Liver_GSM3615311;GSE126848_Liver_GSM3615312;GSE126848_Liver_GSM3615313;GSE126848_Liver_GSM3615314;GSE126848_Liver_GSM3615315;GSE126848_Liver_GSM3615316;GSE126848_Liver_GSM3615317;GSE126848_Liver_GSM3615318;GSE126848_Liver_GSM3615319;GSE126848_Liver_GSM3615320;GSE126848_Liver_GSM3615321;GSE126848_Liver_GSM3615322;GSE126848_Liver_GSM3615323;GSE126848_Liver_GSM3615324;GSE126848_Liver_GSM3615325;GSE126848_Liver_GSM3615326;GSE126848_Liver_GSM3615327;GSE126848_Liver_GSM3615328;GSE126848_Liver_GSM3615329;GSE126848_Liver_GSM3615330;GSE126848_Liver_GSM3615331;GSE126848_Liver_GSM3615332;GSE126848_Liver_GSM3615333;GSE126848_Liver_GSM3615334;GSE126848_Liver_GSM3615335;GSE126848_Liver_GSM3615336;GSE126848_Liver_GSM3615337;GSE126848_Liver_GSM3615338;GSE126848_Liver_GSM3615339;GSE126848_Liver_GSM3615340;GSE126848_Liver_GSM3615341;GSE126848_Liver_GSM3615342;GSE126848_Liver_GSM3615343;GSE126848_Liver_GSM3615344;GSE126848_Liver_GSM3615345;GSE126848_Liver_GSM3615346;GSE126848_Liver_GSM3615347;GSE126848_Liver_GSM3615348;GSE126848_Liver_GSM3615349,"NAFLD-Ctrl_logFC,NAFLD-Ctrl_Pvalue,NAFLD-Ctrl_AdjPValue","Suppli MP, Rigbolt KTG, Veidal SS, Heebøll S et al.  PMID: 30653341",2019,Illumina NextSeq 500,Liver,NASH,Human,57,https://www.ncbi.nlm.nih.gov/geo/query/acc.cgi?acc=GSE126848,BulkExpressionProfile,RNAseq,FALSE,TRUE,TRUE,TRUE,,
GSE126848,NA,XXXXXXXXXXXXXXX111111111111111100000000000000XXXXXXXXXXXX,GSE126848_Liver_GSM3615293;GSE126848_Liver_GSM3615294;GSE126848_Liver_GSM3615295;GSE126848_Liver_GSM3615296;GSE126848_Liver_GSM3615297;GSE126848_Liver_GSM3615298;GSE126848_Liver_GSM3615299;GSE126848_Liver_GSM3615300;GSE126848_Liver_GSM3615301;GSE126848_Liver_GSM3615302;GSE126848_Liver_GSM3615303;GSE126848_Liver_GSM3615304;GSE126848_Liver_GSM3615305;GSE126848_Liver_GSM3615306;GSE126848_Liver_GSM3615307;GSE126848_Liver_GSM3615308;GSE126848_Liver_GSM3615309;GSE126848_Liver_GSM3615310;GSE126848_Liver_GSM3615311;GSE126848_Liver_GSM3615312;GSE126848_Liver_GSM3615313;GSE126848_Liver_GSM3615314;GSE126848_Liver_GSM3615315;GSE126848_Liver_GSM3615316;GSE126848_Liver_GSM3615317;GSE126848_Liver_GSM3615318;GSE126848_Liver_GSM3615319;GSE126848_Liver_GSM3615320;GSE126848_Liver_GSM3615321;GSE126848_Liver_GSM3615322;GSE126848_Liver_GSM3615323;GSE126848_Liver_GSM3615324;GSE126848_Liver_GSM3615325;GSE126848_Liver_GSM3615326;GSE126848_Liver_GSM3615327;GSE126848_Liver_GSM3615328;GSE126848_Liver_GSM3615329;GSE126848_Liver_GSM3615330;GSE126848_Liver_GSM3615331;GSE126848_Liver_GSM3615332;GSE126848_Liver_GSM3615333;GSE126848_Liver_GSM3615334;GSE126848_Liver_GSM3615335;GSE126848_Liver_GSM3615336;GSE126848_Liver_GSM3615337;GSE126848_Liver_GSM3615338;GSE126848_Liver_GSM3615339;GSE126848_Liver_GSM3615340;GSE126848_Liver_GSM3615341;GSE126848_Liver_GSM3615342;GSE126848_Liver_GSM3615343;GSE126848_Liver_GSM3615344;GSE126848_Liver_GSM3615345;GSE126848_Liver_GSM3615346;GSE126848_Liver_GSM3615347;GSE126848_Liver_GSM3615348;GSE126848_Liver_GSM3615349,"NASH-Ctrl_logFC,NASH-Ctrl_Pvalue,NASH-Ctrl_AdjPValue","Suppli MP, Rigbolt KTG, Veidal SS, Heebøll S et al.  PMID: 30653341",2019,Illumina NextSeq 500,Liver,NASH,Human,57,https://www.ncbi.nlm.nih.gov/geo/query/acc.cgi?acc=GSE126848,BulkExpressionProfile,RNAseq,FALSE,FALSE,TRUE,TRUE,,
GSE126848,NA,XXXXXXXXXXXXXXXXXXXXXXXXXXXXXXX00000000000000111111111111,GSE126848_Liver_GSM3615293;GSE126848_Liver_GSM3615294;GSE126848_Liver_GSM3615295;GSE126848_Liver_GSM3615296;GSE126848_Liver_GSM3615297;GSE126848_Liver_GSM3615298;GSE126848_Liver_GSM3615299;GSE126848_Liver_GSM3615300;GSE126848_Liver_GSM3615301;GSE126848_Liver_GSM3615302;GSE126848_Liver_GSM3615303;GSE126848_Liver_GSM3615304;GSE126848_Liver_GSM3615305;GSE126848_Liver_GSM3615306;GSE126848_Liver_GSM3615307;GSE126848_Liver_GSM3615308;GSE126848_Liver_GSM3615309;GSE126848_Liver_GSM3615310;GSE126848_Liver_GSM3615311;GSE126848_Liver_GSM3615312;GSE126848_Liver_GSM3615313;GSE126848_Liver_GSM3615314;GSE126848_Liver_GSM3615315;GSE126848_Liver_GSM3615316;GSE126848_Liver_GSM3615317;GSE126848_Liver_GSM3615318;GSE126848_Liver_GSM3615319;GSE126848_Liver_GSM3615320;GSE126848_Liver_GSM3615321;GSE126848_Liver_GSM3615322;GSE126848_Liver_GSM3615323;GSE126848_Liver_GSM3615324;GSE126848_Liver_GSM3615325;GSE126848_Liver_GSM3615326;GSE126848_Liver_GSM3615327;GSE126848_Liver_GSM3615328;GSE126848_Liver_GSM3615329;GSE126848_Liver_GSM3615330;GSE126848_Liver_GSM3615331;GSE126848_Liver_GSM3615332;GSE126848_Liver_GSM3615333;GSE126848_Liver_GSM3615334;GSE126848_Liver_GSM3615335;GSE126848_Liver_GSM3615336;GSE126848_Liver_GSM3615337;GSE126848_Liver_GSM3615338;GSE126848_Liver_GSM3615339;GSE126848_Liver_GSM3615340;GSE126848_Liver_GSM3615341;GSE126848_Liver_GSM3615342;GSE126848_Liver_GSM3615343;GSE126848_Liver_GSM3615344;GSE126848_Liver_GSM3615345;GSE126848_Liver_GSM3615346;GSE126848_Liver_GSM3615347;GSE126848_Liver_GSM3615348;GSE126848_Liver_GSM3615349,"Obese-Ctrl_logFC,Obese-Ctrl_Pvalue,Obese-Ctrl_AdjPValue","Suppli MP, Rigbolt KTG, Veidal SS, Heebøll S et al.  PMID: 30653341",2019,Illumina NextSeq 500,Liver,NASH,Human,57,https://www.ncbi.nlm.nih.gov/geo/query/acc.cgi?acc=GSE126848,BulkExpressionProfile,RNAseq,FALSE,FALSE,TRUE,TRUE,,
GSE185051,NA,",11XX1X1XX11XXXXXX11X1X1XX1XXXXXXX11XXX1XXXXX1XXXXXX0000",GSE185051_Liver_GSM5604618;GSE185051_Liver_GSM5604619;GSE185051_Liver_GSM5604620;GSE185051_Liver_GSM5604621;GSE185051_Liver_GSM5604622;GSE185051_Liver_GSM5604623;GSE185051_Liver_GSM5604624;GSE185051_Liver_GSM5604625;GSE185051_Liver_GSM5604626;GSE185051_Liver_GSM5604627;GSE185051_Liver_GSM5604628;GSE185051_Liver_GSM5604629;GSE185051_Liver_GSM5604630;GSE185051_Liver_GSM5604631;GSE185051_Liver_GSM5604632;GSE185051_Liver_GSM5604633;GSE185051_Liver_GSM5604634;GSE185051_Liver_GSM5604635;GSE185051_Liver_GSM5604636;GSM5604637;GSE185051_Liver_GSM5604638;GSE185051_Liver_GSM5604639;GSE185051_Liver_GSM5604640;GSE185051_Liver_GSM5604641;GSE185051_Liver_GSM5604642;GSE185051_Liver_GSM5604643;GSE185051_Liver_GSM5604644;GSE185051_Liver_GSM5604645;GSE185051_Liver_GSM5604646;GSE185051_Liver_GSM5604647;GSE185051_Liver_GSM5604648;GSE185051_Liver_GSM5604649;GSE185051_Liver_GSM5604650;GSE185051_Liver_GSM5604651;GSE185051_Liver_GSM5604652;GSE185051_Liver_GSM5604653;GSE185051_Liver_GSM5604654;GSE185051_Liver_GSM5604655;GSE185051_Liver_GSM5604656;GSE185051_Liver_GSM5604657;GSE185051_Liver_GSM5604658;GSE185051_Liver_GSM5604659;GSE185051_Liver_GSM5604660;GSE185051_Liver_GSM5604661;GSE185051_Liver_GSM5604662;GSE185051_Liver_GSM5604663;GSE185051_Liver_GSM5604664;GSE185051_Liver_GSM5604665;GSE185051_Liver_GSM5604666;GSE185051_Liver_GSM5604667;GSE185051_Liver_GSM5604668;GSE185051_Liver_GSM5604669;GSE185051_Liver_GSM5604670;GSE185051_Liver_GSM5604671;GSE185051_Liver_GSM5604672;GSE185051_Liver_GSM5604673;GSE185051_Liver_GSM5604674,"Steatosis-Ctrl_logFC,Steatosis -Ctrl_Pvalue,Steatosis -Ctrl_AdjPValue","Yao K, Tarabra E, Sia D, Morotti R et al. PMID: 35312185",2021,Illumina NovaSeq 6000,Liver,NASH,Human,57,https://www.ncbi.nlm.nih.gov/geo/query/acc.cgi?acc=GSE185051,BulkExpressionProfile,RNAseq,FALSE,TRUE,TRUE,TRUE,,
GSE185051,NA,XX11X1XXXXX1XXX1XXXXXXX1XXX111111XX1X1X1XXXXXXXXXXX0000,GSE185051_Liver_GSM5604618;GSE185051_Liver_GSM5604619;GSE185051_Liver_GSM5604620;GSE185051_Liver_GSM5604621;GSE185051_Liver_GSM5604622;GSE185051_Liver_GSM5604623;GSE185051_Liver_GSM5604624;GSE185051_Liver_GSM5604625;GSE185051_Liver_GSM5604626;GSE185051_Liver_GSM5604627;GSE185051_Liver_GSM5604628;GSE185051_Liver_GSM5604629;GSE185051_Liver_GSM5604630;GSE185051_Liver_GSM5604631;GSE185051_Liver_GSM5604632;GSE185051_Liver_GSM5604633;GSE185051_Liver_GSM5604634;GSE185051_Liver_GSM5604635;GSE185051_Liver_GSM5604636;GSM5604637;GSE185051_Liver_GSM5604638;GSE185051_Liver_GSM5604639;GSE185051_Liver_GSM5604640;GSE185051_Liver_GSM5604641;GSE185051_Liver_GSM5604642;GSE185051_Liver_GSM5604643;GSE185051_Liver_GSM5604644;GSE185051_Liver_GSM5604645;GSE185051_Liver_GSM5604646;GSE185051_Liver_GSM5604647;GSE185051_Liver_GSM5604648;GSE185051_Liver_GSM5604649;GSE185051_Liver_GSM5604650;GSE185051_Liver_GSM5604651;GSE185051_Liver_GSM5604652;GSE185051_Liver_GSM5604653;GSE185051_Liver_GSM5604654;GSE185051_Liver_GSM5604655;GSE185051_Liver_GSM5604656;GSE185051_Liver_GSM5604657;GSE185051_Liver_GSM5604658;GSE185051_Liver_GSM5604659;GSE185051_Liver_GSM5604660;GSE185051_Liver_GSM5604661;GSE185051_Liver_GSM5604662;GSE185051_Liver_GSM5604663;GSE185051_Liver_GSM5604664;GSE185051_Liver_GSM5604665;GSE185051_Liver_GSM5604666;GSE185051_Liver_GSM5604667;GSE185051_Liver_GSM5604668;GSE185051_Liver_GSM5604669;GSE185051_Liver_GSM5604670;GSE185051_Liver_GSM5604671;GSE185051_Liver_GSM5604672;GSE185051_Liver_GSM5604673;GSE185051_Liver_GSM5604674,"Nash-Ctrl_logFC,Nash-Ctrl_Pvalue,Nash-Ctrl_AdjPValue","Yao K, Tarabra E, Sia D, Morotti R et al. PMID: 35312185",2021,Illumina NovaSeq 6000,Liver,NASH,Human,57,https://www.ncbi.nlm.nih.gov/geo/query/acc.cgi?acc=GSE185051,BulkExpressionProfile,RNAseq,FALSE,FALSE,TRUE,TRUE,,
GSE185051,NA,XXXXXXX11XXX111X1XX1X1XX1X1XXXXXXXXX1XXX1111X1111110000,GSE185051_Liver_GSM5604618;GSE185051_Liver_GSM5604619;GSE185051_Liver_GSM5604620;GSE185051_Liver_GSM5604621;GSE185051_Liver_GSM5604622;GSE185051_Liver_GSM5604623;GSE185051_Liver_GSM5604624;GSE185051_Liver_GSM5604625;GSE185051_Liver_GSM5604626;GSE185051_Liver_GSM5604627;GSE185051_Liver_GSM5604628;GSE185051_Liver_GSM5604629;GSE185051_Liver_GSM5604630;GSE185051_Liver_GSM5604631;GSE185051_Liver_GSM5604632;GSE185051_Liver_GSM5604633;GSE185051_Liver_GSM5604634;GSE185051_Liver_GSM5604635;GSE185051_Liver_GSM5604636;GSM5604637;GSE185051_Liver_GSM5604638;GSE185051_Liver_GSM5604639;GSE185051_Liver_GSM5604640;GSE185051_Liver_GSM5604641;GSE185051_Liver_GSM5604642;GSE185051_Liver_GSM5604643;GSE185051_Liver_GSM5604644;GSE185051_Liver_GSM5604645;GSE185051_Liver_GSM5604646;GSE185051_Liver_GSM5604647;GSE185051_Liver_GSM5604648;GSE185051_Liver_GSM5604649;GSE185051_Liver_GSM5604650;GSE185051_Liver_GSM5604651;GSE185051_Liver_GSM5604652;GSE185051_Liver_GSM5604653;GSE185051_Liver_GSM5604654;GSE185051_Liver_GSM5604655;GSE185051_Liver_GSM5604656;GSE185051_Liver_GSM5604657;GSE185051_Liver_GSM5604658;GSE185051_Liver_GSM5604659;GSE185051_Liver_GSM5604660;GSE185051_Liver_GSM5604661;GSE185051_Liver_GSM5604662;GSE185051_Liver_GSM5604663;GSE185051_Liver_GSM5604664;GSE185051_Liver_GSM5604665;GSE185051_Liver_GSM5604666;GSE185051_Liver_GSM5604667;GSE185051_Liver_GSM5604668;GSE185051_Liver_GSM5604669;GSE185051_Liver_GSM5604670;GSE185051_Liver_GSM5604671;GSE185051_Liver_GSM5604672;GSE185051_Liver_GSM5604673;GSE185051_Liver_GSM5604674,"Borderline-Ctrl_logFC,Borderline-Ctrl_Pvalue,Borderline-Ctrl_AdjPValue","Yao K, Tarabra E, Sia D, Morotti R et al. PMID: 35312185",2021,Illumina NovaSeq 6000,Liver,NASH,Human,57,https://www.ncbi.nlm.nih.gov/geo/query/acc.cgi?acc=GSE185051,BulkExpressionProfile,RNAseq,FALSE,FALSE,TRUE,TRUE,,
GSE160016,NA,",00000011111",GSE160016_Liver_GSM4852526;GSE160016_Liver_GSM4852527;GSE160016_Liver_GSM4852528;GSE160016_Liver_GSM4852529;GSE160016_Liver_GSM4852530;GSE160016_Liver_GSM4852531;GSE160016_Liver_GSM4852532;GSE160016_Liver_GSM4852533;GSE160016_Liver_GSM4852534;GSE160016_Liver_GSM4852535;GSE160016_Liver_GSM4852536,"NAFLD-Ctrl_logFC,NAFLD-Ctrl_Pvalue,NAFLD-Ctrl_AdjPValue",,2021,Illumina NovaSeq 6000,Liver,NASH,Human,11,https://www.ncbi.nlm.nih.gov/geo/query/acc.cgi?acc=GSE160016,BulkExpressionProfile,RNAseq,FALSE,TRUE,TRUE,TRUE,,
GSE150026,NA,",00110011111111000000111100000000111111000000001111,0000000011110011000011110011",GSE150026_Liver_GSM4520807; GSE150026_Liver_GSM4520808; GSE150026_Liver_GSM4520809; GSE150026_Liver_GSM4520810; GSE150026_Liver_GSM4520811; GSE150026_Liver_GSM4520812; GSE150026_Liver_GSM4520813,"Tesamorelin-Ctrl_logFC,Tesamorelin-Ctrl_Pvalue,Tesamorelin-Ctrl_AdjPValue","Fourman LT, Billingsley JM, Agyapong G, Ho Sui SJ et al.  PMID: 32701508",2020,Illumina NovaSeq 6000,Liver,NASH,Human,11,https://www.ncbi.nlm.nih.gov/geo/query/acc.cgi?acc=GSE150026,BulkExpressionProfile,RNAseq,FALSE,TRUE,TRUE,TRUE,,
GSE116250,NA,",00000000000000XXXXXXXXXXXXXXXXXXXXXXXXXXXXXXXXXXXXX1111111111111",GSE116250_Heart_GSM3219558;GSE116250_Heart_GSM3219559;GSE116250_Heart_GSM3219560;GSE116250_Heart_GSM3219561;GSE116250_Heart_GSM3219562;GSE116250_Heart_GSM3219563;GSE116250_Heart_GSM3219564;GSE116250_Heart_GSM3219565;GSE116250_Heart_GSM3219566;GSE116250_Heart_GSM3219567;GSE116250_Heart_GSM3219568;GSE116250_Heart_GSM3219569;GSE116250_Heart_GSM3219570;GSE116250_Heart_GSM3219571;GSE116250_Heart_GSM3219572;GSE116250_Heart_GSM3219573;GSE116250_Heart_GSM3219574;GSE116250_Heart_GSM3219575;GSE116250_Heart_GSM3219576;GSE116250_Heart_GSM3219577;GSE116250_Heart_GSM3219578;GSE116250_Heart_GSM3219579;GSE116250_Heart_GSM3219580;GSE116250_Heart_GSM3219581;GSE116250_Heart_GSM3219582;GSE116250_Heart_GSM3219583;GSE116250_Heart_GSM3219584;GSE116250_Heart_GSM3219585;GSE116250_Heart_GSM3219586;GSE116250_Heart_GSM3219587;GSE116250_Heart_GSM3219588;GSE116250_Heart_GSM3219589;GSE116250_Heart_GSM3219590;GSE116250_Heart_GSM3219591;GSE116250_Heart_GSM3219592;GSE116250_Heart_GSM3219593;GSE116250_Heart_GSM3219594;GSE116250_Heart_GSM3219595;GSE116250_Heart_GSM3219596;GSE116250_Heart_GSM3219597;GSE116250_Heart_GSM3219598;GSE116250_Heart_GSM3219599;GSE116250_Heart_GSM3219600;GSE116250_Heart_GSM3219601;GSE116250_Heart_GSM3219602;GSE116250_Heart_GSM3219603;GSE116250_Heart_GSM3219604;GSE116250_Heart_GSM3219605;GSE116250_Heart_GSM3219606;GSE116250_Heart_GSM3219607;GSE116250_Heart_GSM3219608;GSE116250_Heart_GSM3219609;GSE116250_Heart_GSM3219610;GSE116250_Heart_GSM3219611;GSE116250_Heart_GSM3219612;GSE116250_Heart_GSM3219613;GSE116250_Heart_GSM3219614;GSE116250_Heart_GSM3219615;GSE116250_Heart_GSM3219616;GSE116250_Heart_GSM3219617;GSE116250_Heart_GSM3219618;GSE116250_Heart_GSM3219619;GSE116250_Heart_GSM3219620;GSE116250_Heart_GSM3219621,"IschemicCardiomyopathy-Ctrl_logFC,IschemicCardiomyopathy-Ctrl_Pvalue,IschemicCardiomyopathy-Ctrl_AdjPValue","Sweet ME, Cocciolo A, Slavov D, Jones KL et al. PMID: 30419824",2018,Illumina HiSeq 250,Heart,Heart Failure,Human,64,https://www.ncbi.nlm.nih.gov/geo/query/acc.cgi?acc=GSE116250,BulkExpressionProfile,RNAseq,FALSE,TRUE,TRUE,TRUE,,
GSE116250,NA,",000000000000001111111111111111111111111111111111111XXXXXXXXXXXXX",GSE116250_Heart_GSM3219558;GSE116250_Heart_GSM3219559;GSE116250_Heart_GSM3219560;GSE116250_Heart_GSM3219561;GSE116250_Heart_GSM3219562;GSE116250_Heart_GSM3219563;GSE116250_Heart_GSM3219564;GSE116250_Heart_GSM3219565;GSE116250_Heart_GSM3219566;GSE116250_Heart_GSM3219567;GSE116250_Heart_GSM3219568;GSE116250_Heart_GSM3219569;GSE116250_Heart_GSM3219570;GSE116250_Heart_GSM3219571;GSE116250_Heart_GSM3219572;GSE116250_Heart_GSM3219573;GSE116250_Heart_GSM3219574;GSE116250_Heart_GSM3219575;GSE116250_Heart_GSM3219576;GSE116250_Heart_GSM3219577;GSE116250_Heart_GSM3219578;GSE116250_Heart_GSM3219579;GSE116250_Heart_GSM3219580;GSE116250_Heart_GSM3219581;GSE116250_Heart_GSM3219582;GSE116250_Heart_GSM3219583;GSE116250_Heart_GSM3219584;GSE116250_Heart_GSM3219585;GSE116250_Heart_GSM3219586;GSE116250_Heart_GSM3219587;GSE116250_Heart_GSM3219588;GSE116250_Heart_GSM3219589;GSE116250_Heart_GSM3219590;GSE116250_Heart_GSM3219591;GSE116250_Heart_GSM3219592;GSE116250_Heart_GSM3219593;GSE116250_Heart_GSM3219594;GSE116250_Heart_GSM3219595;GSE116250_Heart_GSM3219596;GSE116250_Heart_GSM3219597;GSE116250_Heart_GSM3219598;GSE116250_Heart_GSM3219599;GSE116250_Heart_GSM3219600;GSE116250_Heart_GSM3219601;GSE116250_Heart_GSM3219602;GSE116250_Heart_GSM3219603;GSE116250_Heart_GSM3219604;GSE116250_Heart_GSM3219605;GSE116250_Heart_GSM3219606;GSE116250_Heart_GSM3219607;GSE116250_Heart_GSM3219608;GSE116250_Heart_GSM3219609;GSE116250_Heart_GSM3219610;GSE116250_Heart_GSM3219611;GSE116250_Heart_GSM3219612;GSE116250_Heart_GSM3219613;GSE116250_Heart_GSM3219614;GSE116250_Heart_GSM3219615;GSE116250_Heart_GSM3219616;GSE116250_Heart_GSM3219617;GSE116250_Heart_GSM3219618;GSE116250_Heart_GSM3219619;GSE116250_Heart_GSM3219620;GSE116250_Heart_GSM3219621,"DilatedCardiomyopathy-Ctrl_logFC,DilatedCardiomyopathy-Ctrl_Pvalue,DilatedCardiomyopathy-Ctrl_AdjPValue","Sweet ME, Cocciolo A, Slavov D, Jones KL et al. PMID: 30419824",2018,Illumina HiSeq 250,Heart,Heart Failure,Human,64,https://www.ncbi.nlm.nih.gov/geo/query/acc.cgi?acc=GSE116250,BulkExpressionProfile,RNAseq,FALSE,FALSE,TRUE,TRUE,,
GSE203160,NA,",111111110000000",GSE203160_Heart_GSM6160840;GSE203160_Heart_GSM6160841;GSE203160_Heart_GSM6160842;GSE203160_Heart_GSM6160843;GSE203160_Heart_GSM6160844;GSE203160_Heart_GSM6160845;GSE203160_Heart_GSM6160846;GSE203160_Heart_GSM6160847;GSE203160_Heart_GSM6160848;GSE203160_Heart_GSM6160849;GSE203160_Heart_GSM6160850;GSE203160_Heart_GSM6160851;GSE203160_Heart_GSM6160852;GSE203160_Heart_GSM6160853;GSE203160_Heart_GSM6160854,"IschemicCardiomyopathy-Ctrl_logFC,IschemicCardiomyopathy-Ctrl_Pvalue,IschemicCardiomyopathy-Ctrl_AdjPValue","Wang C, Taskinen JH, Segersvärd H, Immonen K et al.  PMID: 35783854",2022,Illumina NextSeq 500,Heart,Heart Failure,Human,15,https://www.ncbi.nlm.nih.gov/geo/query/acc.cgi?acc=GSE203160,BulkExpressionProfile,RNAseq,FALSE,TRUE,TRUE,TRUE,,
GSE175764,NA,",1110100010",GSE175764_Heart_GSM5346050;GSE175764_Heart_GSM5346051;GSE175764_Heart_GSM5346052;GSE175764_Heart_GSM5346053;GSE175764_Heart_GSM5346054;GSE175764_Heart_;GSE175764_Heart_GSM5346056;GSE175764_Heart_GSM5346057;GSE175764_Heart_GSM5346058;GSE175764_Heart_GSM5346059,"HeartFailure-Ctrl_logFC,HeartFailure-Ctrl_Pvalue,HeartFailure-Ctrl_AdjPValue",,2022,Illumina NextSeq 500,Heart,Heart Failure,Human,10,https://www.ncbi.nlm.nih.gov/geo/query/acc.cgi?acc=GSE175764,BulkExpressionProfile,RNAseq,FALSE,TRUE,TRUE,TRUE,,
GSE192886,NA,",1111100000",GSE192886_Adipose_GSM5767963;GSE192886_Adipose_GSM5767964;GSE192886_Adipose_GSM5767965;GSE192886_Adipose_GSM5767966;GSE192886_Adipose_GSM5767967;GSE192886_Adipose_GSM5767968;GSE192886_Adipose_GSM5767969;GSE192886_Adipose_GSM5767970;GSE192886_Adipose_GSM5767971;GSE192886_Adipose_GSM5767972,"HFpEF-Ctrl_logFC,HFpEF-Ctrl_Pvalue,HFpEF-Ctrl_AdjPValue",,2022,Illumina NovaSeq 6000,Adipose,Heart Failure,Human,10,https://www.ncbi.nlm.nih.gov/geo/query/acc.cgi?acc=GSE192886,BulkExpressionProfile,RNAseq,FALSE,TRUE,TRUE,TRUE,,
GSE157205,NA,",0000111111",GSE157205_Heart_GSM4758966;GSE157205_Heart_GSM4758967;GSE157205_Heart_GSM4758968;GSE157205_Heart_GSM4758969;GSE157205_Heart_GSM4758970;GSE157205_Heart_GSM4758971;GSE157205_Heart_GSM4758972;GSE157205_Heart_GSM4758973;GSE157205_Heart_GSM4758974;GSE157205_Heart_GSM4758975,"EndStageIschemicHeartDisease-Ctrl_logFC,EndStageIschemicHeartDisease-Ctrl_Pvalue,EndStageIschemicHeartDisease-Ctrl_AdjPValue","Rolle IG, Crivellari I, Zanello A, Mazzega E et al. PMID: 33159916",2021,Illumina NextSeq 500 ,Cardiac stromal,Heart Failure,Human,10,https://www.ncbi.nlm.nih.gov/geo/query/acc.cgi?acc=GSE157205,BulkExpressionProfile,RNAseq,FALSE,TRUE,TRUE,TRUE,,
GSE155495,NA,000111111XXX,GSE155495_Heart_GSM4705298;GSE155495_Heart_GSM4705299;GSE155495_Heart_GSM4705300;GSE155495_Heart_GSM4705301;GSE155495_Heart_GSM4705302;GSE155495_Heart_GSM4705303;GSE155495_Heart_GSM4705304;GSE155495_Heart_GSM4705305;GSE155495_Heart_GSM4705306;GSE155495_Heart_GSM4705307;GSE155495_Heart_GSM4705308;GSE155495_Heart_GSM4705309,"DilatedCardiomyopathyAndHeartFailure-Ctrl_logFC,DilatedCardiomyopathyAndHeartFailure-Ctrl_Pvalue,DilatedCardiomyopathyAndHeartFailure-Ctrl_AdjPValue","Perestrelo AR, Silva AC, Oliver-De La Cruz J, Martino F et al.  PMID: 33106094",2021,NextSeq 550,Cardiac Fibroblasts,Heart Failure,Human,12,https://www.ncbi.nlm.nih.gov/geo/query/acc.cgi?acc=GSE155495,BulkExpressionProfile,RNAseq,FALSE,TRUE,TRUE,TRUE,,
GSE147236,NA,",00011110001111",GSE147236_Heart_GSM4421321;GSE147236_Heart_GSM4421322;GSE147236_Heart_GSM4421323;GSE147236_Heart_GSM4421324;GSE147236_Heart_GSM4421325;GSE147236_Heart_GSM4421326;GSE147236_Heart_GSM4421327;GSE147236_Heart_GSM4421328;GSE147236_Heart_GSM4421329;GSE147236_Heart_GSM4421330;GSE147236_Heart_GSM4421331;GSE147236_Heart_GSM4421332;GSE147236_Heart_GSM4421333;GSE147236_Heart_GSM4421334,"HeartFailure-Ctrl_logFC,HeartFailure-Ctrl_Pvalue,HeartFailure-Ctrl_AdjPValue","Gacita AM, Dellefave-Castillo L, Page PGT, Barefield DY et al. PMID: 32993371",2021,Illumina NextSeq 500/Illumina HiSeq 4000,Heart,Heart Failure,Human,14,https://www.ncbi.nlm.nih.gov/geo/query/acc.cgi?acc=GSE147236,BulkExpressionProfile,RNAseq,FALSE,TRUE,TRUE,TRUE,,
GSE143319,NA,000000000000000111111111111111XXXXXXXXXXXXXXXXXXXX,GSE143319_LIVER_GSM4257063;GSE143319_LIVER_GSM4257064;GSE143319_LIVER_GSM4257065;GSE143319_LIVER_GSM4257066;GSE143319_LIVER_GSM4257067;GSE143319_LIVER_GSM4257068;GSE143319_LIVER_GSM4257069;GSE143319_LIVER_GSM4257070;GSE143319_LIVER_GSM4257071;GSE143319_LIVER_GSM4257072;GSE143319_LIVER_GSM4257073;GSE143319_LIVER_GSM4257074;GSE143319_LIVER_GSM4257075;GSE143319_LIVER_GSM4257076;GSE143319_LIVER_GSM4257077;GSE143319_LIVER_GSM4257078;GSE143319_LIVER_GSM4257079;GSE143319_LIVER_GSM4257080;GSE143319_LIVER_GSM4257081;GSE143319_LIVER_GSM4257082;GSE143319_LIVER_GSM4257083;GSE143319_LIVER_GSM4257084;GSE143319_LIVER_GSM4257085;GSE143319_LIVER_GSM4257086;GSE143319_LIVER_GSM4257087;GSE143319_LIVER_GSM4257088;GSE143319_LIVER_GSM4257089;GSE143319_LIVER_GSM4257090;GSE143319_LIVER_GSM4257091;GSE143319_LIVER_GSM4257092;GSE143319_LIVER_GSM4257093;GSE143319_LIVER_GSM4257094;GSE143319_LIVER_GSM4257095;GSE143319_LIVER_GSM4257096;GSE143319_LIVER_GSM4257097;GSE143319_LIVER_GSM4257098;GSE143319_LIVER_GSM4257099;GSE143319_LIVER_GSM4257100;GSE143319_LIVER_GSM4257101;GSE143319_LIVER_GSM4257102;GSE143319_LIVER_GSM4257103;GSE143319_LIVER_GSM4257104;GSE143319_LIVER_GSM4257105;GSE143319_LIVER_GSM4257106;GSE143319_LIVER_GSM4257107;GSE143319_LIVER_GSM4257108;GSE143319_LIVER_GSM4257109;GSE143319_LIVER_GSM4257110;GSE143319_LIVER_GSM4257111;GSE143319_LIVER_GSM4257112,"MetabolicallyUnhealthyObese-MetabolicallyHealthyObese_logFC,MetabolicallyUnhealthyObese-MetabolicallyHealthyObese_Pvalue,MetabolicallyUnhealthyObese-MetabolicallyHealthyObese_AdjPValue","Ding X, Iyer R, Novotny C, Metzger D et al. PMID: 32099031",2020,Illumina HiSeq 4000,Liver,NASH,Human,50,https://www.ncbi.nlm.nih.gov/geo/query/acc.cgi?acc=GSE143319,BulkExpressionProfile,RNAseq,FALSE,TRUE,TRUE,TRUE,,
GSE143319,NA,XXXXXXXXXXXXXXXXXXXXXXXXXXXXXX01010101010101010101,GSE143319_LIVER_GSM4257063;GSE143319_LIVER_GSM4257064;GSE143319_LIVER_GSM4257065;GSE143319_LIVER_GSM4257066;GSE143319_LIVER_GSM4257067;GSE143319_LIVER_GSM4257068;GSE143319_LIVER_GSM4257069;GSE143319_LIVER_GSM4257070;GSE143319_LIVER_GSM4257071;GSE143319_LIVER_GSM4257072;GSE143319_LIVER_GSM4257073;GSE143319_LIVER_GSM4257074;GSE143319_LIVER_GSM4257075;GSE143319_LIVER_GSM4257076;GSE143319_LIVER_GSM4257077;GSE143319_LIVER_GSM4257078;GSE143319_LIVER_GSM4257079;GSE143319_LIVER_GSM4257080;GSE143319_LIVER_GSM4257081;GSE143319_LIVER_GSM4257082;GSE143319_LIVER_GSM4257083;GSE143319_LIVER_GSM4257084;GSE143319_LIVER_GSM4257085;GSE143319_LIVER_GSM4257086;GSE143319_LIVER_GSM4257087;GSE143319_LIVER_GSM4257088;GSE143319_LIVER_GSM4257089;GSE143319_LIVER_GSM4257090;GSE143319_LIVER_GSM4257091;GSE143319_LIVER_GSM4257092;GSE143319_LIVER_GSM4257093;GSE143319_LIVER_GSM4257094;GSE143319_LIVER_GSM4257095;GSE143319_LIVER_GSM4257096;GSE143319_LIVER_GSM4257097;GSE143319_LIVER_GSM4257098;GSE143319_LIVER_GSM4257099;GSE143319_LIVER_GSM4257100;GSE143319_LIVER_GSM4257101;GSE143319_LIVER_GSM4257102;GSE143319_LIVER_GSM4257103;GSE143319_LIVER_GSM4257104;GSE143319_LIVER_GSM4257105;GSE143319_LIVER_GSM4257106;GSE143319_LIVER_GSM4257107;GSE143319_LIVER_GSM4257108;GSE143319_LIVER_GSM4257109;GSE143319_LIVER_GSM4257110;GSE143319_LIVER_GSM4257111;GSE143319_LIVER_GSM4257112,"PostWeightLoss-PreWeightLoss_logFC,PostWeightLoss-PreWeightLoss_Pvalue,PostWeightLoss-PreWeightLoss_AdjPValue","Ding X, Iyer R, Novotny C, Metzger D et al. PMID: 32099031",2020,Illumina HiSeq 4000,Liver,NASH,Human,50,https://www.ncbi.nlm.nih.gov/geo/query/acc.cgi?acc=GSE143319,BulkExpressionProfile,RNAseq,FALSE,FALSE,TRUE,TRUE,,
GSE134422,NA,00011XX,GSE134422_Liver_GSM3946327;GSE134422_Liver_GSM3946328;GSE134422_Liver_GSM3946329;GSE134422_Liver_GSM3946330;GSE134422_Liver_GSM3946331;GSE134422_Liver_GSM3946332;GSE134422_Liver_GSM3946333,"NASH-Ctrl_logFC,NASH-Ctrl_Pvalue,NASH-Ctrl_AdjPValue","Florentino RM, Fraunhoffer NA, Morita K, Takeishi K et al.  PMID: 32490322",2020,Illumina NextSeq 500,Liver,NASH,Human,7,https://www.ncbi.nlm.nih.gov/geo/query/acc.cgi?acc=GSE134422,BulkExpressionProfile,RNAseq,FALSE,TRUE,TRUE,TRUE,,
GSE134422,NA,000XX11,GSE134422_Liver_GSM3946327;GSE134422_Liver_GSM3946328;GSE134422_Liver_GSM3946329;GSE134422_Liver_GSM3946330;GSE134422_Liver_GSM3946331;GSE134422_Liver_GSM3946332;GSE134422_Liver_GSM3946333,"AlcoholicCirrhosis-Ctrl_logFC,AlcoholicCirrhosis-Ctrl_Pvalue,AlcoholicCirrhosis-Ctrl_AdjPValue","Florentino RM, Fraunhoffer NA, Morita K, Takeishi K et al.  PMID: 32490322",2020,Illumina NextSeq 500,Liver,NASH,Human,7,https://www.ncbi.nlm.nih.gov/geo/query/acc.cgi?acc=GSE134422,BulkExpressionProfile,RNAseq,FALSE,FALSE,TRUE,TRUE,,
GSE228094,NA,000111111XXXXXXXXXXX,NA,"AdipocyteCoCulture-AdipocyteMonoculture_logFC,AdipocyteCoCulture-AdipocyteMonoculture_Pvalue,AdipocyteCoCulture-AdipocyteMonoculture_AdjPValue","Qi L, Matsuo K, Pereira A, Lee YT et al.  PMID: 37104853",2023,Illumina NovaSeq 6000,Adipose,Obesity,Human,20,https://www.ncbi.nlm.nih.gov/geo/query/acc.cgi?acc=GSE228094,BulkExpressionProfile,RNAseq,FALSE,TRUE,TRUE,TRUE,,
GSE228094,NA,XXXXXXXXX00000111111,NA,"MonocyteCoCulture-MonocyteMonoculture_logFC,MonocyteCoCulture-MonocyteMonoculture_Pvalue,MonocyteCoCulture-MonocyteMonoculture_AdjPValue","Qi L, Matsuo K, Pereira A, Lee YT et al.  PMID: 37104853",2023,Illumina NovaSeq 6000,Adipose,Obesity,Human,20,https://www.ncbi.nlm.nih.gov/geo/query/acc.cgi?acc=GSE228094,BulkExpressionProfile,RNAseq,FALSE,FALSE,TRUE,TRUE,,
GSE198391,NA,00XX11XXXXXXXXXXXXXXXXXXXXXXXXXX,NA,"Stage1PalmitateNormalWeight-Ctrl_logFC,Stage1PalmitateNormalWeight-Ctrl_Pvalue,Stage1PalmitateNormalWeight-Ctrl_AdjPValue","Varghese DS, Alawathugoda TT, Sheikh MA, Challagandla AK et al. PMID: 35915082",2022,Illumina NextSeq 500,Adipose,Obesity,Human,32,https://www.ncbi.nlm.nih.gov/geo/query/acc.cgi?acc=GSE198391,BulkExpressionProfile,RNAseq,FALSE,TRUE,TRUE,TRUE,,
GSE198391,NA,XXXXXXXX00XX11XXXXXXXXXXXXXXXXXX,NA,"Stage2PalmitateNormalWeight-Ctrl_logFC,Stage2PalmitateNormalWeight-Ctrl_Pvalue,Stage2PalmitateNormalWeight-Ctrl_AdjPValue","Varghese DS, Alawathugoda TT, Sheikh MA, Challagandla AK et al. PMID: 35915082",2022,Illumina NextSeq 500,Adipose,Obesity,Human,32,https://www.ncbi.nlm.nih.gov/geo/query/acc.cgi?acc=GSE198391,BulkExpressionProfile,RNAseq,FALSE,FALSE,TRUE,TRUE,,
GSE198391,NA,XXXXXXXXXXXXXXXX00XX11XXXXXXXXXX,NA,"Stage3PalmitateNormalWeight-Ctrl_logFC,Stage3PalmitateNormalWeight-Ctrl_Pvalue,Stage3PalmitateNormalWeight-Ctrl_AdjPValue","Varghese DS, Alawathugoda TT, Sheikh MA, Challagandla AK et al. PMID: 35915082",2022,Illumina NextSeq 500,Adipose,Obesity,Human,32,https://www.ncbi.nlm.nih.gov/geo/query/acc.cgi?acc=GSE198391,BulkExpressionProfile,RNAseq,FALSE,FALSE,TRUE,TRUE,,
GSE198391,NA,XX00XX11XXXXXXXXXXXXXXXXXXXXXXXX,NA,"Stage1PalmitateObese-Ctrl_logFC,Stage1PalmitateObese-Ctrl_Pvalue,Stage1PalmitateObese-Ctrl_AdjPValue","Varghese DS, Alawathugoda TT, Sheikh MA, Challagandla AK et al. PMID: 35915082",2022,Illumina NextSeq 500,Adipose,Obesity,Human,32,https://www.ncbi.nlm.nih.gov/geo/query/acc.cgi?acc=GSE198391,BulkExpressionProfile,RNAseq,FALSE,FALSE,TRUE,TRUE,,
GSE198391,NA,XXXXXXXXXX00XX11XXXXXXXXXXXXXXXX,NA,"Stage2PalmitateObese-Ctrl_logFC,Stage2PalmitateObese-Ctrl_Pvalue,Stage2PalmitateObese-Ctrl_AdjPValue","Varghese DS, Alawathugoda TT, Sheikh MA, Challagandla AK et al. PMID: 35915082",2022,Illumina NextSeq 500,Adipose,Obesity,Human,32,https://www.ncbi.nlm.nih.gov/geo/query/acc.cgi?acc=GSE198391,BulkExpressionProfile,RNAseq,FALSE,FALSE,TRUE,TRUE,,
GSE198391,NA,0011XXXXXXXXXXXXXXXXXXXXXXXXXXXX,NA,"ObeseStage1-Ctrl1_logFC,ObeseStage1-NormalWeightStage1_Pvalue,ObeseStage1-NormalWeightStage1_AdjPValue","Varghese DS, Alawathugoda TT, Sheikh MA, Challagandla AK et al. PMID: 35915082",2022,Illumina NextSeq 500,Adipose,Obesity,Human,32,https://www.ncbi.nlm.nih.gov/geo/query/acc.cgi?acc=GSE198391,BulkExpressionProfile,RNAseq,FALSE,FALSE,TRUE,TRUE,,
GSE198391,NA,XXXXXXXX0011XXXXXXXXXXXXXXXXXXXX,NA,"ObeseStage2-Ctrl2_logFC,ObeseStage2-NormalWeightStage2_Pvalue,ObeseStage2-NormalWeightStage2_AdjPValue","Varghese DS, Alawathugoda TT, Sheikh MA, Challagandla AK et al. PMID: 35915082",2022,Illumina NextSeq 500,Adipose,Obesity,Human,32,https://www.ncbi.nlm.nih.gov/geo/query/acc.cgi?acc=GSE198391,BulkExpressionProfile,RNAseq,FALSE,FALSE,TRUE,TRUE,,
GSE198391,NA,XXXXXXXXXXXXXXXX0011XXXXXXXXXXXX,NA,"ObeseStage3-Ctrl3_logFC,ObeseStage3-NormalWeightStage3_Pvalue,ObeseStage3-NormalWeightStage3_AdjPValue","Varghese DS, Alawathugoda TT, Sheikh MA, Challagandla AK et al. PMID: 35915082",2022,Illumina NextSeq 500,Adipose,Obesity,Human,32,https://www.ncbi.nlm.nih.gov/geo/query/acc.cgi?acc=GSE198391,BulkExpressionProfile,RNAseq,FALSE,FALSE,TRUE,TRUE,,
GSE198391,NA,XXXXXXXXXXXXXXXXXXXXXXXX0011XXXX,NA,"ObeseStage4-Ctrl4_logFC,ObeseStage4-NormalWeightStage4_Pvalue,ObeseStage4-NormalWeightStage4_AdjPValue","Varghese DS, Alawathugoda TT, Sheikh MA, Challagandla AK et al. PMID: 35915082",2022,Illumina NextSeq 500,Adipose,Obesity,Human,32,https://www.ncbi.nlm.nih.gov/geo/query/acc.cgi?acc=GSE198391,BulkExpressionProfile,RNAseq,FALSE,FALSE,TRUE,TRUE,,
GSE198391,NA,XXXX0011XXXXXXXXXXXXXXXXXXXXXXXX,NA,"ObeseStage1Palmitate-NormalWeightStage1Palmitate_logFC,ObeseStage1Palmitate-NormalWeightStage1Palmitate_Pvalue,ObeseStage1Palmitate-NormalWeightStage1Palmitate_AdjPValue","Varghese DS, Alawathugoda TT, Sheikh MA, Challagandla AK et al. PMID: 35915082",2022,Illumina NextSeq 500,Adipose,Obesity,Human,32,https://www.ncbi.nlm.nih.gov/geo/query/acc.cgi?acc=GSE198391,BulkExpressionProfile,RNAseq,FALSE,FALSE,TRUE,TRUE,,
GSE198391,NA,XXXXXXXXXXXXXXXXXXXX0011XXXXXXXX,NA,"ObeseStage3Palmitate-NormalWeightStage3Palmitate_logFC,ObeseStage3Palmitate-NormalWeightStage3Palmitate_Pvalue,ObeseStage3Palmitate-NormalWeightStage3Palmitate_AdjPValue","Varghese DS, Alawathugoda TT, Sheikh MA, Challagandla AK et al. PMID: 35915082",2022,Illumina NextSeq 500,Adipose,Obesity,Human,32,https://www.ncbi.nlm.nih.gov/geo/query/acc.cgi?acc=GSE198391,BulkExpressionProfile,RNAseq,FALSE,FALSE,TRUE,TRUE,,
GSE198391,NA,XXXXXXXXXXXXXXXXXXXXXXXXXXXX0011,NA,"ObeseStage4Palmitate-NormalWeightStage4Palmitate_logFC,ObeseStage4Palmitate-NormalWeightStage4Palmitate_Pvalue,ObeseStage4Palmitate-NormalWeightStage4Palmitate_AdjPValue","Varghese DS, Alawathugoda TT, Sheikh MA, Challagandla AK et al. PMID: 35915082",2022,Illumina NextSeq 500,Adipose,Obesity,Human,32,https://www.ncbi.nlm.nih.gov/geo/query/acc.cgi?acc=GSE198391,BulkExpressionProfile,RNAseq,FALSE,FALSE,TRUE,TRUE,,
GSE186509,NA,000000001111111XXXXXXXXXXXXXXXXXXXXX00001111XXXX,NA,"DentatoniumBenzoateTAS2R43Pos-CtrlTAS2R43Pos_logFC,DentatoniumBenzoateTAS2R43Pos-CtrlTAS2R43Pos_Pvalue,DentatoniumBenzoateTAS2R43Pos-CtrlTAS2R43Pos_AdjPValue","Liszt KI, Wang Q, Farhadipour M, Segers A et al. PMID: 34784295",2021,Illumina HiSeq 4000,jejunal crypts,Obesity,Human,48,https://www.ncbi.nlm.nih.gov/geo/query/acc.cgi?acc=GSE186509,BulkExpressionProfile,RNAseq,FALSE,TRUE,TRUE,TRUE,,
GSE186509,NA,00000000XXXXXXX111111XXXXXXXXXXXXXXX0000XXXX1111,NA,"AloinTAS2R43Pos-CtrlTAS2R43Pos_logFC,AloinTAS2R43Pos-CtrlTAS2R43Pos_Pvalue,AloinTAS2R43Pos-CtrlTAS2R43Pos_AdjPValue","Liszt KI, Wang Q, Farhadipour M, Segers A et al. PMID: 34784295",2021,Illumina HiSeq 4000,jejunal crypts,Obesity,Human,48,https://www.ncbi.nlm.nih.gov/geo/query/acc.cgi?acc=GSE186509,BulkExpressionProfile,RNAseq,FALSE,FALSE,TRUE,TRUE,,
GSE186509,NA,XXXXXXXXXXXXXXXXXXXXX00000111111XXXXXXXXXXXXXXXX,NA,"DentatoniumBenzoateTAS2R43Neg-CtrlTAS2R43Neg_logFC,DentatoniumBenzoateTAS2R43Neg-CtrlTAS2R43Neg_Pvalue,DentatoniumBenzoateTAS2R43Neg-CtrlTAS2R43Neg_AdjPValue","Liszt KI, Wang Q, Farhadipour M, Segers A et al. PMID: 34784295",2021,Illumina HiSeq 4000,jejunal crypts,Obesity,Human,48,https://www.ncbi.nlm.nih.gov/geo/query/acc.cgi?acc=GSE186509,BulkExpressionProfile,RNAseq,FALSE,FALSE,TRUE,TRUE,,
GSE179921,NA,0011XXXX,NA,"TCL7L2siRNA-Ctrl_logFC,TCL7L2siRNA-Ctrl_Pvalue,TCL7L2siRNA-Ctrl_AdjPValue","Liu D, Nguyen TTL, Gao H, Huang H et al.  PMID: 34535768",2021,Illumina HiSeq 4000,Astrocytes,Obesity,Human,8,https://www.ncbi.nlm.nih.gov/geo/query/acc.cgi?acc=GSE179921,BulkExpressionProfile,RNAseq,FALSE,TRUE,TRUE,TRUE,,
GSE141432,NA,11100X0X0X00X10X1101X10XX,NA,"ObeseNGT-Lean_logFC,ObeseNGT-Lean_Pvalue,ObeseNGT-Lean_AdjPValue","Fryk E, Olausson J, Mossberg K, Strindberg L et al. PMID: 33712379",2021,Illumina NextSeq 500,Adipose,Obesity,Human,25,https://www.ncbi.nlm.nih.gov/geo/query/acc.cgi?acc=GSE141432,BulkExpressionProfile,RNAseq,FALSE,TRUE,TRUE,TRUE,,
GSE141432,NA,XXX0010101001X01XX0X1X011,NA,"ObeseT2D-Lean_logFC,ObeseT2D-Lean_Pvalue,ObeseT2D-Lean_AdjPValue","Fryk E, Olausson J, Mossberg K, Strindberg L et al. PMID: 33712379",2021,Illumina NextSeq 500,Adipose,Obesity,Human,25,https://www.ncbi.nlm.nih.gov/geo/query/acc.cgi?acc=GSE141432,BulkExpressionProfile,RNAseq,FALSE,FALSE,TRUE,TRUE,,
GSE141432,NA,11100X0X0XX0XX0XX1XXXXXXX,NA,"ObeseNGTFemale-LeanFemale_logFC,ObeseNGTFemale-LeanFemale_Pvalue,ObeseNGTFemale-LeanFemale_AdjPValue","Fryk E, Olausson J, Mossberg K, Strindberg L et al. PMID: 33712379",2021,Illumina NextSeq 500,Adipose,Obesity,Human,25,https://www.ncbi.nlm.nih.gov/geo/query/acc.cgi?acc=GSE141432,BulkExpressionProfile,RNAseq,FALSE,FALSE,TRUE,TRUE,,
GSE141432,NA,XXX0010101X0XX01XXXXXXXXX,NA,"ObeseT2DFemale-LeanFemale_logFC,ObeseT2DFemale-LeanFemale_Pvalue,ObeseT2DFemale-LeanFemale_AdjPValue","Fryk E, Olausson J, Mossberg K, Strindberg L et al. PMID: 33712379",2021,Illumina NextSeq 500,Adipose,Obesity,Human,25,https://www.ncbi.nlm.nih.gov/geo/query/acc.cgi?acc=GSE141432,BulkExpressionProfile,RNAseq,FALSE,FALSE,TRUE,TRUE,,
GSE141432,NA,XXXXXXXXXX0XX1XX1X01X10XX,NA,"ObeseNGTMale-LeanMale_logFC,ObeseNGTMale-LeanMale_Pvalue,ObeseNGTMale-LeanMale_AdjPValue","Fryk E, Olausson J, Mossberg K, Strindberg L et al. PMID: 33712379",2021,Illumina NextSeq 500,Adipose,Obesity,Human,25,https://www.ncbi.nlm.nih.gov/geo/query/acc.cgi?acc=GSE141432,BulkExpressionProfile,RNAseq,FALSE,FALSE,TRUE,TRUE,,
GSE141432,NA,XXXXXXXXXX0X1XXXXX0X1X011,NA,"ObeseT2DMale-LeanMale_logFC,ObeseT2DMale-LeanMale_Pvalue,ObeseT2DMale-LeanMale_AdjPValue","Fryk E, Olausson J, Mossberg K, Strindberg L et al. PMID: 33712379",2021,Illumina NextSeq 500,Adipose,Obesity,Human,25,https://www.ncbi.nlm.nih.gov/geo/query/acc.cgi?acc=GSE141432,BulkExpressionProfile,RNAseq,FALSE,FALSE,TRUE,TRUE,,
GSE95640,NA,"00000000000000000000000001111111111111111111111111,11111110001111111110000000000000001100000000000000,00000000000111111111111111111111111111000001110101,01000000000111111111000000010000111111111110000000,00000000000000000000000011111111100000011111111111,11111111111111110000000000011010100000000000000000,00000000000011111111111111111111111111111111111111,00000000000000011111111111111101",NA,"CalorieRestriction-Ctrl_logFC,CalorieRestriction-Ctrl_Pvalue,CalorieRestriction-Ctrl_AdjPValue","Oghabian A, van der Kolk BW, Marttinen P, Valsesia A et al. PMID: 36992941",2018,Illumina HiSeq 2000 ,Adipose,Obesity,Human,382,https://www.ncbi.nlm.nih.gov/geo/query/acc.cgi?acc=GSE95640,BulkExpressionProfile,RNAseq,FALSE,TRUE,TRUE,TRUE,,
GSE95640,NA,"X0X000X00000X000X0XX000X01X11XX11X1XX11X111X1XXX11,X1X111XXX0X1X1111X100XXXX00X0X0X0011XXX00000X0XX00,00000X0X0X0XXX1111111X1X111X1X11XXX1X1000X01110101,010X0X000001X1X1111100000XXX000011111XX1111X00000X,0XXX0X0XX0XX0000X0X0X000X111111X10XXX0XXXX1XX1XX1X,X111111X111XXX1XXX000X00XXXXXXXXX000X000X000X0XXX0,XX0X000000X0111X11XXX111X111X111X1XXX1XX1X111111X1,0X000X00000X00X1X111X11111X11X01",NA,"CalorieRestrictionFemale-CtrlFemale_logFC,CalorieRestrictionFemale-CtrlFemale_Pvalue,CalorieRestrictionFemale-CtrlFemale_AdjPValue","Oghabian A, van der Kolk BW, Marttinen P, Valsesia A et al. PMID: 36992941",2018,Illumina HiSeq 2000 ,Adipose,Obesity,Human,382,https://www.ncbi.nlm.nih.gov/geo/query/acc.cgi?acc=GSE95640,BulkExpressionProfile,RNAseq,FALSE,FALSE,TRUE,TRUE,,
GSE95640,NA,"0X0XXX0XXXXX0XXX0X00XXX0XX1XX11XX1X11XX1XXX1X111XX,1X1XXX100X1X1XXXX1XXX0000XX0X0X0XXXX000XXXXX0X00XX,XXXXX0X0X0X111XXXXXXX1X1XXXXX1XX111X1XXXX0XXXXXXXX,XXX0X0XXXXXX1X1XXXXXXXXXX001XXXXXXXXX11XXXX0XXXXX0,X000X0X00X00XXXX0X0X0XXX1XXXXXX1XX000X0111X11X11X1,1XXXXXX1XXX111XX00XXX0XX000110101XXX0XXX0XXX0X000X,00X0XXXXXX0XXXX1XX111XXX1XXX1XXX1X111X11X1XXXXXX1X,X0XXX0XXXXX0XX0X1XXX1XXXXX1XX1XX",NA,"CalorieRestrictionMale-CtrlMale_logFC,CalorieRestrictionMale-CtrlMale_Pvalue,CalorieRestrictionMale-CtrlMale_AdjPValue","Oghabian A, van der Kolk BW, Marttinen P, Valsesia A et al. PMID: 36992941",2018,Illumina HiSeq 2000 ,Adipose,Obesity,Human,382,https://www.ncbi.nlm.nih.gov/geo/query/acc.cgi?acc=GSE95640,BulkExpressionProfile,RNAseq,FALSE,FALSE,TRUE,TRUE,,
PMID33118835,NA,NA,NA,HFpEF_Normal,NA,2020,NA,Heart,Heart Failure,Human,151,NA,BulkExpressionProfile,RNAseq,TRUE,TRUE,FALSE,NA,,
PMID33118835,NA,NA,NA,HFrEF_Normal,NA,2020,NA,Heart,Heart Failure,Human,151,NA,BulkExpressionProfile,RNAseq,TRUE,FALSE,FALSE,NA,,
PXD005847,NA,NA,NA,NA,NA,2018,NA,Serum,NASH,Human,45,http://proteomecentral.proteomexchange.org/cgi/GetDataset?ID=PXD005847,Proteomic,Mass Spectrometry,NA,NA,NA,NA,,
PXD008934,NA,NA,NA,NA,NA,2018,NA,Heart,Heart Failure,Human,34,http://proteomecentral.proteomexchange.org/cgi/GetDataset?ID=PXD008934,Proteomic,Mass Spectrometry,NA,NA,NA,NA,,
PXD011839,NA,NA,NA,NA,NA,2019,NA,Plasma,NASH,Human,72,http://proteomecentral.proteomexchange.org/cgi/GetDataset?ID=PXD011839,Proteomic,Mass Spectrometry,NA,NA,NA,NA,,
PXD022545,NA,NA,NA,NA,NA,2021,NA,Eye,AMD,Human,6,http://proteomecentral.proteomexchange.org/cgi/GetDataset?ID=PXD022545,Proteomic,Mass Spectrometry,NA,NA,NA,NA,,
PXD029200,NA,NA,NA,NA,NA,2021,NA,Liver,NASH,Human,27,http://proteomecentral.proteomexchange.org/cgi/GetDataset?ID=PXD029200,Proteomic,Mass Spectrometry,NA,NA,NA,NA,,
PXD030764,NA,NA,NA,NA,NA,2022,NA,Liver,NASH,Human,66,http://proteomecentral.proteomexchange.org/cgi/GetDataset?ID=PXD030764,Proteomic,Mass Spectrometry,NA,NA,NA,NA,,
PMID36535927,NA,NA,NA,ObesitywithT2D_vs_withoutT2D,NA,2022,Infinium Human Methylation EPIC BeadChip Arrays (850?K),Adipose,Obesity,Human,19,NA,MethylationArray,Bisulfite Sequencing,NA,NA,NA,NA,,
PMID35692099,NA,NA,NA,healtylifestyle_vs_unhealthylifestyles,NA,2022,Illumina HumanMethylation850 Bead Chips,Blood,Obesity,Human,98,NA,Metylation,Bisulfite Sequencing,NA,NA,NA,NA,,
PXD024734,NA,NA,NA,NA,NA,2021,NA,Adipose,Obesity,Human,48,https://proteomecentral.proteomexchange.org/cgi/GetDataset?ID=PXD024734,Proteomic,Mass Spectrometry,NA,NA,NA,NA,,
PXD011563,NA,NA,NA,NA,NA,2019,NA,Microparticle,Obesity,Human,26,https://proteomecentral.proteomexchange.org/cgi/GetDataset?ID=PXD011563,Proteomic,Mass Spectrometry,NA,NA,NA,NA,,
